match_id,season,start_date,venue,innings,ball,batting_team,bowling_team,striker,non_striker,bowler,runs_off_bat,extras,wides,noballs,byes,legbyes,penalty,wicket_type,player_dismissed,other_wicket_type,other_player_dismissed
548380,2012,2012-05-25,"MA Chidambaram Stadium, Chepauk",1,0.1,Chennai Super Kings,Delhi Daredevils,M Vijay,MEK Hussey,Sunny Gupta,4,0,,,,,,,,,
548380,2012,2012-05-25,"MA Chidambaram Stadium, Chepauk",1,0.2,Chennai Super Kings,Delhi Daredevils,M Vijay,MEK Hussey,Sunny Gupta,4,0,,,,,,,,,
548380,2012,2012-05-25,"MA Chidambaram Stadium, Chepauk",1,0.3,Chennai Super Kings,Delhi Daredevils,M Vijay,MEK Hussey,Sunny Gupta,1,0,,,,,,,,,
548380,2012,2012-05-25,"MA Chidambaram Stadium, Chepauk",1,0.4,Chennai Super Kings,Delhi Daredevils,MEK Hussey,M Vijay,Sunny Gupta,1,0,,,,,,,,,
548380,2012,2012-05-25,"MA Chidambaram Stadium, Chepauk",1,0.5,Chennai Super Kings,Delhi Daredevils,M Vijay,MEK Hussey,Sunny Gupta,1,0,,,,,,,,,
548380,2012,2012-05-25,"MA Chidambaram Stadium, Chepauk",1,0.6,Chennai Super Kings,Delhi Daredevils,MEK Hussey,M Vijay,Sunny Gupta,1,0,,,,,,,,,
548380,2012,2012-05-25,"MA Chidambaram Stadium, Chepauk",1,1.1,Chennai Super Kings,Delhi Daredevils,MEK Hussey,M Vijay,UT Yadav,0,0,,,,,,,,,
548380,2012,2012-05-25,"MA Chidambaram Stadium, Chepauk",1,1.2,Chennai Super Kings,Delhi Daredevils,MEK Hussey,M Vijay,UT Yadav,4,0,,,,,,,,,
548380,2012,2012-05-25,"MA Chidambaram Stadium, Chepauk",1,1.3,Chennai Super Kings,Delhi Daredevils,MEK Hussey,M Vijay,UT Yadav,0,0,,,,,,,,,
548380,2012,2012-05-25,"MA Chidambaram Stadium, Chepauk",1,1.4,Chennai Super Kings,Delhi Daredevils,MEK Hussey,M Vijay,UT Yadav,1,0,,,,,,,,,
548380,2012,2012-05-25,"MA Chidambaram Stadium, Chepauk",1,1.5,Chennai Super Kings,Delhi Daredevils,M Vijay,MEK Hussey,UT Yadav,1,0,,,,,,,,,
548380,2012,2012-05-25,"MA Chidambaram Stadium, Chepauk",1,1.6,Chennai Super Kings,Delhi Daredevils,MEK Hussey,M Vijay,UT Yadav,1,0,,,,,,,,,
548380,2012,2012-05-25,"MA Chidambaram Stadium, Chepauk",1,2.1,Chennai Super Kings,Delhi Daredevils,MEK Hussey,M Vijay,AD Russell,0,0,,,,,,,,,
548380,2012,2012-05-25,"MA Chidambaram Stadium, Chepauk",1,2.2,Chennai Super Kings,Delhi Daredevils,MEK Hussey,M Vijay,AD Russell,0,0,,,,,,,,,
548380,2012,2012-05-25,"MA Chidambaram Stadium, Chepauk",1,2.3,Chennai Super Kings,Delhi Daredevils,MEK Hussey,M Vijay,AD Russell,0,0,,,,,,,,,
548380,2012,2012-05-25,"MA Chidambaram Stadium, Chepauk",1,2.4,Chennai Super Kings,Delhi Daredevils,MEK Hussey,M Vijay,AD Russell,1,0,,,,,,,,,
548380,2012,2012-05-25,"MA Chidambaram Stadium, Chepauk",1,2.5,Chennai Super Kings,Delhi Daredevils,M Vijay,MEK Hussey,AD Russell,4,0,,,,,,,,,
548380,2012,2012-05-25,"MA Chidambaram Stadium, Chepauk",1,2.6,Chennai Super Kings,Delhi Daredevils,M Vijay,MEK Hussey,AD Russell,1,0,,,,,,,,,
548380,2012,2012-05-25,"MA Chidambaram Stadium, Chepauk",1,3.1,Chennai Super Kings,Delhi Daredevils,M Vijay,MEK Hussey,UT Yadav,4,0,,,,,,,,,
548380,2012,2012-05-25,"MA Chidambaram Stadium, Chepauk",1,3.2,Chennai Super Kings,Delhi Daredevils,M Vijay,MEK Hussey,UT Yadav,1,0,,,,,,,,,
548380,2012,2012-05-25,"MA Chidambaram Stadium, Chepauk",1,3.3,Chennai Super Kings,Delhi Daredevils,MEK Hussey,M Vijay,UT Yadav,0,0,,,,,,,,,
548380,2012,2012-05-25,"MA Chidambaram Stadium, Chepauk",1,3.4,Chennai Super Kings,Delhi Daredevils,MEK Hussey,M Vijay,UT Yadav,0,0,,,,,,,,,
548380,2012,2012-05-25,"MA Chidambaram Stadium, Chepauk",1,3.5,Chennai Super Kings,Delhi Daredevils,MEK Hussey,M Vijay,UT Yadav,0,0,,,,,,,,,
548380,2012,2012-05-25,"MA Chidambaram Stadium, Chepauk",1,3.6,Chennai Super Kings,Delhi Daredevils,MEK Hussey,M Vijay,UT Yadav,1,0,,,,,,,,,
548380,2012,2012-05-25,"MA Chidambaram Stadium, Chepauk",1,4.1,Chennai Super Kings,Delhi Daredevils,MEK Hussey,M Vijay,AD Russell,3,0,,,,,,,,,
548380,2012,2012-05-25,"MA Chidambaram Stadium, Chepauk",1,4.2,Chennai Super Kings,Delhi Daredevils,M Vijay,MEK Hussey,AD Russell,0,0,,,,,,,,,
548380,2012,2012-05-25,"MA Chidambaram Stadium, Chepauk",1,4.3,Chennai Super Kings,Delhi Daredevils,M Vijay,MEK Hussey,AD Russell,4,0,,,,,,,,,
548380,2012,2012-05-25,"MA Chidambaram Stadium, Chepauk",1,4.4,Chennai Super Kings,Delhi Daredevils,M Vijay,MEK Hussey,AD Russell,0,0,,,,,,,,,
548380,2012,2012-05-25,"MA Chidambaram Stadium, Chepauk",1,4.5,Chennai Super Kings,Delhi Daredevils,M Vijay,MEK Hussey,AD Russell,1,0,,,,,,,,,
548380,2012,2012-05-25,"MA Chidambaram Stadium, Chepauk",1,4.6,Chennai Super Kings,Delhi Daredevils,MEK Hussey,M Vijay,AD Russell,0,0,,,,,,,,,
548380,2012,2012-05-25,"MA Chidambaram Stadium, Chepauk",1,5.1,Chennai Super Kings,Delhi Daredevils,M Vijay,MEK Hussey,VR Aaron,0,0,,,,,,,,,
548380,2012,2012-05-25,"MA Chidambaram Stadium, Chepauk",1,5.2,Chennai Super Kings,Delhi Daredevils,M Vijay,MEK Hussey,VR Aaron,4,0,,,,,,,,,
548380,2012,2012-05-25,"MA Chidambaram Stadium, Chepauk",1,5.3,Chennai Super Kings,Delhi Daredevils,M Vijay,MEK Hussey,VR Aaron,0,1,1,,,,,,,,
548380,2012,2012-05-25,"MA Chidambaram Stadium, Chepauk",1,5.4,Chennai Super Kings,Delhi Daredevils,M Vijay,MEK Hussey,VR Aaron,0,0,,,,,,,,,
548380,2012,2012-05-25,"MA Chidambaram Stadium, Chepauk",1,5.5,Chennai Super Kings,Delhi Daredevils,M Vijay,MEK Hussey,VR Aaron,0,0,,,,,,,,,
548380,2012,2012-05-25,"MA Chidambaram Stadium, Chepauk",1,5.6,Chennai Super Kings,Delhi Daredevils,M Vijay,MEK Hussey,VR Aaron,4,0,,,,,,,,,
548380,2012,2012-05-25,"MA Chidambaram Stadium, Chepauk",1,5.7,Chennai Super Kings,Delhi Daredevils,M Vijay,MEK Hussey,VR Aaron,4,0,,,,,,,,,
548380,2012,2012-05-25,"MA Chidambaram Stadium, Chepauk",1,6.1,Chennai Super Kings,Delhi Daredevils,MEK Hussey,M Vijay,Sunny Gupta,1,0,,,,,,,,,
548380,2012,2012-05-25,"MA Chidambaram Stadium, Chepauk",1,6.2,Chennai Super Kings,Delhi Daredevils,M Vijay,MEK Hussey,Sunny Gupta,4,0,,,,,,,,,
548380,2012,2012-05-25,"MA Chidambaram Stadium, Chepauk",1,6.3,Chennai Super Kings,Delhi Daredevils,M Vijay,MEK Hussey,Sunny Gupta,1,0,,,,,,,,,
548380,2012,2012-05-25,"MA Chidambaram Stadium, Chepauk",1,6.4,Chennai Super Kings,Delhi Daredevils,MEK Hussey,M Vijay,Sunny Gupta,4,0,,,,,,,,,
548380,2012,2012-05-25,"MA Chidambaram Stadium, Chepauk",1,6.5,Chennai Super Kings,Delhi Daredevils,MEK Hussey,M Vijay,Sunny Gupta,1,0,,,,,,,,,
548380,2012,2012-05-25,"MA Chidambaram Stadium, Chepauk",1,6.6,Chennai Super Kings,Delhi Daredevils,M Vijay,MEK Hussey,Sunny Gupta,1,0,,,,,,,,,
548380,2012,2012-05-25,"MA Chidambaram Stadium, Chepauk",1,7.1,Chennai Super Kings,Delhi Daredevils,M Vijay,MEK Hussey,P Negi,0,0,,,,,,,,,
548380,2012,2012-05-25,"MA Chidambaram Stadium, Chepauk",1,7.2,Chennai Super Kings,Delhi Daredevils,M Vijay,MEK Hussey,P Negi,0,0,,,,,,,,,
548380,2012,2012-05-25,"MA Chidambaram Stadium, Chepauk",1,7.3,Chennai Super Kings,Delhi Daredevils,M Vijay,MEK Hussey,P Negi,2,0,,,,,,,,,
548380,2012,2012-05-25,"MA Chidambaram Stadium, Chepauk",1,7.4,Chennai Super Kings,Delhi Daredevils,M Vijay,MEK Hussey,P Negi,0,0,,,,,,,,,
548380,2012,2012-05-25,"MA Chidambaram Stadium, Chepauk",1,7.5,Chennai Super Kings,Delhi Daredevils,M Vijay,MEK Hussey,P Negi,1,0,,,,,,,,,
548380,2012,2012-05-25,"MA Chidambaram Stadium, Chepauk",1,7.6,Chennai Super Kings,Delhi Daredevils,MEK Hussey,M Vijay,P Negi,1,0,,,,,,,,,
548380,2012,2012-05-25,"MA Chidambaram Stadium, Chepauk",1,8.1,Chennai Super Kings,Delhi Daredevils,MEK Hussey,M Vijay,VR Aaron,0,0,,,,,,caught,MEK Hussey,,
548380,2012,2012-05-25,"MA Chidambaram Stadium, Chepauk",1,8.2,Chennai Super Kings,Delhi Daredevils,SK Raina,M Vijay,VR Aaron,0,0,,,,,,,,,
548380,2012,2012-05-25,"MA Chidambaram Stadium, Chepauk",1,8.3,Chennai Super Kings,Delhi Daredevils,SK Raina,M Vijay,VR Aaron,0,0,,,,,,,,,
548380,2012,2012-05-25,"MA Chidambaram Stadium, Chepauk",1,8.4,Chennai Super Kings,Delhi Daredevils,SK Raina,M Vijay,VR Aaron,4,0,,,,,,,,,
548380,2012,2012-05-25,"MA Chidambaram Stadium, Chepauk",1,8.5,Chennai Super Kings,Delhi Daredevils,SK Raina,M Vijay,VR Aaron,1,0,,,,,,,,,
548380,2012,2012-05-25,"MA Chidambaram Stadium, Chepauk",1,8.6,Chennai Super Kings,Delhi Daredevils,M Vijay,SK Raina,VR Aaron,4,0,,,,,,,,,
548380,2012,2012-05-25,"MA Chidambaram Stadium, Chepauk",1,9.1,Chennai Super Kings,Delhi Daredevils,SK Raina,M Vijay,P Negi,1,0,,,,,,,,,
548380,2012,2012-05-25,"MA Chidambaram Stadium, Chepauk",1,9.2,Chennai Super Kings,Delhi Daredevils,M Vijay,SK Raina,P Negi,1,0,,,,,,,,,
548380,2012,2012-05-25,"MA Chidambaram Stadium, Chepauk",1,9.3,Chennai Super Kings,Delhi Daredevils,SK Raina,M Vijay,P Negi,1,0,,,,,,,,,
548380,2012,2012-05-25,"MA Chidambaram Stadium, Chepauk",1,9.4,Chennai Super Kings,Delhi Daredevils,M Vijay,SK Raina,P Negi,1,0,,,,,,,,,
548380,2012,2012-05-25,"MA Chidambaram Stadium, Chepauk",1,9.5,Chennai Super Kings,Delhi Daredevils,SK Raina,M Vijay,P Negi,1,0,,,,,,,,,
548380,2012,2012-05-25,"MA Chidambaram Stadium, Chepauk",1,9.6,Chennai Super Kings,Delhi Daredevils,M Vijay,SK Raina,P Negi,1,0,,,,,,,,,
548380,2012,2012-05-25,"MA Chidambaram Stadium, Chepauk",1,10.1,Chennai Super Kings,Delhi Daredevils,M Vijay,SK Raina,V Sehwag,6,0,,,,,,,,,
548380,2012,2012-05-25,"MA Chidambaram Stadium, Chepauk",1,10.2,Chennai Super Kings,Delhi Daredevils,M Vijay,SK Raina,V Sehwag,0,0,,,,,,,,,
548380,2012,2012-05-25,"MA Chidambaram Stadium, Chepauk",1,10.3,Chennai Super Kings,Delhi Daredevils,M Vijay,SK Raina,V Sehwag,4,0,,,,,,,,,
548380,2012,2012-05-25,"MA Chidambaram Stadium, Chepauk",1,10.4,Chennai Super Kings,Delhi Daredevils,M Vijay,SK Raina,V Sehwag,4,0,,,,,,,,,
548380,2012,2012-05-25,"MA Chidambaram Stadium, Chepauk",1,10.5,Chennai Super Kings,Delhi Daredevils,M Vijay,SK Raina,V Sehwag,6,0,,,,,,,,,
548380,2012,2012-05-25,"MA Chidambaram Stadium, Chepauk",1,10.6,Chennai Super Kings,Delhi Daredevils,M Vijay,SK Raina,V Sehwag,1,0,,,,,,,,,
548380,2012,2012-05-25,"MA Chidambaram Stadium, Chepauk",1,11.1,Chennai Super Kings,Delhi Daredevils,M Vijay,SK Raina,P Negi,6,0,,,,,,,,,
548380,2012,2012-05-25,"MA Chidambaram Stadium, Chepauk",1,11.2,Chennai Super Kings,Delhi Daredevils,M Vijay,SK Raina,P Negi,1,0,,,,,,,,,
548380,2012,2012-05-25,"MA Chidambaram Stadium, Chepauk",1,11.3,Chennai Super Kings,Delhi Daredevils,SK Raina,M Vijay,P Negi,2,0,,,,,,,,,
548380,2012,2012-05-25,"MA Chidambaram Stadium, Chepauk",1,11.4,Chennai Super Kings,Delhi Daredevils,SK Raina,M Vijay,P Negi,0,0,,,,,,,,,
548380,2012,2012-05-25,"MA Chidambaram Stadium, Chepauk",1,11.5,Chennai Super Kings,Delhi Daredevils,SK Raina,M Vijay,P Negi,1,0,,,,,,,,,
548380,2012,2012-05-25,"MA Chidambaram Stadium, Chepauk",1,11.6,Chennai Super Kings,Delhi Daredevils,M Vijay,SK Raina,P Negi,1,0,,,,,,,,,
548380,2012,2012-05-25,"MA Chidambaram Stadium, Chepauk",1,12.1,Chennai Super Kings,Delhi Daredevils,M Vijay,SK Raina,AD Russell,1,0,,,,,,,,,
548380,2012,2012-05-25,"MA Chidambaram Stadium, Chepauk",1,12.2,Chennai Super Kings,Delhi Daredevils,SK Raina,M Vijay,AD Russell,4,0,,,,,,,,,
548380,2012,2012-05-25,"MA Chidambaram Stadium, Chepauk",1,12.3,Chennai Super Kings,Delhi Daredevils,SK Raina,M Vijay,AD Russell,1,0,,,,,,,,,
548380,2012,2012-05-25,"MA Chidambaram Stadium, Chepauk",1,12.4,Chennai Super Kings,Delhi Daredevils,M Vijay,SK Raina,AD Russell,4,0,,,,,,,,,
548380,2012,2012-05-25,"MA Chidambaram Stadium, Chepauk",1,12.5,Chennai Super Kings,Delhi Daredevils,M Vijay,SK Raina,AD Russell,1,0,,,,,,,,,
548380,2012,2012-05-25,"MA Chidambaram Stadium, Chepauk",1,12.6,Chennai Super Kings,Delhi Daredevils,SK Raina,M Vijay,AD Russell,1,0,,,,,,,,,
548380,2012,2012-05-25,"MA Chidambaram Stadium, Chepauk",1,13.1,Chennai Super Kings,Delhi Daredevils,SK Raina,M Vijay,P Negi,4,0,,,,,,,,,
548380,2012,2012-05-25,"MA Chidambaram Stadium, Chepauk",1,13.2,Chennai Super Kings,Delhi Daredevils,SK Raina,M Vijay,P Negi,0,0,,,,,,,,,
548380,2012,2012-05-25,"MA Chidambaram Stadium, Chepauk",1,13.3,Chennai Super Kings,Delhi Daredevils,SK Raina,M Vijay,P Negi,6,0,,,,,,,,,
548380,2012,2012-05-25,"MA Chidambaram Stadium, Chepauk",1,13.4,Chennai Super Kings,Delhi Daredevils,SK Raina,M Vijay,P Negi,0,0,,,,,,caught and bowled,SK Raina,,
548380,2012,2012-05-25,"MA Chidambaram Stadium, Chepauk",1,13.5,Chennai Super Kings,Delhi Daredevils,MS Dhoni,M Vijay,P Negi,1,0,,,,,,,,,
548380,2012,2012-05-25,"MA Chidambaram Stadium, Chepauk",1,13.6,Chennai Super Kings,Delhi Daredevils,M Vijay,MS Dhoni,P Negi,1,0,,,,,,,,,
548380,2012,2012-05-25,"MA Chidambaram Stadium, Chepauk",1,14.1,Chennai Super Kings,Delhi Daredevils,M Vijay,MS Dhoni,Sunny Gupta,6,0,,,,,,,,,
548380,2012,2012-05-25,"MA Chidambaram Stadium, Chepauk",1,14.2,Chennai Super Kings,Delhi Daredevils,M Vijay,MS Dhoni,Sunny Gupta,1,0,,,,,,,,,
548380,2012,2012-05-25,"MA Chidambaram Stadium, Chepauk",1,14.3,Chennai Super Kings,Delhi Daredevils,MS Dhoni,M Vijay,Sunny Gupta,6,0,,,,,,,,,
548380,2012,2012-05-25,"MA Chidambaram Stadium, Chepauk",1,14.4,Chennai Super Kings,Delhi Daredevils,MS Dhoni,M Vijay,Sunny Gupta,6,0,,,,,,,,,
548380,2012,2012-05-25,"MA Chidambaram Stadium, Chepauk",1,14.5,Chennai Super Kings,Delhi Daredevils,MS Dhoni,M Vijay,Sunny Gupta,1,0,,,,,,,,,
548380,2012,2012-05-25,"MA Chidambaram Stadium, Chepauk",1,14.6,Chennai Super Kings,Delhi Daredevils,M Vijay,MS Dhoni,Sunny Gupta,0,2,2,,,,,,,,
548380,2012,2012-05-25,"MA Chidambaram Stadium, Chepauk",1,14.7,Chennai Super Kings,Delhi Daredevils,MS Dhoni,M Vijay,Sunny Gupta,1,0,,,,,,,,,
548380,2012,2012-05-25,"MA Chidambaram Stadium, Chepauk",1,15.1,Chennai Super Kings,Delhi Daredevils,MS Dhoni,M Vijay,AD Russell,1,0,,,,,,,,,
548380,2012,2012-05-25,"MA Chidambaram Stadium, Chepauk",1,15.2,Chennai Super Kings,Delhi Daredevils,M Vijay,MS Dhoni,AD Russell,0,0,,,,,,,,,
548380,2012,2012-05-25,"MA Chidambaram Stadium, Chepauk",1,15.3,Chennai Super Kings,Delhi Daredevils,M Vijay,MS Dhoni,AD Russell,2,0,,,,,,,,,
548380,2012,2012-05-25,"MA Chidambaram Stadium, Chepauk",1,15.4,Chennai Super Kings,Delhi Daredevils,M Vijay,MS Dhoni,AD Russell,0,0,,,,,,,,,
548380,2012,2012-05-25,"MA Chidambaram Stadium, Chepauk",1,15.5,Chennai Super Kings,Delhi Daredevils,M Vijay,MS Dhoni,AD Russell,0,1,,,,1,,,,,
548380,2012,2012-05-25,"MA Chidambaram Stadium, Chepauk",1,15.6,Chennai Super Kings,Delhi Daredevils,MS Dhoni,M Vijay,AD Russell,1,0,,,,,,,,,
548380,2012,2012-05-25,"MA Chidambaram Stadium, Chepauk",1,16.1,Chennai Super Kings,Delhi Daredevils,MS Dhoni,M Vijay,VR Aaron,2,0,,,,,,,,,
548380,2012,2012-05-25,"MA Chidambaram Stadium, Chepauk",1,16.2,Chennai Super Kings,Delhi Daredevils,MS Dhoni,M Vijay,VR Aaron,4,0,,,,,,,,,
548380,2012,2012-05-25,"MA Chidambaram Stadium, Chepauk",1,16.3,Chennai Super Kings,Delhi Daredevils,MS Dhoni,M Vijay,VR Aaron,0,0,,,,,,caught,MS Dhoni,,
548380,2012,2012-05-25,"MA Chidambaram Stadium, Chepauk",1,16.4,Chennai Super Kings,Delhi Daredevils,M Vijay,JA Morkel,VR Aaron,2,0,,,,,,,,,
548380,2012,2012-05-25,"MA Chidambaram Stadium, Chepauk",1,16.5,Chennai Super Kings,Delhi Daredevils,M Vijay,JA Morkel,VR Aaron,4,0,,,,,,,,,
548380,2012,2012-05-25,"MA Chidambaram Stadium, Chepauk",1,16.6,Chennai Super Kings,Delhi Daredevils,M Vijay,JA Morkel,VR Aaron,4,0,,,,,,,,,
548380,2012,2012-05-25,"MA Chidambaram Stadium, Chepauk",1,17.1,Chennai Super Kings,Delhi Daredevils,JA Morkel,M Vijay,UT Yadav,0,0,,,,,,caught,JA Morkel,,
548380,2012,2012-05-25,"MA Chidambaram Stadium, Chepauk",1,17.2,Chennai Super Kings,Delhi Daredevils,DJ Bravo,M Vijay,UT Yadav,1,0,,,,,,,,,
548380,2012,2012-05-25,"MA Chidambaram Stadium, Chepauk",1,17.3,Chennai Super Kings,Delhi Daredevils,M Vijay,DJ Bravo,UT Yadav,0,0,,,,,,,,,
548380,2012,2012-05-25,"MA Chidambaram Stadium, Chepauk",1,17.4,Chennai Super Kings,Delhi Daredevils,M Vijay,DJ Bravo,UT Yadav,1,0,,,,,,,,,
548380,2012,2012-05-25,"MA Chidambaram Stadium, Chepauk",1,17.5,Chennai Super Kings,Delhi Daredevils,DJ Bravo,M Vijay,UT Yadav,4,0,,,,,,,,,
548380,2012,2012-05-25,"MA Chidambaram Stadium, Chepauk",1,17.6,Chennai Super Kings,Delhi Daredevils,DJ Bravo,M Vijay,UT Yadav,1,0,,,,,,,,,
548380,2012,2012-05-25,"MA Chidambaram Stadium, Chepauk",1,18.1,Chennai Super Kings,Delhi Daredevils,DJ Bravo,M Vijay,VR Aaron,1,0,,,,,,,,,
548380,2012,2012-05-25,"MA Chidambaram Stadium, Chepauk",1,18.2,Chennai Super Kings,Delhi Daredevils,M Vijay,DJ Bravo,VR Aaron,0,2,2,,,,,,,,
548380,2012,2012-05-25,"MA Chidambaram Stadium, Chepauk",1,18.3,Chennai Super Kings,Delhi Daredevils,DJ Bravo,M Vijay,VR Aaron,2,0,,,,,,,,,
548380,2012,2012-05-25,"MA Chidambaram Stadium, Chepauk",1,18.4,Chennai Super Kings,Delhi Daredevils,DJ Bravo,M Vijay,VR Aaron,4,0,,,,,,,,,
548380,2012,2012-05-25,"MA Chidambaram Stadium, Chepauk",1,18.5,Chennai Super Kings,Delhi Daredevils,DJ Bravo,M Vijay,VR Aaron,4,0,,,,,,,,,
548380,2012,2012-05-25,"MA Chidambaram Stadium, Chepauk",1,18.6,Chennai Super Kings,Delhi Daredevils,DJ Bravo,M Vijay,VR Aaron,6,0,,,,,,,,,
548380,2012,2012-05-25,"MA Chidambaram Stadium, Chepauk",1,18.7,Chennai Super Kings,Delhi Daredevils,DJ Bravo,M Vijay,VR Aaron,6,0,,,,,,,,,
548380,2012,2012-05-25,"MA Chidambaram Stadium, Chepauk",1,19.1,Chennai Super Kings,Delhi Daredevils,M Vijay,DJ Bravo,UT Yadav,1,0,,,,,,,,,
548380,2012,2012-05-25,"MA Chidambaram Stadium, Chepauk",1,19.2,Chennai Super Kings,Delhi Daredevils,DJ Bravo,M Vijay,UT Yadav,2,0,,,,,,,,,
548380,2012,2012-05-25,"MA Chidambaram Stadium, Chepauk",1,19.3,Chennai Super Kings,Delhi Daredevils,DJ Bravo,M Vijay,UT Yadav,1,0,,,,,,,,,
548380,2012,2012-05-25,"MA Chidambaram Stadium, Chepauk",1,19.4,Chennai Super Kings,Delhi Daredevils,M Vijay,DJ Bravo,UT Yadav,1,0,,,,,,,,,
548380,2012,2012-05-25,"MA Chidambaram Stadium, Chepauk",1,19.5,Chennai Super Kings,Delhi Daredevils,DJ Bravo,M Vijay,UT Yadav,1,0,,,,,,,,,
548380,2012,2012-05-25,"MA Chidambaram Stadium, Chepauk",1,19.6,Chennai Super Kings,Delhi Daredevils,M Vijay,DJ Bravo,UT Yadav,1,0,,,,,,run out,M Vijay,,
548380,2012,2012-05-25,"MA Chidambaram Stadium, Chepauk",2,0.1,Delhi Daredevils,Chennai Super Kings,DPMD Jayawardene,DA Warner,BW Hilfenhaus,0,0,,,,,,,,,
548380,2012,2012-05-25,"MA Chidambaram Stadium, Chepauk",2,0.2,Delhi Daredevils,Chennai Super Kings,DPMD Jayawardene,DA Warner,BW Hilfenhaus,1,0,,,,,,,,,
548380,2012,2012-05-25,"MA Chidambaram Stadium, Chepauk",2,0.3,Delhi Daredevils,Chennai Super Kings,DA Warner,DPMD Jayawardene,BW Hilfenhaus,0,0,,,,,,,,,
548380,2012,2012-05-25,"MA Chidambaram Stadium, Chepauk",2,0.4,Delhi Daredevils,Chennai Super Kings,DA Warner,DPMD Jayawardene,BW Hilfenhaus,0,0,,,,,,,,,
548380,2012,2012-05-25,"MA Chidambaram Stadium, Chepauk",2,0.5,Delhi Daredevils,Chennai Super Kings,DA Warner,DPMD Jayawardene,BW Hilfenhaus,1,0,,,,,,,,,
548380,2012,2012-05-25,"MA Chidambaram Stadium, Chepauk",2,0.6,Delhi Daredevils,Chennai Super Kings,DPMD Jayawardene,DA Warner,BW Hilfenhaus,4,0,,,,,,,,,
548380,2012,2012-05-25,"MA Chidambaram Stadium, Chepauk",2,1.1,Delhi Daredevils,Chennai Super Kings,DA Warner,DPMD Jayawardene,JA Morkel,1,0,,,,,,,,,
548380,2012,2012-05-25,"MA Chidambaram Stadium, Chepauk",2,1.2,Delhi Daredevils,Chennai Super Kings,DPMD Jayawardene,DA Warner,JA Morkel,4,0,,,,,,,,,
548380,2012,2012-05-25,"MA Chidambaram Stadium, Chepauk",2,1.3,Delhi Daredevils,Chennai Super Kings,DPMD Jayawardene,DA Warner,JA Morkel,4,0,,,,,,,,,
548380,2012,2012-05-25,"MA Chidambaram Stadium, Chepauk",2,1.4,Delhi Daredevils,Chennai Super Kings,DPMD Jayawardene,DA Warner,JA Morkel,0,0,,,,,,,,,
548380,2012,2012-05-25,"MA Chidambaram Stadium, Chepauk",2,1.5,Delhi Daredevils,Chennai Super Kings,DPMD Jayawardene,DA Warner,JA Morkel,1,0,,,,,,,,,
548380,2012,2012-05-25,"MA Chidambaram Stadium, Chepauk",2,1.6,Delhi Daredevils,Chennai Super Kings,DA Warner,DPMD Jayawardene,JA Morkel,1,0,,,,,,,,,
548380,2012,2012-05-25,"MA Chidambaram Stadium, Chepauk",2,2.1,Delhi Daredevils,Chennai Super Kings,DA Warner,DPMD Jayawardene,BW Hilfenhaus,0,0,,,,,,,,,
548380,2012,2012-05-25,"MA Chidambaram Stadium, Chepauk",2,2.2,Delhi Daredevils,Chennai Super Kings,DA Warner,DPMD Jayawardene,BW Hilfenhaus,0,0,,,,,,caught,DA Warner,,
548380,2012,2012-05-25,"MA Chidambaram Stadium, Chepauk",2,2.3,Delhi Daredevils,Chennai Super Kings,V Sehwag,DPMD Jayawardene,BW Hilfenhaus,0,0,,,,,,,,,
548380,2012,2012-05-25,"MA Chidambaram Stadium, Chepauk",2,2.4,Delhi Daredevils,Chennai Super Kings,V Sehwag,DPMD Jayawardene,BW Hilfenhaus,1,0,,,,,,,,,
548380,2012,2012-05-25,"MA Chidambaram Stadium, Chepauk",2,2.5,Delhi Daredevils,Chennai Super Kings,DPMD Jayawardene,V Sehwag,BW Hilfenhaus,1,0,,,,,,,,,
548380,2012,2012-05-25,"MA Chidambaram Stadium, Chepauk",2,2.6,Delhi Daredevils,Chennai Super Kings,V Sehwag,DPMD Jayawardene,BW Hilfenhaus,0,1,1,,,,,,,,
548380,2012,2012-05-25,"MA Chidambaram Stadium, Chepauk",2,2.7,Delhi Daredevils,Chennai Super Kings,V Sehwag,DPMD Jayawardene,BW Hilfenhaus,0,1,1,,,,,,,,
548380,2012,2012-05-25,"MA Chidambaram Stadium, Chepauk",2,2.8,Delhi Daredevils,Chennai Super Kings,V Sehwag,DPMD Jayawardene,BW Hilfenhaus,0,0,,,,,,,,,
548380,2012,2012-05-25,"MA Chidambaram Stadium, Chepauk",2,3.1,Delhi Daredevils,Chennai Super Kings,DPMD Jayawardene,V Sehwag,JA Morkel,1,0,,,,,,,,,
548380,2012,2012-05-25,"MA Chidambaram Stadium, Chepauk",2,3.2,Delhi Daredevils,Chennai Super Kings,V Sehwag,DPMD Jayawardene,JA Morkel,0,0,,,,,,,,,
548380,2012,2012-05-25,"MA Chidambaram Stadium, Chepauk",2,3.3,Delhi Daredevils,Chennai Super Kings,V Sehwag,DPMD Jayawardene,JA Morkel,0,0,,,,,,,,,
548380,2012,2012-05-25,"MA Chidambaram Stadium, Chepauk",2,3.4,Delhi Daredevils,Chennai Super Kings,V Sehwag,DPMD Jayawardene,JA Morkel,0,0,,,,,,caught,V Sehwag,,
548380,2012,2012-05-25,"MA Chidambaram Stadium, Chepauk",2,3.5,Delhi Daredevils,Chennai Super Kings,DPMD Jayawardene,LRPL Taylor,JA Morkel,1,0,,,,,,,,,
548380,2012,2012-05-25,"MA Chidambaram Stadium, Chepauk",2,3.6,Delhi Daredevils,Chennai Super Kings,LRPL Taylor,DPMD Jayawardene,JA Morkel,4,0,,,,,,,,,
548380,2012,2012-05-25,"MA Chidambaram Stadium, Chepauk",2,4.1,Delhi Daredevils,Chennai Super Kings,DPMD Jayawardene,LRPL Taylor,BW Hilfenhaus,0,1,,,,1,,,,,
548380,2012,2012-05-25,"MA Chidambaram Stadium, Chepauk",2,4.2,Delhi Daredevils,Chennai Super Kings,LRPL Taylor,DPMD Jayawardene,BW Hilfenhaus,1,0,,,,,,,,,
548380,2012,2012-05-25,"MA Chidambaram Stadium, Chepauk",2,4.3,Delhi Daredevils,Chennai Super Kings,DPMD Jayawardene,LRPL Taylor,BW Hilfenhaus,0,0,,,,,,,,,
548380,2012,2012-05-25,"MA Chidambaram Stadium, Chepauk",2,4.4,Delhi Daredevils,Chennai Super Kings,DPMD Jayawardene,LRPL Taylor,BW Hilfenhaus,1,0,,,,,,,,,
548380,2012,2012-05-25,"MA Chidambaram Stadium, Chepauk",2,4.5,Delhi Daredevils,Chennai Super Kings,LRPL Taylor,DPMD Jayawardene,BW Hilfenhaus,1,0,,,,,,,,,
548380,2012,2012-05-25,"MA Chidambaram Stadium, Chepauk",2,4.6,Delhi Daredevils,Chennai Super Kings,DPMD Jayawardene,LRPL Taylor,BW Hilfenhaus,4,0,,,,,,,,,
548380,2012,2012-05-25,"MA Chidambaram Stadium, Chepauk",2,5.1,Delhi Daredevils,Chennai Super Kings,LRPL Taylor,DPMD Jayawardene,JA Morkel,1,0,,,,,,,,,
548380,2012,2012-05-25,"MA Chidambaram Stadium, Chepauk",2,5.2,Delhi Daredevils,Chennai Super Kings,DPMD Jayawardene,LRPL Taylor,JA Morkel,6,0,,,,,,,,,
548380,2012,2012-05-25,"MA Chidambaram Stadium, Chepauk",2,5.3,Delhi Daredevils,Chennai Super Kings,DPMD Jayawardene,LRPL Taylor,JA Morkel,1,0,,,,,,,,,
548380,2012,2012-05-25,"MA Chidambaram Stadium, Chepauk",2,5.4,Delhi Daredevils,Chennai Super Kings,LRPL Taylor,DPMD Jayawardene,JA Morkel,1,0,,,,,,,,,
548380,2012,2012-05-25,"MA Chidambaram Stadium, Chepauk",2,5.5,Delhi Daredevils,Chennai Super Kings,DPMD Jayawardene,LRPL Taylor,JA Morkel,1,0,,,,,,,,,
548380,2012,2012-05-25,"MA Chidambaram Stadium, Chepauk",2,5.6,Delhi Daredevils,Chennai Super Kings,LRPL Taylor,DPMD Jayawardene,JA Morkel,1,0,,,,,,,,,
548380,2012,2012-05-25,"MA Chidambaram Stadium, Chepauk",2,6.1,Delhi Daredevils,Chennai Super Kings,LRPL Taylor,DPMD Jayawardene,SB Jakati,1,0,,,,,,,,,
548380,2012,2012-05-25,"MA Chidambaram Stadium, Chepauk",2,6.2,Delhi Daredevils,Chennai Super Kings,DPMD Jayawardene,LRPL Taylor,SB Jakati,1,0,,,,,,,,,
548380,2012,2012-05-25,"MA Chidambaram Stadium, Chepauk",2,6.3,Delhi Daredevils,Chennai Super Kings,LRPL Taylor,DPMD Jayawardene,SB Jakati,2,0,,,,,,,,,
548380,2012,2012-05-25,"MA Chidambaram Stadium, Chepauk",2,6.4,Delhi Daredevils,Chennai Super Kings,LRPL Taylor,DPMD Jayawardene,SB Jakati,6,0,,,,,,,,,
548380,2012,2012-05-25,"MA Chidambaram Stadium, Chepauk",2,6.5,Delhi Daredevils,Chennai Super Kings,LRPL Taylor,DPMD Jayawardene,SB Jakati,0,0,,,,,,,,,
548380,2012,2012-05-25,"MA Chidambaram Stadium, Chepauk",2,6.6,Delhi Daredevils,Chennai Super Kings,LRPL Taylor,DPMD Jayawardene,SB Jakati,6,0,,,,,,,,,
548380,2012,2012-05-25,"MA Chidambaram Stadium, Chepauk",2,7.1,Delhi Daredevils,Chennai Super Kings,DPMD Jayawardene,LRPL Taylor,R Ashwin,2,0,,,,,,,,,
548380,2012,2012-05-25,"MA Chidambaram Stadium, Chepauk",2,7.2,Delhi Daredevils,Chennai Super Kings,DPMD Jayawardene,LRPL Taylor,R Ashwin,2,0,,,,,,,,,
548380,2012,2012-05-25,"MA Chidambaram Stadium, Chepauk",2,7.3,Delhi Daredevils,Chennai Super Kings,DPMD Jayawardene,LRPL Taylor,R Ashwin,2,0,,,,,,,,,
548380,2012,2012-05-25,"MA Chidambaram Stadium, Chepauk",2,7.4,Delhi Daredevils,Chennai Super Kings,DPMD Jayawardene,LRPL Taylor,R Ashwin,0,1,1,,,,,,,,
548380,2012,2012-05-25,"MA Chidambaram Stadium, Chepauk",2,7.5,Delhi Daredevils,Chennai Super Kings,DPMD Jayawardene,LRPL Taylor,R Ashwin,1,0,,,,,,,,,
548380,2012,2012-05-25,"MA Chidambaram Stadium, Chepauk",2,7.6,Delhi Daredevils,Chennai Super Kings,LRPL Taylor,DPMD Jayawardene,R Ashwin,0,0,,,,,,,,,
548380,2012,2012-05-25,"MA Chidambaram Stadium, Chepauk",2,7.7,Delhi Daredevils,Chennai Super Kings,LRPL Taylor,DPMD Jayawardene,R Ashwin,0,0,,,,,,,,,
548380,2012,2012-05-25,"MA Chidambaram Stadium, Chepauk",2,8.1,Delhi Daredevils,Chennai Super Kings,DPMD Jayawardene,LRPL Taylor,DJ Bravo,0,3,3,,,,,,,,
548380,2012,2012-05-25,"MA Chidambaram Stadium, Chepauk",2,8.2,Delhi Daredevils,Chennai Super Kings,DPMD Jayawardene,LRPL Taylor,DJ Bravo,1,0,,,,,,,,,
548380,2012,2012-05-25,"MA Chidambaram Stadium, Chepauk",2,8.3,Delhi Daredevils,Chennai Super Kings,LRPL Taylor,DPMD Jayawardene,DJ Bravo,0,0,,,,,,caught,LRPL Taylor,,
548380,2012,2012-05-25,"MA Chidambaram Stadium, Chepauk",2,8.4,Delhi Daredevils,Chennai Super Kings,AD Russell,DPMD Jayawardene,DJ Bravo,4,0,,,,,,,,,
548380,2012,2012-05-25,"MA Chidambaram Stadium, Chepauk",2,8.5,Delhi Daredevils,Chennai Super Kings,AD Russell,DPMD Jayawardene,DJ Bravo,1,0,,,,,,,,,
548380,2012,2012-05-25,"MA Chidambaram Stadium, Chepauk",2,8.6,Delhi Daredevils,Chennai Super Kings,DPMD Jayawardene,AD Russell,DJ Bravo,1,0,,,,,,,,,
548380,2012,2012-05-25,"MA Chidambaram Stadium, Chepauk",2,8.7,Delhi Daredevils,Chennai Super Kings,AD Russell,DPMD Jayawardene,DJ Bravo,2,0,,,,,,,,,
548380,2012,2012-05-25,"MA Chidambaram Stadium, Chepauk",2,9.1,Delhi Daredevils,Chennai Super Kings,DPMD Jayawardene,AD Russell,SB Jakati,1,0,,,,,,,,,
548380,2012,2012-05-25,"MA Chidambaram Stadium, Chepauk",2,9.2,Delhi Daredevils,Chennai Super Kings,AD Russell,DPMD Jayawardene,SB Jakati,1,0,,,,,,,,,
548380,2012,2012-05-25,"MA Chidambaram Stadium, Chepauk",2,9.3,Delhi Daredevils,Chennai Super Kings,DPMD Jayawardene,AD Russell,SB Jakati,1,0,,,,,,,,,
548380,2012,2012-05-25,"MA Chidambaram Stadium, Chepauk",2,9.4,Delhi Daredevils,Chennai Super Kings,AD Russell,DPMD Jayawardene,SB Jakati,1,0,,,,,,,,,
548380,2012,2012-05-25,"MA Chidambaram Stadium, Chepauk",2,9.5,Delhi Daredevils,Chennai Super Kings,DPMD Jayawardene,AD Russell,SB Jakati,1,0,,,,,,,,,
548380,2012,2012-05-25,"MA Chidambaram Stadium, Chepauk",2,9.6,Delhi Daredevils,Chennai Super Kings,AD Russell,DPMD Jayawardene,SB Jakati,2,0,,,,,,,,,
548380,2012,2012-05-25,"MA Chidambaram Stadium, Chepauk",2,10.1,Delhi Daredevils,Chennai Super Kings,DPMD Jayawardene,AD Russell,DJ Bravo,0,1,1,,,,,,,,
548380,2012,2012-05-25,"MA Chidambaram Stadium, Chepauk",2,10.2,Delhi Daredevils,Chennai Super Kings,DPMD Jayawardene,AD Russell,DJ Bravo,0,0,,,,,,,,,
548380,2012,2012-05-25,"MA Chidambaram Stadium, Chepauk",2,10.3,Delhi Daredevils,Chennai Super Kings,DPMD Jayawardene,AD Russell,DJ Bravo,2,0,,,,,,,,,
548380,2012,2012-05-25,"MA Chidambaram Stadium, Chepauk",2,10.4,Delhi Daredevils,Chennai Super Kings,DPMD Jayawardene,AD Russell,DJ Bravo,1,0,,,,,,,,,
548380,2012,2012-05-25,"MA Chidambaram Stadium, Chepauk",2,10.5,Delhi Daredevils,Chennai Super Kings,AD Russell,DPMD Jayawardene,DJ Bravo,0,0,,,,,,,,,
548380,2012,2012-05-25,"MA Chidambaram Stadium, Chepauk",2,10.6,Delhi Daredevils,Chennai Super Kings,AD Russell,DPMD Jayawardene,DJ Bravo,4,0,,,,,,,,,
548380,2012,2012-05-25,"MA Chidambaram Stadium, Chepauk",2,10.7,Delhi Daredevils,Chennai Super Kings,AD Russell,DPMD Jayawardene,DJ Bravo,1,0,,,,,,,,,
548380,2012,2012-05-25,"MA Chidambaram Stadium, Chepauk",2,11.1,Delhi Daredevils,Chennai Super Kings,AD Russell,DPMD Jayawardene,R Ashwin,0,1,,,,1,,,,,
548380,2012,2012-05-25,"MA Chidambaram Stadium, Chepauk",2,11.2,Delhi Daredevils,Chennai Super Kings,DPMD Jayawardene,AD Russell,R Ashwin,6,0,,,,,,,,,
548380,2012,2012-05-25,"MA Chidambaram Stadium, Chepauk",2,11.3,Delhi Daredevils,Chennai Super Kings,DPMD Jayawardene,AD Russell,R Ashwin,1,0,,,,,,,,,
548380,2012,2012-05-25,"MA Chidambaram Stadium, Chepauk",2,11.4,Delhi Daredevils,Chennai Super Kings,AD Russell,DPMD Jayawardene,R Ashwin,0,0,,,,,,caught,AD Russell,,
548380,2012,2012-05-25,"MA Chidambaram Stadium, Chepauk",2,11.5,Delhi Daredevils,Chennai Super Kings,DPMD Jayawardene,NV Ojha,R Ashwin,0,1,,,1,,,,,,
548380,2012,2012-05-25,"MA Chidambaram Stadium, Chepauk",2,11.6,Delhi Daredevils,Chennai Super Kings,NV Ojha,DPMD Jayawardene,R Ashwin,0,0,,,,,,,,,
548380,2012,2012-05-25,"MA Chidambaram Stadium, Chepauk",2,12.1,Delhi Daredevils,Chennai Super Kings,DPMD Jayawardene,NV Ojha,DJ Bravo,0,0,,,,,,,,,
548380,2012,2012-05-25,"MA Chidambaram Stadium, Chepauk",2,12.2,Delhi Daredevils,Chennai Super Kings,DPMD Jayawardene,NV Ojha,DJ Bravo,1,0,,,,,,,,,
548380,2012,2012-05-25,"MA Chidambaram Stadium, Chepauk",2,12.3,Delhi Daredevils,Chennai Super Kings,NV Ojha,DPMD Jayawardene,DJ Bravo,1,0,,,,,,,,,
548380,2012,2012-05-25,"MA Chidambaram Stadium, Chepauk",2,12.4,Delhi Daredevils,Chennai Super Kings,DPMD Jayawardene,NV Ojha,DJ Bravo,1,0,,,,,,,,,
548380,2012,2012-05-25,"MA Chidambaram Stadium, Chepauk",2,12.5,Delhi Daredevils,Chennai Super Kings,NV Ojha,DPMD Jayawardene,DJ Bravo,0,1,,,,1,,,,,
548380,2012,2012-05-25,"MA Chidambaram Stadium, Chepauk",2,12.6,Delhi Daredevils,Chennai Super Kings,DPMD Jayawardene,NV Ojha,DJ Bravo,0,0,,,,,,,,,
548380,2012,2012-05-25,"MA Chidambaram Stadium, Chepauk",2,13.1,Delhi Daredevils,Chennai Super Kings,NV Ojha,DPMD Jayawardene,SB Jakati,6,0,,,,,,,,,
548380,2012,2012-05-25,"MA Chidambaram Stadium, Chepauk",2,13.2,Delhi Daredevils,Chennai Super Kings,NV Ojha,DPMD Jayawardene,SB Jakati,0,0,,,,,,caught,NV Ojha,,
548380,2012,2012-05-25,"MA Chidambaram Stadium, Chepauk",2,13.3,Delhi Daredevils,Chennai Super Kings,Y Venugopal Rao,DPMD Jayawardene,SB Jakati,0,0,,,,,,,,,
548380,2012,2012-05-25,"MA Chidambaram Stadium, Chepauk",2,13.4,Delhi Daredevils,Chennai Super Kings,Y Venugopal Rao,DPMD Jayawardene,SB Jakati,2,0,,,,,,,,,
548380,2012,2012-05-25,"MA Chidambaram Stadium, Chepauk",2,13.5,Delhi Daredevils,Chennai Super Kings,Y Venugopal Rao,DPMD Jayawardene,SB Jakati,0,0,,,,,,,,,
548380,2012,2012-05-25,"MA Chidambaram Stadium, Chepauk",2,13.6,Delhi Daredevils,Chennai Super Kings,Y Venugopal Rao,DPMD Jayawardene,SB Jakati,1,0,,,,,,,,,
548380,2012,2012-05-25,"MA Chidambaram Stadium, Chepauk",2,14.1,Delhi Daredevils,Chennai Super Kings,Y Venugopal Rao,DPMD Jayawardene,R Ashwin,6,0,,,,,,,,,
548380,2012,2012-05-25,"MA Chidambaram Stadium, Chepauk",2,14.2,Delhi Daredevils,Chennai Super Kings,Y Venugopal Rao,DPMD Jayawardene,R Ashwin,0,0,,,,,,,,,
548380,2012,2012-05-25,"MA Chidambaram Stadium, Chepauk",2,14.3,Delhi Daredevils,Chennai Super Kings,Y Venugopal Rao,DPMD Jayawardene,R Ashwin,1,0,,,,,,,,,
548380,2012,2012-05-25,"MA Chidambaram Stadium, Chepauk",2,14.4,Delhi Daredevils,Chennai Super Kings,DPMD Jayawardene,Y Venugopal Rao,R Ashwin,0,0,,,,,,bowled,DPMD Jayawardene,,
548380,2012,2012-05-25,"MA Chidambaram Stadium, Chepauk",2,14.5,Delhi Daredevils,Chennai Super Kings,P Negi,Y Venugopal Rao,R Ashwin,0,0,,,,,,run out,Y Venugopal Rao,,
548380,2012,2012-05-25,"MA Chidambaram Stadium, Chepauk",2,14.6,Delhi Daredevils,Chennai Super Kings,P Negi,Sunny Gupta,R Ashwin,1,0,,,,,,,,,
548380,2012,2012-05-25,"MA Chidambaram Stadium, Chepauk",2,15.1,Delhi Daredevils,Chennai Super Kings,P Negi,Sunny Gupta,SB Jakati,0,0,,,,,,,,,
548380,2012,2012-05-25,"MA Chidambaram Stadium, Chepauk",2,15.2,Delhi Daredevils,Chennai Super Kings,P Negi,Sunny Gupta,SB Jakati,6,0,,,,,,,,,
548380,2012,2012-05-25,"MA Chidambaram Stadium, Chepauk",2,15.3,Delhi Daredevils,Chennai Super Kings,P Negi,Sunny Gupta,SB Jakati,0,0,,,,,,,,,
548380,2012,2012-05-25,"MA Chidambaram Stadium, Chepauk",2,15.4,Delhi Daredevils,Chennai Super Kings,P Negi,Sunny Gupta,SB Jakati,1,0,,,,,,,,,
548380,2012,2012-05-25,"MA Chidambaram Stadium, Chepauk",2,15.5,Delhi Daredevils,Chennai Super Kings,Sunny Gupta,P Negi,SB Jakati,0,0,,,,,,stumped,Sunny Gupta,,
548380,2012,2012-05-25,"MA Chidambaram Stadium, Chepauk",2,15.6,Delhi Daredevils,Chennai Super Kings,UT Yadav,P Negi,SB Jakati,1,0,,,,,,,,,
548380,2012,2012-05-25,"MA Chidambaram Stadium, Chepauk",2,16.1,Delhi Daredevils,Chennai Super Kings,UT Yadav,P Negi,R Ashwin,0,0,,,,,,,,,
548380,2012,2012-05-25,"MA Chidambaram Stadium, Chepauk",2,16.2,Delhi Daredevils,Chennai Super Kings,UT Yadav,P Negi,R Ashwin,0,0,,,,,,,,,
548380,2012,2012-05-25,"MA Chidambaram Stadium, Chepauk",2,16.3,Delhi Daredevils,Chennai Super Kings,UT Yadav,P Negi,R Ashwin,0,0,,,,,,bowled,UT Yadav,,
548380,2012,2012-05-25,"MA Chidambaram Stadium, Chepauk",2,16.4,Delhi Daredevils,Chennai Super Kings,VR Aaron,P Negi,R Ashwin,0,0,,,,,,,,,
548380,2012,2012-05-25,"MA Chidambaram Stadium, Chepauk",2,16.5,Delhi Daredevils,Chennai Super Kings,VR Aaron,P Negi,R Ashwin,0,0,,,,,,run out,VR Aaron,,
