match_id,season,start_date,venue,innings,ball,batting_team,bowling_team,striker,non_striker,bowler,runs_off_bat,extras,wides,noballs,byes,legbyes,penalty,wicket_type,player_dismissed,other_wicket_type,other_player_dismissed
548357,2012,2012-05-07,Feroz Shah Kotla,1,0.1,Delhi Daredevils,Kolkata Knight Riders,DA Warner,V Sehwag,B Lee,0,0,,,,,,,,,
548357,2012,2012-05-07,Feroz Shah Kotla,1,0.2,Delhi Daredevils,Kolkata Knight Riders,DA Warner,V Sehwag,B Lee,0,0,,,,,,,,,
548357,2012,2012-05-07,Feroz Shah Kotla,1,0.3,Delhi Daredevils,Kolkata Knight Riders,DA Warner,V Sehwag,B Lee,0,0,,,,,,,,,
548357,2012,2012-05-07,Feroz Shah Kotla,1,0.4,Delhi Daredevils,Kolkata Knight Riders,DA Warner,V Sehwag,B Lee,0,0,,,,,,,,,
548357,2012,2012-05-07,Feroz Shah Kotla,1,0.5,Delhi Daredevils,Kolkata Knight Riders,DA Warner,V Sehwag,B Lee,0,0,,,,,,,,,
548357,2012,2012-05-07,Feroz Shah Kotla,1,0.6,Delhi Daredevils,Kolkata Knight Riders,DA Warner,V Sehwag,B Lee,0,0,,,,,,,,,
548357,2012,2012-05-07,Feroz Shah Kotla,1,1.1,Delhi Daredevils,Kolkata Knight Riders,V Sehwag,DA Warner,PJ Sangwan,4,0,,,,,,,,,
548357,2012,2012-05-07,Feroz Shah Kotla,1,1.2,Delhi Daredevils,Kolkata Knight Riders,V Sehwag,DA Warner,PJ Sangwan,1,0,,,,,,,,,
548357,2012,2012-05-07,Feroz Shah Kotla,1,1.3,Delhi Daredevils,Kolkata Knight Riders,DA Warner,V Sehwag,PJ Sangwan,1,0,,,,,,,,,
548357,2012,2012-05-07,Feroz Shah Kotla,1,1.4,Delhi Daredevils,Kolkata Knight Riders,V Sehwag,DA Warner,PJ Sangwan,4,0,,,,,,,,,
548357,2012,2012-05-07,Feroz Shah Kotla,1,1.5,Delhi Daredevils,Kolkata Knight Riders,V Sehwag,DA Warner,PJ Sangwan,6,0,,,,,,,,,
548357,2012,2012-05-07,Feroz Shah Kotla,1,1.6,Delhi Daredevils,Kolkata Knight Riders,V Sehwag,DA Warner,PJ Sangwan,1,0,,,,,,,,,
548357,2012,2012-05-07,Feroz Shah Kotla,1,2.1,Delhi Daredevils,Kolkata Knight Riders,V Sehwag,DA Warner,B Lee,1,0,,,,,,,,,
548357,2012,2012-05-07,Feroz Shah Kotla,1,2.2,Delhi Daredevils,Kolkata Knight Riders,DA Warner,V Sehwag,B Lee,2,0,,,,,,,,,
548357,2012,2012-05-07,Feroz Shah Kotla,1,2.3,Delhi Daredevils,Kolkata Knight Riders,DA Warner,V Sehwag,B Lee,6,0,,,,,,,,,
548357,2012,2012-05-07,Feroz Shah Kotla,1,2.4,Delhi Daredevils,Kolkata Knight Riders,DA Warner,V Sehwag,B Lee,2,0,,,,,,,,,
548357,2012,2012-05-07,Feroz Shah Kotla,1,2.5,Delhi Daredevils,Kolkata Knight Riders,DA Warner,V Sehwag,B Lee,0,2,,,,2,,,,,
548357,2012,2012-05-07,Feroz Shah Kotla,1,2.6,Delhi Daredevils,Kolkata Knight Riders,DA Warner,V Sehwag,B Lee,4,0,,,,,,,,,
548357,2012,2012-05-07,Feroz Shah Kotla,1,3.1,Delhi Daredevils,Kolkata Knight Riders,V Sehwag,DA Warner,JH Kallis,2,0,,,,,,,,,
548357,2012,2012-05-07,Feroz Shah Kotla,1,3.2,Delhi Daredevils,Kolkata Knight Riders,V Sehwag,DA Warner,JH Kallis,4,0,,,,,,,,,
548357,2012,2012-05-07,Feroz Shah Kotla,1,3.3,Delhi Daredevils,Kolkata Knight Riders,V Sehwag,DA Warner,JH Kallis,0,0,,,,,,lbw,V Sehwag,,
548357,2012,2012-05-07,Feroz Shah Kotla,1,3.4,Delhi Daredevils,Kolkata Knight Riders,DPMD Jayawardene,DA Warner,JH Kallis,0,0,,,,,,,,,
548357,2012,2012-05-07,Feroz Shah Kotla,1,3.5,Delhi Daredevils,Kolkata Knight Riders,DPMD Jayawardene,DA Warner,JH Kallis,1,0,,,,,,,,,
548357,2012,2012-05-07,Feroz Shah Kotla,1,3.6,Delhi Daredevils,Kolkata Knight Riders,DA Warner,DPMD Jayawardene,JH Kallis,0,0,,,,,,,,,
548357,2012,2012-05-07,Feroz Shah Kotla,1,4.1,Delhi Daredevils,Kolkata Knight Riders,DPMD Jayawardene,DA Warner,SP Narine,0,0,,,,,,,,,
548357,2012,2012-05-07,Feroz Shah Kotla,1,4.2,Delhi Daredevils,Kolkata Knight Riders,DPMD Jayawardene,DA Warner,SP Narine,0,0,,,,,,,,,
548357,2012,2012-05-07,Feroz Shah Kotla,1,4.3,Delhi Daredevils,Kolkata Knight Riders,DPMD Jayawardene,DA Warner,SP Narine,1,0,,,,,,,,,
548357,2012,2012-05-07,Feroz Shah Kotla,1,4.4,Delhi Daredevils,Kolkata Knight Riders,DA Warner,DPMD Jayawardene,SP Narine,0,0,,,,,,,,,
548357,2012,2012-05-07,Feroz Shah Kotla,1,4.5,Delhi Daredevils,Kolkata Knight Riders,DA Warner,DPMD Jayawardene,SP Narine,0,0,,,,,,,,,
548357,2012,2012-05-07,Feroz Shah Kotla,1,4.6,Delhi Daredevils,Kolkata Knight Riders,DA Warner,DPMD Jayawardene,SP Narine,1,0,,,,,,,,,
548357,2012,2012-05-07,Feroz Shah Kotla,1,5.1,Delhi Daredevils,Kolkata Knight Riders,DA Warner,DPMD Jayawardene,JH Kallis,1,0,,,,,,,,,
548357,2012,2012-05-07,Feroz Shah Kotla,1,5.2,Delhi Daredevils,Kolkata Knight Riders,DPMD Jayawardene,DA Warner,JH Kallis,1,0,,,,,,,,,
548357,2012,2012-05-07,Feroz Shah Kotla,1,5.3,Delhi Daredevils,Kolkata Knight Riders,DA Warner,DPMD Jayawardene,JH Kallis,4,0,,,,,,,,,
548357,2012,2012-05-07,Feroz Shah Kotla,1,5.4,Delhi Daredevils,Kolkata Knight Riders,DA Warner,DPMD Jayawardene,JH Kallis,0,0,,,,,,caught,DA Warner,,
548357,2012,2012-05-07,Feroz Shah Kotla,1,5.5,Delhi Daredevils,Kolkata Knight Riders,LRPL Taylor,DPMD Jayawardene,JH Kallis,1,0,,,,,,,,,
548357,2012,2012-05-07,Feroz Shah Kotla,1,5.6,Delhi Daredevils,Kolkata Knight Riders,DPMD Jayawardene,LRPL Taylor,JH Kallis,0,0,,,,,,,,,
548357,2012,2012-05-07,Feroz Shah Kotla,1,6.1,Delhi Daredevils,Kolkata Knight Riders,LRPL Taylor,DPMD Jayawardene,PJ Sangwan,1,0,,,,,,,,,
548357,2012,2012-05-07,Feroz Shah Kotla,1,6.2,Delhi Daredevils,Kolkata Knight Riders,DPMD Jayawardene,LRPL Taylor,PJ Sangwan,0,0,,,,,,,,,
548357,2012,2012-05-07,Feroz Shah Kotla,1,6.3,Delhi Daredevils,Kolkata Knight Riders,DPMD Jayawardene,LRPL Taylor,PJ Sangwan,1,0,,,,,,,,,
548357,2012,2012-05-07,Feroz Shah Kotla,1,6.4,Delhi Daredevils,Kolkata Knight Riders,LRPL Taylor,DPMD Jayawardene,PJ Sangwan,1,0,,,,,,,,,
548357,2012,2012-05-07,Feroz Shah Kotla,1,6.5,Delhi Daredevils,Kolkata Knight Riders,DPMD Jayawardene,LRPL Taylor,PJ Sangwan,0,0,,,,,,,,,
548357,2012,2012-05-07,Feroz Shah Kotla,1,6.6,Delhi Daredevils,Kolkata Knight Riders,DPMD Jayawardene,LRPL Taylor,PJ Sangwan,0,5,5,,,,,,,,
548357,2012,2012-05-07,Feroz Shah Kotla,1,6.7,Delhi Daredevils,Kolkata Knight Riders,DPMD Jayawardene,LRPL Taylor,PJ Sangwan,4,0,,,,,,,,,
548357,2012,2012-05-07,Feroz Shah Kotla,1,7.1,Delhi Daredevils,Kolkata Knight Riders,LRPL Taylor,DPMD Jayawardene,JH Kallis,0,0,,,,,,,,,
548357,2012,2012-05-07,Feroz Shah Kotla,1,7.2,Delhi Daredevils,Kolkata Knight Riders,LRPL Taylor,DPMD Jayawardene,JH Kallis,0,0,,,,,,,,,
548357,2012,2012-05-07,Feroz Shah Kotla,1,7.3,Delhi Daredevils,Kolkata Knight Riders,LRPL Taylor,DPMD Jayawardene,JH Kallis,1,0,,,,,,,,,
548357,2012,2012-05-07,Feroz Shah Kotla,1,7.4,Delhi Daredevils,Kolkata Knight Riders,DPMD Jayawardene,LRPL Taylor,JH Kallis,0,0,,,,,,,,,
548357,2012,2012-05-07,Feroz Shah Kotla,1,7.5,Delhi Daredevils,Kolkata Knight Riders,DPMD Jayawardene,LRPL Taylor,JH Kallis,1,0,,,,,,,,,
548357,2012,2012-05-07,Feroz Shah Kotla,1,7.6,Delhi Daredevils,Kolkata Knight Riders,LRPL Taylor,DPMD Jayawardene,JH Kallis,0,0,,,,,,,,,
548357,2012,2012-05-07,Feroz Shah Kotla,1,8.1,Delhi Daredevils,Kolkata Knight Riders,DPMD Jayawardene,LRPL Taylor,R Bhatia,4,0,,,,,,,,,
548357,2012,2012-05-07,Feroz Shah Kotla,1,8.2,Delhi Daredevils,Kolkata Knight Riders,DPMD Jayawardene,LRPL Taylor,R Bhatia,0,0,,,,,,,,,
548357,2012,2012-05-07,Feroz Shah Kotla,1,8.3,Delhi Daredevils,Kolkata Knight Riders,DPMD Jayawardene,LRPL Taylor,R Bhatia,6,0,,,,,,,,,
548357,2012,2012-05-07,Feroz Shah Kotla,1,8.4,Delhi Daredevils,Kolkata Knight Riders,DPMD Jayawardene,LRPL Taylor,R Bhatia,0,0,,,,,,,,,
548357,2012,2012-05-07,Feroz Shah Kotla,1,8.5,Delhi Daredevils,Kolkata Knight Riders,DPMD Jayawardene,LRPL Taylor,R Bhatia,1,0,,,,,,,,,
548357,2012,2012-05-07,Feroz Shah Kotla,1,8.6,Delhi Daredevils,Kolkata Knight Riders,LRPL Taylor,DPMD Jayawardene,R Bhatia,0,0,,,,,,,,,
548357,2012,2012-05-07,Feroz Shah Kotla,1,9.1,Delhi Daredevils,Kolkata Knight Riders,DPMD Jayawardene,LRPL Taylor,JH Kallis,1,0,,,,,,,,,
548357,2012,2012-05-07,Feroz Shah Kotla,1,9.2,Delhi Daredevils,Kolkata Knight Riders,LRPL Taylor,DPMD Jayawardene,JH Kallis,1,0,,,,,,,,,
548357,2012,2012-05-07,Feroz Shah Kotla,1,9.3,Delhi Daredevils,Kolkata Knight Riders,DPMD Jayawardene,LRPL Taylor,JH Kallis,1,0,,,,,,,,,
548357,2012,2012-05-07,Feroz Shah Kotla,1,9.4,Delhi Daredevils,Kolkata Knight Riders,LRPL Taylor,DPMD Jayawardene,JH Kallis,0,0,,,,,,,,,
548357,2012,2012-05-07,Feroz Shah Kotla,1,9.5,Delhi Daredevils,Kolkata Knight Riders,LRPL Taylor,DPMD Jayawardene,JH Kallis,1,0,,,,,,,,,
548357,2012,2012-05-07,Feroz Shah Kotla,1,9.6,Delhi Daredevils,Kolkata Knight Riders,DPMD Jayawardene,LRPL Taylor,JH Kallis,0,0,,,,,,,,,
548357,2012,2012-05-07,Feroz Shah Kotla,1,10.1,Delhi Daredevils,Kolkata Knight Riders,LRPL Taylor,DPMD Jayawardene,R Bhatia,2,0,,,,,,,,,
548357,2012,2012-05-07,Feroz Shah Kotla,1,10.2,Delhi Daredevils,Kolkata Knight Riders,LRPL Taylor,DPMD Jayawardene,R Bhatia,1,0,,,,,,,,,
548357,2012,2012-05-07,Feroz Shah Kotla,1,10.3,Delhi Daredevils,Kolkata Knight Riders,DPMD Jayawardene,LRPL Taylor,R Bhatia,1,0,,,,,,,,,
548357,2012,2012-05-07,Feroz Shah Kotla,1,10.4,Delhi Daredevils,Kolkata Knight Riders,LRPL Taylor,DPMD Jayawardene,R Bhatia,0,0,,,,,,,,,
548357,2012,2012-05-07,Feroz Shah Kotla,1,10.5,Delhi Daredevils,Kolkata Knight Riders,LRPL Taylor,DPMD Jayawardene,R Bhatia,0,1,,,1,,,,,,
548357,2012,2012-05-07,Feroz Shah Kotla,1,10.6,Delhi Daredevils,Kolkata Knight Riders,DPMD Jayawardene,LRPL Taylor,R Bhatia,0,0,,,,,,,,,
548357,2012,2012-05-07,Feroz Shah Kotla,1,11.1,Delhi Daredevils,Kolkata Knight Riders,LRPL Taylor,DPMD Jayawardene,PJ Sangwan,1,0,,,,,,,,,
548357,2012,2012-05-07,Feroz Shah Kotla,1,11.2,Delhi Daredevils,Kolkata Knight Riders,DPMD Jayawardene,LRPL Taylor,PJ Sangwan,1,0,,,,,,,,,
548357,2012,2012-05-07,Feroz Shah Kotla,1,11.3,Delhi Daredevils,Kolkata Knight Riders,LRPL Taylor,DPMD Jayawardene,PJ Sangwan,0,0,,,,,,,,,
548357,2012,2012-05-07,Feroz Shah Kotla,1,11.4,Delhi Daredevils,Kolkata Knight Riders,LRPL Taylor,DPMD Jayawardene,PJ Sangwan,1,0,,,,,,,,,
548357,2012,2012-05-07,Feroz Shah Kotla,1,11.5,Delhi Daredevils,Kolkata Knight Riders,DPMD Jayawardene,LRPL Taylor,PJ Sangwan,1,0,,,,,,,,,
548357,2012,2012-05-07,Feroz Shah Kotla,1,11.6,Delhi Daredevils,Kolkata Knight Riders,LRPL Taylor,DPMD Jayawardene,PJ Sangwan,1,0,,,,,,,,,
548357,2012,2012-05-07,Feroz Shah Kotla,1,12.1,Delhi Daredevils,Kolkata Knight Riders,LRPL Taylor,DPMD Jayawardene,SP Narine,1,0,,,,,,,,,
548357,2012,2012-05-07,Feroz Shah Kotla,1,12.2,Delhi Daredevils,Kolkata Knight Riders,DPMD Jayawardene,LRPL Taylor,SP Narine,4,0,,,,,,,,,
548357,2012,2012-05-07,Feroz Shah Kotla,1,12.3,Delhi Daredevils,Kolkata Knight Riders,DPMD Jayawardene,LRPL Taylor,SP Narine,1,0,,,,,,,,,
548357,2012,2012-05-07,Feroz Shah Kotla,1,12.4,Delhi Daredevils,Kolkata Knight Riders,LRPL Taylor,DPMD Jayawardene,SP Narine,0,0,,,,,,run out,DPMD Jayawardene,,
548357,2012,2012-05-07,Feroz Shah Kotla,1,12.5,Delhi Daredevils,Kolkata Knight Riders,IK Pathan,LRPL Taylor,SP Narine,0,0,,,,,,,,,
548357,2012,2012-05-07,Feroz Shah Kotla,1,12.6,Delhi Daredevils,Kolkata Knight Riders,IK Pathan,LRPL Taylor,SP Narine,0,0,,,,,,,,,
548357,2012,2012-05-07,Feroz Shah Kotla,1,13.1,Delhi Daredevils,Kolkata Knight Riders,LRPL Taylor,IK Pathan,R Bhatia,1,0,,,,,,,,,
548357,2012,2012-05-07,Feroz Shah Kotla,1,13.2,Delhi Daredevils,Kolkata Knight Riders,IK Pathan,LRPL Taylor,R Bhatia,1,0,,,,,,,,,
548357,2012,2012-05-07,Feroz Shah Kotla,1,13.3,Delhi Daredevils,Kolkata Knight Riders,LRPL Taylor,IK Pathan,R Bhatia,0,0,,,,,,,,,
548357,2012,2012-05-07,Feroz Shah Kotla,1,13.4,Delhi Daredevils,Kolkata Knight Riders,LRPL Taylor,IK Pathan,R Bhatia,1,0,,,,,,,,,
548357,2012,2012-05-07,Feroz Shah Kotla,1,13.5,Delhi Daredevils,Kolkata Knight Riders,IK Pathan,LRPL Taylor,R Bhatia,1,0,,,,,,,,,
548357,2012,2012-05-07,Feroz Shah Kotla,1,13.6,Delhi Daredevils,Kolkata Knight Riders,LRPL Taylor,IK Pathan,R Bhatia,1,0,,,,,,,,,
548357,2012,2012-05-07,Feroz Shah Kotla,1,14.1,Delhi Daredevils,Kolkata Knight Riders,LRPL Taylor,IK Pathan,PJ Sangwan,0,0,,,,,,,,,
548357,2012,2012-05-07,Feroz Shah Kotla,1,14.2,Delhi Daredevils,Kolkata Knight Riders,LRPL Taylor,IK Pathan,PJ Sangwan,0,0,,,,,,caught,LRPL Taylor,,
548357,2012,2012-05-07,Feroz Shah Kotla,1,14.3,Delhi Daredevils,Kolkata Knight Riders,IK Pathan,Y Nagar,PJ Sangwan,1,0,,,,,,,,,
548357,2012,2012-05-07,Feroz Shah Kotla,1,14.4,Delhi Daredevils,Kolkata Knight Riders,Y Nagar,IK Pathan,PJ Sangwan,1,0,,,,,,,,,
548357,2012,2012-05-07,Feroz Shah Kotla,1,14.5,Delhi Daredevils,Kolkata Knight Riders,IK Pathan,Y Nagar,PJ Sangwan,4,0,,,,,,,,,
548357,2012,2012-05-07,Feroz Shah Kotla,1,14.6,Delhi Daredevils,Kolkata Knight Riders,IK Pathan,Y Nagar,PJ Sangwan,2,0,,,,,,,,,
548357,2012,2012-05-07,Feroz Shah Kotla,1,15.1,Delhi Daredevils,Kolkata Knight Riders,Y Nagar,IK Pathan,R Bhatia,1,0,,,,,,,,,
548357,2012,2012-05-07,Feroz Shah Kotla,1,15.2,Delhi Daredevils,Kolkata Knight Riders,IK Pathan,Y Nagar,R Bhatia,0,0,,,,,,,,,
548357,2012,2012-05-07,Feroz Shah Kotla,1,15.3,Delhi Daredevils,Kolkata Knight Riders,IK Pathan,Y Nagar,R Bhatia,1,0,,,,,,,,,
548357,2012,2012-05-07,Feroz Shah Kotla,1,15.4,Delhi Daredevils,Kolkata Knight Riders,Y Nagar,IK Pathan,R Bhatia,1,0,,,,,,,,,
548357,2012,2012-05-07,Feroz Shah Kotla,1,15.5,Delhi Daredevils,Kolkata Knight Riders,IK Pathan,Y Nagar,R Bhatia,1,0,,,,,,,,,
548357,2012,2012-05-07,Feroz Shah Kotla,1,15.6,Delhi Daredevils,Kolkata Knight Riders,Y Nagar,IK Pathan,R Bhatia,2,0,,,,,,,,,
548357,2012,2012-05-07,Feroz Shah Kotla,1,16.1,Delhi Daredevils,Kolkata Knight Riders,IK Pathan,Y Nagar,B Lee,4,0,,,,,,,,,
548357,2012,2012-05-07,Feroz Shah Kotla,1,16.2,Delhi Daredevils,Kolkata Knight Riders,IK Pathan,Y Nagar,B Lee,1,0,,,,,,,,,
548357,2012,2012-05-07,Feroz Shah Kotla,1,16.3,Delhi Daredevils,Kolkata Knight Riders,Y Nagar,IK Pathan,B Lee,1,0,,,,,,,,,
548357,2012,2012-05-07,Feroz Shah Kotla,1,16.4,Delhi Daredevils,Kolkata Knight Riders,IK Pathan,Y Nagar,B Lee,1,0,,,,,,,,,
548357,2012,2012-05-07,Feroz Shah Kotla,1,16.5,Delhi Daredevils,Kolkata Knight Riders,Y Nagar,IK Pathan,B Lee,4,0,,,,,,,,,
548357,2012,2012-05-07,Feroz Shah Kotla,1,16.6,Delhi Daredevils,Kolkata Knight Riders,Y Nagar,IK Pathan,B Lee,0,0,,,,,,bowled,Y Nagar,,
548357,2012,2012-05-07,Feroz Shah Kotla,1,17.1,Delhi Daredevils,Kolkata Knight Riders,IK Pathan,NV Ojha,SP Narine,1,0,,,,,,,,,
548357,2012,2012-05-07,Feroz Shah Kotla,1,17.2,Delhi Daredevils,Kolkata Knight Riders,NV Ojha,IK Pathan,SP Narine,0,0,,,,,,,,,
548357,2012,2012-05-07,Feroz Shah Kotla,1,17.3,Delhi Daredevils,Kolkata Knight Riders,NV Ojha,IK Pathan,SP Narine,0,0,,,,,,,,,
548357,2012,2012-05-07,Feroz Shah Kotla,1,17.4,Delhi Daredevils,Kolkata Knight Riders,NV Ojha,IK Pathan,SP Narine,1,0,,,,,,,,,
548357,2012,2012-05-07,Feroz Shah Kotla,1,17.5,Delhi Daredevils,Kolkata Knight Riders,IK Pathan,NV Ojha,SP Narine,1,0,,,,,,,,,
548357,2012,2012-05-07,Feroz Shah Kotla,1,17.6,Delhi Daredevils,Kolkata Knight Riders,NV Ojha,IK Pathan,SP Narine,0,0,,,,,,,,,
548357,2012,2012-05-07,Feroz Shah Kotla,1,18.1,Delhi Daredevils,Kolkata Knight Riders,IK Pathan,NV Ojha,B Lee,0,0,,,,,,,,,
548357,2012,2012-05-07,Feroz Shah Kotla,1,18.2,Delhi Daredevils,Kolkata Knight Riders,IK Pathan,NV Ojha,B Lee,0,1,1,,,,,,,,
548357,2012,2012-05-07,Feroz Shah Kotla,1,18.3,Delhi Daredevils,Kolkata Knight Riders,IK Pathan,NV Ojha,B Lee,2,0,,,,,,,,,
548357,2012,2012-05-07,Feroz Shah Kotla,1,18.4,Delhi Daredevils,Kolkata Knight Riders,IK Pathan,NV Ojha,B Lee,4,0,,,,,,,,,
548357,2012,2012-05-07,Feroz Shah Kotla,1,18.5,Delhi Daredevils,Kolkata Knight Riders,IK Pathan,NV Ojha,B Lee,4,0,,,,,,,,,
548357,2012,2012-05-07,Feroz Shah Kotla,1,18.6,Delhi Daredevils,Kolkata Knight Riders,IK Pathan,NV Ojha,B Lee,1,0,,,,,,,,,
548357,2012,2012-05-07,Feroz Shah Kotla,1,18.7,Delhi Daredevils,Kolkata Knight Riders,NV Ojha,IK Pathan,B Lee,1,0,,,,,,,,,
548357,2012,2012-05-07,Feroz Shah Kotla,1,19.1,Delhi Daredevils,Kolkata Knight Riders,NV Ojha,IK Pathan,SP Narine,0,5,5,,,,,,,,
548357,2012,2012-05-07,Feroz Shah Kotla,1,19.2,Delhi Daredevils,Kolkata Knight Riders,NV Ojha,IK Pathan,SP Narine,0,0,,,,,,caught,NV Ojha,,
548357,2012,2012-05-07,Feroz Shah Kotla,1,19.3,Delhi Daredevils,Kolkata Knight Riders,IK Pathan,M Morkel,SP Narine,6,0,,,,,,,,,
548357,2012,2012-05-07,Feroz Shah Kotla,1,19.4,Delhi Daredevils,Kolkata Knight Riders,IK Pathan,M Morkel,SP Narine,0,0,,,,,,stumped,IK Pathan,,
548357,2012,2012-05-07,Feroz Shah Kotla,1,19.5,Delhi Daredevils,Kolkata Knight Riders,S Nadeem,M Morkel,SP Narine,0,0,,,,,,run out,M Morkel,,
548357,2012,2012-05-07,Feroz Shah Kotla,1,19.6,Delhi Daredevils,Kolkata Knight Riders,VR Aaron,S Nadeem,SP Narine,1,0,,,,,,,,,
548357,2012,2012-05-07,Feroz Shah Kotla,1,19.7,Delhi Daredevils,Kolkata Knight Riders,S Nadeem,VR Aaron,SP Narine,0,0,,,,,,run out,VR Aaron,,
548357,2012,2012-05-07,Feroz Shah Kotla,2,0.1,Kolkata Knight Riders,Delhi Daredevils,BB McCullum,G Gambhir,IK Pathan,1,0,,,,,,,,,
548357,2012,2012-05-07,Feroz Shah Kotla,2,0.2,Kolkata Knight Riders,Delhi Daredevils,G Gambhir,BB McCullum,IK Pathan,0,0,,,,,,,,,
548357,2012,2012-05-07,Feroz Shah Kotla,2,0.3,Kolkata Knight Riders,Delhi Daredevils,G Gambhir,BB McCullum,IK Pathan,1,0,,,,,,,,,
548357,2012,2012-05-07,Feroz Shah Kotla,2,0.4,Kolkata Knight Riders,Delhi Daredevils,BB McCullum,G Gambhir,IK Pathan,4,0,,,,,,,,,
548357,2012,2012-05-07,Feroz Shah Kotla,2,0.5,Kolkata Knight Riders,Delhi Daredevils,BB McCullum,G Gambhir,IK Pathan,4,0,,,,,,,,,
548357,2012,2012-05-07,Feroz Shah Kotla,2,0.6,Kolkata Knight Riders,Delhi Daredevils,BB McCullum,G Gambhir,IK Pathan,0,0,,,,,,,,,
548357,2012,2012-05-07,Feroz Shah Kotla,2,1.1,Kolkata Knight Riders,Delhi Daredevils,G Gambhir,BB McCullum,S Nadeem,0,0,,,,,,,,,
548357,2012,2012-05-07,Feroz Shah Kotla,2,1.2,Kolkata Knight Riders,Delhi Daredevils,G Gambhir,BB McCullum,S Nadeem,1,0,,,,,,,,,
548357,2012,2012-05-07,Feroz Shah Kotla,2,1.3,Kolkata Knight Riders,Delhi Daredevils,BB McCullum,G Gambhir,S Nadeem,1,0,,,,,,,,,
548357,2012,2012-05-07,Feroz Shah Kotla,2,1.4,Kolkata Knight Riders,Delhi Daredevils,G Gambhir,BB McCullum,S Nadeem,0,0,,,,,,,,,
548357,2012,2012-05-07,Feroz Shah Kotla,2,1.5,Kolkata Knight Riders,Delhi Daredevils,G Gambhir,BB McCullum,S Nadeem,0,0,,,,,,,,,
548357,2012,2012-05-07,Feroz Shah Kotla,2,1.6,Kolkata Knight Riders,Delhi Daredevils,G Gambhir,BB McCullum,S Nadeem,2,0,,,,,,,,,
548357,2012,2012-05-07,Feroz Shah Kotla,2,2.1,Kolkata Knight Riders,Delhi Daredevils,BB McCullum,G Gambhir,M Morkel,0,0,,,,,,,,,
548357,2012,2012-05-07,Feroz Shah Kotla,2,2.2,Kolkata Knight Riders,Delhi Daredevils,BB McCullum,G Gambhir,M Morkel,1,0,,,,,,,,,
548357,2012,2012-05-07,Feroz Shah Kotla,2,2.3,Kolkata Knight Riders,Delhi Daredevils,G Gambhir,BB McCullum,M Morkel,0,1,1,,,,,,,,
548357,2012,2012-05-07,Feroz Shah Kotla,2,2.4,Kolkata Knight Riders,Delhi Daredevils,G Gambhir,BB McCullum,M Morkel,0,0,,,,,,,,,
548357,2012,2012-05-07,Feroz Shah Kotla,2,2.5,Kolkata Knight Riders,Delhi Daredevils,G Gambhir,BB McCullum,M Morkel,4,0,,,,,,,,,
548357,2012,2012-05-07,Feroz Shah Kotla,2,2.6,Kolkata Knight Riders,Delhi Daredevils,G Gambhir,BB McCullum,M Morkel,1,0,,,,,,,,,
548357,2012,2012-05-07,Feroz Shah Kotla,2,2.7,Kolkata Knight Riders,Delhi Daredevils,BB McCullum,G Gambhir,M Morkel,0,0,,,,,,,,,
548357,2012,2012-05-07,Feroz Shah Kotla,2,3.1,Kolkata Knight Riders,Delhi Daredevils,G Gambhir,BB McCullum,S Nadeem,4,0,,,,,,,,,
548357,2012,2012-05-07,Feroz Shah Kotla,2,3.2,Kolkata Knight Riders,Delhi Daredevils,G Gambhir,BB McCullum,S Nadeem,1,0,,,,,,,,,
548357,2012,2012-05-07,Feroz Shah Kotla,2,3.3,Kolkata Knight Riders,Delhi Daredevils,BB McCullum,G Gambhir,S Nadeem,1,0,,,,,,,,,
548357,2012,2012-05-07,Feroz Shah Kotla,2,3.4,Kolkata Knight Riders,Delhi Daredevils,G Gambhir,BB McCullum,S Nadeem,0,0,,,,,,,,,
548357,2012,2012-05-07,Feroz Shah Kotla,2,3.5,Kolkata Knight Riders,Delhi Daredevils,G Gambhir,BB McCullum,S Nadeem,4,0,,,,,,,,,
548357,2012,2012-05-07,Feroz Shah Kotla,2,3.6,Kolkata Knight Riders,Delhi Daredevils,G Gambhir,BB McCullum,S Nadeem,6,0,,,,,,,,,
548357,2012,2012-05-07,Feroz Shah Kotla,2,4.1,Kolkata Knight Riders,Delhi Daredevils,BB McCullum,G Gambhir,M Morkel,1,0,,,,,,,,,
548357,2012,2012-05-07,Feroz Shah Kotla,2,4.2,Kolkata Knight Riders,Delhi Daredevils,G Gambhir,BB McCullum,M Morkel,4,0,,,,,,,,,
548357,2012,2012-05-07,Feroz Shah Kotla,2,4.3,Kolkata Knight Riders,Delhi Daredevils,G Gambhir,BB McCullum,M Morkel,3,0,,,,,,,,,
548357,2012,2012-05-07,Feroz Shah Kotla,2,4.4,Kolkata Knight Riders,Delhi Daredevils,BB McCullum,G Gambhir,M Morkel,0,0,,,,,,,,,
548357,2012,2012-05-07,Feroz Shah Kotla,2,4.5,Kolkata Knight Riders,Delhi Daredevils,BB McCullum,G Gambhir,M Morkel,3,0,,,,,,,,,
548357,2012,2012-05-07,Feroz Shah Kotla,2,4.6,Kolkata Knight Riders,Delhi Daredevils,G Gambhir,BB McCullum,M Morkel,2,0,,,,,,,,,
548357,2012,2012-05-07,Feroz Shah Kotla,2,5.1,Kolkata Knight Riders,Delhi Daredevils,BB McCullum,G Gambhir,UT Yadav,0,0,,,,,,,,,
548357,2012,2012-05-07,Feroz Shah Kotla,2,5.2,Kolkata Knight Riders,Delhi Daredevils,BB McCullum,G Gambhir,UT Yadav,2,0,,,,,,,,,
548357,2012,2012-05-07,Feroz Shah Kotla,2,5.3,Kolkata Knight Riders,Delhi Daredevils,BB McCullum,G Gambhir,UT Yadav,4,0,,,,,,,,,
548357,2012,2012-05-07,Feroz Shah Kotla,2,5.4,Kolkata Knight Riders,Delhi Daredevils,BB McCullum,G Gambhir,UT Yadav,4,0,,,,,,,,,
548357,2012,2012-05-07,Feroz Shah Kotla,2,5.5,Kolkata Knight Riders,Delhi Daredevils,BB McCullum,G Gambhir,UT Yadav,0,0,,,,,,,,,
548357,2012,2012-05-07,Feroz Shah Kotla,2,5.6,Kolkata Knight Riders,Delhi Daredevils,BB McCullum,G Gambhir,UT Yadav,0,0,,,,,,,,,
548357,2012,2012-05-07,Feroz Shah Kotla,2,6.1,Kolkata Knight Riders,Delhi Daredevils,G Gambhir,BB McCullum,VR Aaron,1,0,,,,,,,,,
548357,2012,2012-05-07,Feroz Shah Kotla,2,6.2,Kolkata Knight Riders,Delhi Daredevils,BB McCullum,G Gambhir,VR Aaron,0,0,,,,,,,,,
548357,2012,2012-05-07,Feroz Shah Kotla,2,6.3,Kolkata Knight Riders,Delhi Daredevils,BB McCullum,G Gambhir,VR Aaron,4,0,,,,,,,,,
548357,2012,2012-05-07,Feroz Shah Kotla,2,6.4,Kolkata Knight Riders,Delhi Daredevils,BB McCullum,G Gambhir,VR Aaron,1,0,,,,,,,,,
548357,2012,2012-05-07,Feroz Shah Kotla,2,6.5,Kolkata Knight Riders,Delhi Daredevils,G Gambhir,BB McCullum,VR Aaron,2,0,,,,,,,,,
548357,2012,2012-05-07,Feroz Shah Kotla,2,6.6,Kolkata Knight Riders,Delhi Daredevils,G Gambhir,BB McCullum,VR Aaron,0,0,,,,,,bowled,G Gambhir,,
548357,2012,2012-05-07,Feroz Shah Kotla,2,7.1,Kolkata Knight Riders,Delhi Daredevils,BB McCullum,JH Kallis,UT Yadav,1,0,,,,,,,,,
548357,2012,2012-05-07,Feroz Shah Kotla,2,7.2,Kolkata Knight Riders,Delhi Daredevils,JH Kallis,BB McCullum,UT Yadav,0,1,1,,,,,,,,
548357,2012,2012-05-07,Feroz Shah Kotla,2,7.3,Kolkata Knight Riders,Delhi Daredevils,JH Kallis,BB McCullum,UT Yadav,0,0,,,,,,,,,
548357,2012,2012-05-07,Feroz Shah Kotla,2,7.4,Kolkata Knight Riders,Delhi Daredevils,JH Kallis,BB McCullum,UT Yadav,1,0,,,,,,,,,
548357,2012,2012-05-07,Feroz Shah Kotla,2,7.5,Kolkata Knight Riders,Delhi Daredevils,BB McCullum,JH Kallis,UT Yadav,0,0,,,,,,,,,
548357,2012,2012-05-07,Feroz Shah Kotla,2,7.6,Kolkata Knight Riders,Delhi Daredevils,BB McCullum,JH Kallis,UT Yadav,1,0,,,,,,,,,
548357,2012,2012-05-07,Feroz Shah Kotla,2,7.7,Kolkata Knight Riders,Delhi Daredevils,JH Kallis,BB McCullum,UT Yadav,0,0,,,,,,,,,
548357,2012,2012-05-07,Feroz Shah Kotla,2,8.1,Kolkata Knight Riders,Delhi Daredevils,BB McCullum,JH Kallis,VR Aaron,1,0,,,,,,,,,
548357,2012,2012-05-07,Feroz Shah Kotla,2,8.2,Kolkata Knight Riders,Delhi Daredevils,JH Kallis,BB McCullum,VR Aaron,1,0,,,,,,,,,
548357,2012,2012-05-07,Feroz Shah Kotla,2,8.3,Kolkata Knight Riders,Delhi Daredevils,BB McCullum,JH Kallis,VR Aaron,0,0,,,,,,,,,
548357,2012,2012-05-07,Feroz Shah Kotla,2,8.4,Kolkata Knight Riders,Delhi Daredevils,BB McCullum,JH Kallis,VR Aaron,1,0,,,,,,,,,
548357,2012,2012-05-07,Feroz Shah Kotla,2,8.5,Kolkata Knight Riders,Delhi Daredevils,JH Kallis,BB McCullum,VR Aaron,0,0,,,,,,,,,
548357,2012,2012-05-07,Feroz Shah Kotla,2,8.6,Kolkata Knight Riders,Delhi Daredevils,JH Kallis,BB McCullum,VR Aaron,1,0,,,,,,,,,
548357,2012,2012-05-07,Feroz Shah Kotla,2,9.1,Kolkata Knight Riders,Delhi Daredevils,JH Kallis,BB McCullum,S Nadeem,1,0,,,,,,,,,
548357,2012,2012-05-07,Feroz Shah Kotla,2,9.2,Kolkata Knight Riders,Delhi Daredevils,BB McCullum,JH Kallis,S Nadeem,0,0,,,,,,,,,
548357,2012,2012-05-07,Feroz Shah Kotla,2,9.3,Kolkata Knight Riders,Delhi Daredevils,BB McCullum,JH Kallis,S Nadeem,1,0,,,,,,,,,
548357,2012,2012-05-07,Feroz Shah Kotla,2,9.4,Kolkata Knight Riders,Delhi Daredevils,JH Kallis,BB McCullum,S Nadeem,0,0,,,,,,,,,
548357,2012,2012-05-07,Feroz Shah Kotla,2,9.5,Kolkata Knight Riders,Delhi Daredevils,JH Kallis,BB McCullum,S Nadeem,1,0,,,,,,,,,
548357,2012,2012-05-07,Feroz Shah Kotla,2,9.6,Kolkata Knight Riders,Delhi Daredevils,BB McCullum,JH Kallis,S Nadeem,1,0,,,,,,,,,
548357,2012,2012-05-07,Feroz Shah Kotla,2,10.1,Kolkata Knight Riders,Delhi Daredevils,BB McCullum,JH Kallis,IK Pathan,2,0,,,,,,,,,
548357,2012,2012-05-07,Feroz Shah Kotla,2,10.2,Kolkata Knight Riders,Delhi Daredevils,BB McCullum,JH Kallis,IK Pathan,1,0,,,,,,,,,
548357,2012,2012-05-07,Feroz Shah Kotla,2,10.3,Kolkata Knight Riders,Delhi Daredevils,JH Kallis,BB McCullum,IK Pathan,2,0,,,,,,,,,
548357,2012,2012-05-07,Feroz Shah Kotla,2,10.4,Kolkata Knight Riders,Delhi Daredevils,JH Kallis,BB McCullum,IK Pathan,0,0,,,,,,,,,
548357,2012,2012-05-07,Feroz Shah Kotla,2,10.5,Kolkata Knight Riders,Delhi Daredevils,JH Kallis,BB McCullum,IK Pathan,0,0,,,,,,,,,
548357,2012,2012-05-07,Feroz Shah Kotla,2,10.6,Kolkata Knight Riders,Delhi Daredevils,JH Kallis,BB McCullum,IK Pathan,1,0,,,,,,,,,
548357,2012,2012-05-07,Feroz Shah Kotla,2,11.1,Kolkata Knight Riders,Delhi Daredevils,JH Kallis,BB McCullum,S Nadeem,1,0,,,,,,,,,
548357,2012,2012-05-07,Feroz Shah Kotla,2,11.2,Kolkata Knight Riders,Delhi Daredevils,BB McCullum,JH Kallis,S Nadeem,1,0,,,,,,,,,
548357,2012,2012-05-07,Feroz Shah Kotla,2,11.3,Kolkata Knight Riders,Delhi Daredevils,JH Kallis,BB McCullum,S Nadeem,0,0,,,,,,,,,
548357,2012,2012-05-07,Feroz Shah Kotla,2,11.4,Kolkata Knight Riders,Delhi Daredevils,JH Kallis,BB McCullum,S Nadeem,1,0,,,,,,,,,
548357,2012,2012-05-07,Feroz Shah Kotla,2,11.5,Kolkata Knight Riders,Delhi Daredevils,BB McCullum,JH Kallis,S Nadeem,1,0,,,,,,,,,
548357,2012,2012-05-07,Feroz Shah Kotla,2,11.6,Kolkata Knight Riders,Delhi Daredevils,JH Kallis,BB McCullum,S Nadeem,4,0,,,,,,,,,
548357,2012,2012-05-07,Feroz Shah Kotla,2,12.1,Kolkata Knight Riders,Delhi Daredevils,BB McCullum,JH Kallis,IK Pathan,0,0,,,,,,,,,
548357,2012,2012-05-07,Feroz Shah Kotla,2,12.2,Kolkata Knight Riders,Delhi Daredevils,BB McCullum,JH Kallis,IK Pathan,0,1,,,,1,,,,,
548357,2012,2012-05-07,Feroz Shah Kotla,2,12.3,Kolkata Knight Riders,Delhi Daredevils,JH Kallis,BB McCullum,IK Pathan,4,0,,,,,,,,,
548357,2012,2012-05-07,Feroz Shah Kotla,2,12.4,Kolkata Knight Riders,Delhi Daredevils,JH Kallis,BB McCullum,IK Pathan,0,1,1,,,,,,,,
548357,2012,2012-05-07,Feroz Shah Kotla,2,12.5,Kolkata Knight Riders,Delhi Daredevils,JH Kallis,BB McCullum,IK Pathan,1,0,,,,,,,,,
548357,2012,2012-05-07,Feroz Shah Kotla,2,12.6,Kolkata Knight Riders,Delhi Daredevils,BB McCullum,JH Kallis,IK Pathan,2,0,,,,,,,,,
548357,2012,2012-05-07,Feroz Shah Kotla,2,12.7,Kolkata Knight Riders,Delhi Daredevils,BB McCullum,JH Kallis,IK Pathan,4,0,,,,,,,,,
548357,2012,2012-05-07,Feroz Shah Kotla,2,13.1,Kolkata Knight Riders,Delhi Daredevils,JH Kallis,BB McCullum,UT Yadav,0,1,1,,,,,,,,
548357,2012,2012-05-07,Feroz Shah Kotla,2,13.2,Kolkata Knight Riders,Delhi Daredevils,JH Kallis,BB McCullum,UT Yadav,2,0,,,,,,,,,
548357,2012,2012-05-07,Feroz Shah Kotla,2,13.3,Kolkata Knight Riders,Delhi Daredevils,JH Kallis,BB McCullum,UT Yadav,1,0,,,,,,,,,
548357,2012,2012-05-07,Feroz Shah Kotla,2,13.4,Kolkata Knight Riders,Delhi Daredevils,BB McCullum,JH Kallis,UT Yadav,0,1,,,,1,,,,,
548357,2012,2012-05-07,Feroz Shah Kotla,2,13.5,Kolkata Knight Riders,Delhi Daredevils,JH Kallis,BB McCullum,UT Yadav,2,0,,,,,,,,,
548357,2012,2012-05-07,Feroz Shah Kotla,2,13.6,Kolkata Knight Riders,Delhi Daredevils,JH Kallis,BB McCullum,UT Yadav,4,0,,,,,,,,,
548357,2012,2012-05-07,Feroz Shah Kotla,2,13.7,Kolkata Knight Riders,Delhi Daredevils,JH Kallis,BB McCullum,UT Yadav,0,0,,,,,,,,,
548357,2012,2012-05-07,Feroz Shah Kotla,2,14.1,Kolkata Knight Riders,Delhi Daredevils,BB McCullum,JH Kallis,M Morkel,2,0,,,,,,,,,
548357,2012,2012-05-07,Feroz Shah Kotla,2,14.2,Kolkata Knight Riders,Delhi Daredevils,BB McCullum,JH Kallis,M Morkel,1,0,,,,,,,,,
548357,2012,2012-05-07,Feroz Shah Kotla,2,14.3,Kolkata Knight Riders,Delhi Daredevils,JH Kallis,BB McCullum,M Morkel,1,0,,,,,,,,,
548357,2012,2012-05-07,Feroz Shah Kotla,2,14.4,Kolkata Knight Riders,Delhi Daredevils,BB McCullum,JH Kallis,M Morkel,4,0,,,,,,,,,
548357,2012,2012-05-07,Feroz Shah Kotla,2,14.5,Kolkata Knight Riders,Delhi Daredevils,BB McCullum,JH Kallis,M Morkel,1,0,,,,,,,,,
548357,2012,2012-05-07,Feroz Shah Kotla,2,14.6,Kolkata Knight Riders,Delhi Daredevils,JH Kallis,BB McCullum,M Morkel,1,0,,,,,,,,,
548357,2012,2012-05-07,Feroz Shah Kotla,2,15.1,Kolkata Knight Riders,Delhi Daredevils,JH Kallis,BB McCullum,UT Yadav,0,0,,,,,,caught,JH Kallis,,
548357,2012,2012-05-07,Feroz Shah Kotla,2,15.2,Kolkata Knight Riders,Delhi Daredevils,BB McCullum,MK Tiwary,UT Yadav,0,0,,,,,,caught,BB McCullum,,
548357,2012,2012-05-07,Feroz Shah Kotla,2,15.3,Kolkata Knight Riders,Delhi Daredevils,YK Pathan,MK Tiwary,UT Yadav,1,0,,,,,,,,,
548357,2012,2012-05-07,Feroz Shah Kotla,2,15.4,Kolkata Knight Riders,Delhi Daredevils,MK Tiwary,YK Pathan,UT Yadav,1,0,,,,,,,,,
548357,2012,2012-05-07,Feroz Shah Kotla,2,15.5,Kolkata Knight Riders,Delhi Daredevils,YK Pathan,MK Tiwary,UT Yadav,0,1,1,,,,,,,,
548357,2012,2012-05-07,Feroz Shah Kotla,2,15.6,Kolkata Knight Riders,Delhi Daredevils,YK Pathan,MK Tiwary,UT Yadav,1,0,,,,,,,,,
548357,2012,2012-05-07,Feroz Shah Kotla,2,15.7,Kolkata Knight Riders,Delhi Daredevils,MK Tiwary,YK Pathan,UT Yadav,2,0,,,,,,,,,
548357,2012,2012-05-07,Feroz Shah Kotla,2,16.1,Kolkata Knight Riders,Delhi Daredevils,YK Pathan,MK Tiwary,VR Aaron,0,1,1,,,,,,,,
548357,2012,2012-05-07,Feroz Shah Kotla,2,16.2,Kolkata Knight Riders,Delhi Daredevils,YK Pathan,MK Tiwary,VR Aaron,0,1,,,,1,,,,,
548357,2012,2012-05-07,Feroz Shah Kotla,2,16.3,Kolkata Knight Riders,Delhi Daredevils,MK Tiwary,YK Pathan,VR Aaron,5,0,,,,,,,,,
548357,2012,2012-05-07,Feroz Shah Kotla,2,16.4,Kolkata Knight Riders,Delhi Daredevils,YK Pathan,MK Tiwary,VR Aaron,0,0,,,,,,,,,
548357,2012,2012-05-07,Feroz Shah Kotla,2,16.5,Kolkata Knight Riders,Delhi Daredevils,YK Pathan,MK Tiwary,VR Aaron,0,1,,,,1,,,,,
548357,2012,2012-05-07,Feroz Shah Kotla,2,16.6,Kolkata Knight Riders,Delhi Daredevils,MK Tiwary,YK Pathan,VR Aaron,0,0,,,,,,,,,
548357,2012,2012-05-07,Feroz Shah Kotla,2,16.7,Kolkata Knight Riders,Delhi Daredevils,MK Tiwary,YK Pathan,VR Aaron,0,4,,,4,,,,,,
548357,2012,2012-05-07,Feroz Shah Kotla,2,17.1,Kolkata Knight Riders,Delhi Daredevils,YK Pathan,MK Tiwary,M Morkel,1,0,,,,,,,,,
548357,2012,2012-05-07,Feroz Shah Kotla,2,17.2,Kolkata Knight Riders,Delhi Daredevils,MK Tiwary,YK Pathan,M Morkel,0,0,,,,,,caught,MK Tiwary,,
548357,2012,2012-05-07,Feroz Shah Kotla,2,17.3,Kolkata Knight Riders,Delhi Daredevils,YK Pathan,DB Das,M Morkel,2,0,,,,,,,,,
548357,2012,2012-05-07,Feroz Shah Kotla,2,17.4,Kolkata Knight Riders,Delhi Daredevils,YK Pathan,DB Das,M Morkel,1,0,,,,,,,,,
548357,2012,2012-05-07,Feroz Shah Kotla,2,17.5,Kolkata Knight Riders,Delhi Daredevils,DB Das,YK Pathan,M Morkel,0,0,,,,,,,,,
548357,2012,2012-05-07,Feroz Shah Kotla,2,17.6,Kolkata Knight Riders,Delhi Daredevils,DB Das,YK Pathan,M Morkel,1,0,,,,,,,,,
548357,2012,2012-05-07,Feroz Shah Kotla,2,18.1,Kolkata Knight Riders,Delhi Daredevils,DB Das,YK Pathan,VR Aaron,0,1,,,,1,,,,,
548357,2012,2012-05-07,Feroz Shah Kotla,2,18.2,Kolkata Knight Riders,Delhi Daredevils,YK Pathan,DB Das,VR Aaron,0,0,,,,,,,,,
548357,2012,2012-05-07,Feroz Shah Kotla,2,18.3,Kolkata Knight Riders,Delhi Daredevils,YK Pathan,DB Das,VR Aaron,0,1,1,,,,,,,,
548357,2012,2012-05-07,Feroz Shah Kotla,2,18.4,Kolkata Knight Riders,Delhi Daredevils,YK Pathan,DB Das,VR Aaron,0,0,,,,,,,,,
548357,2012,2012-05-07,Feroz Shah Kotla,2,18.5,Kolkata Knight Riders,Delhi Daredevils,YK Pathan,DB Das,VR Aaron,1,0,,,,,,,,,
