match_id,season,start_date,venue,innings,ball,batting_team,bowling_team,striker,non_striker,bowler,runs_off_bat,extras,wides,noballs,byes,legbyes,penalty,wicket_type,player_dismissed,other_wicket_type,other_player_dismissed
548352,2012,2012-05-04,"MA Chidambaram Stadium, Chepauk",1,0.1,Chennai Super Kings,Deccan Chargers,F du Plessis,M Vijay,Ankit Sharma,0,0,,,,,,,,,
548352,2012,2012-05-04,"MA Chidambaram Stadium, Chepauk",1,0.2,Chennai Super Kings,Deccan Chargers,F du Plessis,M Vijay,Ankit Sharma,1,0,,,,,,,,,
548352,2012,2012-05-04,"MA Chidambaram Stadium, Chepauk",1,0.3,Chennai Super Kings,Deccan Chargers,M Vijay,F du Plessis,Ankit Sharma,0,0,,,,,,,,,
548352,2012,2012-05-04,"MA Chidambaram Stadium, Chepauk",1,0.4,Chennai Super Kings,Deccan Chargers,M Vijay,F du Plessis,Ankit Sharma,4,0,,,,,,,,,
548352,2012,2012-05-04,"MA Chidambaram Stadium, Chepauk",1,0.5,Chennai Super Kings,Deccan Chargers,M Vijay,F du Plessis,Ankit Sharma,1,0,,,,,,,,,
548352,2012,2012-05-04,"MA Chidambaram Stadium, Chepauk",1,0.6,Chennai Super Kings,Deccan Chargers,F du Plessis,M Vijay,Ankit Sharma,0,0,,,,,,,,,
548352,2012,2012-05-04,"MA Chidambaram Stadium, Chepauk",1,1.1,Chennai Super Kings,Deccan Chargers,M Vijay,F du Plessis,DW Steyn,2,0,,,,,,,,,
548352,2012,2012-05-04,"MA Chidambaram Stadium, Chepauk",1,1.2,Chennai Super Kings,Deccan Chargers,M Vijay,F du Plessis,DW Steyn,0,0,,,,,,,,,
548352,2012,2012-05-04,"MA Chidambaram Stadium, Chepauk",1,1.3,Chennai Super Kings,Deccan Chargers,M Vijay,F du Plessis,DW Steyn,0,0,,,,,,,,,
548352,2012,2012-05-04,"MA Chidambaram Stadium, Chepauk",1,1.4,Chennai Super Kings,Deccan Chargers,M Vijay,F du Plessis,DW Steyn,0,0,,,,,,,,,
548352,2012,2012-05-04,"MA Chidambaram Stadium, Chepauk",1,1.5,Chennai Super Kings,Deccan Chargers,M Vijay,F du Plessis,DW Steyn,0,0,,,,,,,,,
548352,2012,2012-05-04,"MA Chidambaram Stadium, Chepauk",1,1.6,Chennai Super Kings,Deccan Chargers,M Vijay,F du Plessis,DW Steyn,3,0,,,,,,,,,
548352,2012,2012-05-04,"MA Chidambaram Stadium, Chepauk",1,2.1,Chennai Super Kings,Deccan Chargers,M Vijay,F du Plessis,V Pratap Singh,4,0,,,,,,,,,
548352,2012,2012-05-04,"MA Chidambaram Stadium, Chepauk",1,2.2,Chennai Super Kings,Deccan Chargers,M Vijay,F du Plessis,V Pratap Singh,0,0,,,,,,caught,M Vijay,,
548352,2012,2012-05-04,"MA Chidambaram Stadium, Chepauk",1,2.3,Chennai Super Kings,Deccan Chargers,SK Raina,F du Plessis,V Pratap Singh,0,0,,,,,,,,,
548352,2012,2012-05-04,"MA Chidambaram Stadium, Chepauk",1,2.4,Chennai Super Kings,Deccan Chargers,SK Raina,F du Plessis,V Pratap Singh,0,0,,,,,,,,,
548352,2012,2012-05-04,"MA Chidambaram Stadium, Chepauk",1,2.5,Chennai Super Kings,Deccan Chargers,SK Raina,F du Plessis,V Pratap Singh,0,1,,,,1,,,,,
548352,2012,2012-05-04,"MA Chidambaram Stadium, Chepauk",1,2.6,Chennai Super Kings,Deccan Chargers,F du Plessis,SK Raina,V Pratap Singh,1,0,,,,,,,,,
548352,2012,2012-05-04,"MA Chidambaram Stadium, Chepauk",1,3.1,Chennai Super Kings,Deccan Chargers,F du Plessis,SK Raina,DW Steyn,4,0,,,,,,,,,
548352,2012,2012-05-04,"MA Chidambaram Stadium, Chepauk",1,3.2,Chennai Super Kings,Deccan Chargers,F du Plessis,SK Raina,DW Steyn,1,0,,,,,,,,,
548352,2012,2012-05-04,"MA Chidambaram Stadium, Chepauk",1,3.3,Chennai Super Kings,Deccan Chargers,SK Raina,F du Plessis,DW Steyn,0,0,,,,,,,,,
548352,2012,2012-05-04,"MA Chidambaram Stadium, Chepauk",1,3.4,Chennai Super Kings,Deccan Chargers,SK Raina,F du Plessis,DW Steyn,0,0,,,,,,,,,
548352,2012,2012-05-04,"MA Chidambaram Stadium, Chepauk",1,3.5,Chennai Super Kings,Deccan Chargers,SK Raina,F du Plessis,DW Steyn,4,0,,,,,,,,,
548352,2012,2012-05-04,"MA Chidambaram Stadium, Chepauk",1,3.6,Chennai Super Kings,Deccan Chargers,SK Raina,F du Plessis,DW Steyn,0,0,,,,,,,,,
548352,2012,2012-05-04,"MA Chidambaram Stadium, Chepauk",1,4.1,Chennai Super Kings,Deccan Chargers,F du Plessis,SK Raina,V Pratap Singh,3,0,,,,,,,,,
548352,2012,2012-05-04,"MA Chidambaram Stadium, Chepauk",1,4.2,Chennai Super Kings,Deccan Chargers,SK Raina,F du Plessis,V Pratap Singh,4,0,,,,,,,,,
548352,2012,2012-05-04,"MA Chidambaram Stadium, Chepauk",1,4.3,Chennai Super Kings,Deccan Chargers,SK Raina,F du Plessis,V Pratap Singh,1,0,,,,,,,,,
548352,2012,2012-05-04,"MA Chidambaram Stadium, Chepauk",1,4.4,Chennai Super Kings,Deccan Chargers,F du Plessis,SK Raina,V Pratap Singh,1,0,,,,,,,,,
548352,2012,2012-05-04,"MA Chidambaram Stadium, Chepauk",1,4.5,Chennai Super Kings,Deccan Chargers,SK Raina,F du Plessis,V Pratap Singh,6,0,,,,,,,,,
548352,2012,2012-05-04,"MA Chidambaram Stadium, Chepauk",1,4.6,Chennai Super Kings,Deccan Chargers,SK Raina,F du Plessis,V Pratap Singh,6,0,,,,,,,,,
548352,2012,2012-05-04,"MA Chidambaram Stadium, Chepauk",1,5.1,Chennai Super Kings,Deccan Chargers,F du Plessis,SK Raina,DT Christian,0,0,,,,,,,,,
548352,2012,2012-05-04,"MA Chidambaram Stadium, Chepauk",1,5.2,Chennai Super Kings,Deccan Chargers,F du Plessis,SK Raina,DT Christian,2,0,,,,,,,,,
548352,2012,2012-05-04,"MA Chidambaram Stadium, Chepauk",1,5.3,Chennai Super Kings,Deccan Chargers,F du Plessis,SK Raina,DT Christian,0,1,1,,,,,,,,
548352,2012,2012-05-04,"MA Chidambaram Stadium, Chepauk",1,5.4,Chennai Super Kings,Deccan Chargers,F du Plessis,SK Raina,DT Christian,4,0,,,,,,,,,
548352,2012,2012-05-04,"MA Chidambaram Stadium, Chepauk",1,5.5,Chennai Super Kings,Deccan Chargers,F du Plessis,SK Raina,DT Christian,1,0,,,,,,,,,
548352,2012,2012-05-04,"MA Chidambaram Stadium, Chepauk",1,5.6,Chennai Super Kings,Deccan Chargers,SK Raina,F du Plessis,DT Christian,0,0,,,,,,,,,
548352,2012,2012-05-04,"MA Chidambaram Stadium, Chepauk",1,5.7,Chennai Super Kings,Deccan Chargers,SK Raina,F du Plessis,DT Christian,1,0,,,,,,,,,
548352,2012,2012-05-04,"MA Chidambaram Stadium, Chepauk",1,6.1,Chennai Super Kings,Deccan Chargers,SK Raina,F du Plessis,AA Jhunjhunwala,1,0,,,,,,,,,
548352,2012,2012-05-04,"MA Chidambaram Stadium, Chepauk",1,6.2,Chennai Super Kings,Deccan Chargers,F du Plessis,SK Raina,AA Jhunjhunwala,0,0,,,,,,,,,
548352,2012,2012-05-04,"MA Chidambaram Stadium, Chepauk",1,6.3,Chennai Super Kings,Deccan Chargers,F du Plessis,SK Raina,AA Jhunjhunwala,0,0,,,,,,,,,
548352,2012,2012-05-04,"MA Chidambaram Stadium, Chepauk",1,6.4,Chennai Super Kings,Deccan Chargers,F du Plessis,SK Raina,AA Jhunjhunwala,0,0,,,,,,,,,
548352,2012,2012-05-04,"MA Chidambaram Stadium, Chepauk",1,6.5,Chennai Super Kings,Deccan Chargers,F du Plessis,SK Raina,AA Jhunjhunwala,1,0,,,,,,,,,
548352,2012,2012-05-04,"MA Chidambaram Stadium, Chepauk",1,6.6,Chennai Super Kings,Deccan Chargers,SK Raina,F du Plessis,AA Jhunjhunwala,0,0,,,,,,,,,
548352,2012,2012-05-04,"MA Chidambaram Stadium, Chepauk",1,7.1,Chennai Super Kings,Deccan Chargers,F du Plessis,SK Raina,A Mishra,1,0,,,,,,,,,
548352,2012,2012-05-04,"MA Chidambaram Stadium, Chepauk",1,7.2,Chennai Super Kings,Deccan Chargers,SK Raina,F du Plessis,A Mishra,1,0,,,,,,,,,
548352,2012,2012-05-04,"MA Chidambaram Stadium, Chepauk",1,7.3,Chennai Super Kings,Deccan Chargers,F du Plessis,SK Raina,A Mishra,6,0,,,,,,,,,
548352,2012,2012-05-04,"MA Chidambaram Stadium, Chepauk",1,7.4,Chennai Super Kings,Deccan Chargers,F du Plessis,SK Raina,A Mishra,1,0,,,,,,,,,
548352,2012,2012-05-04,"MA Chidambaram Stadium, Chepauk",1,7.5,Chennai Super Kings,Deccan Chargers,SK Raina,F du Plessis,A Mishra,1,0,,,,,,,,,
548352,2012,2012-05-04,"MA Chidambaram Stadium, Chepauk",1,7.6,Chennai Super Kings,Deccan Chargers,F du Plessis,SK Raina,A Mishra,1,0,,,,,,,,,
548352,2012,2012-05-04,"MA Chidambaram Stadium, Chepauk",1,8.1,Chennai Super Kings,Deccan Chargers,F du Plessis,SK Raina,AA Jhunjhunwala,1,0,,,,,,,,,
548352,2012,2012-05-04,"MA Chidambaram Stadium, Chepauk",1,8.2,Chennai Super Kings,Deccan Chargers,SK Raina,F du Plessis,AA Jhunjhunwala,1,0,,,,,,,,,
548352,2012,2012-05-04,"MA Chidambaram Stadium, Chepauk",1,8.3,Chennai Super Kings,Deccan Chargers,F du Plessis,SK Raina,AA Jhunjhunwala,0,1,,,,1,,,,,
548352,2012,2012-05-04,"MA Chidambaram Stadium, Chepauk",1,8.4,Chennai Super Kings,Deccan Chargers,SK Raina,F du Plessis,AA Jhunjhunwala,2,0,,,,,,,,,
548352,2012,2012-05-04,"MA Chidambaram Stadium, Chepauk",1,8.5,Chennai Super Kings,Deccan Chargers,SK Raina,F du Plessis,AA Jhunjhunwala,0,0,,,,,,,,,
548352,2012,2012-05-04,"MA Chidambaram Stadium, Chepauk",1,8.6,Chennai Super Kings,Deccan Chargers,SK Raina,F du Plessis,AA Jhunjhunwala,1,0,,,,,,,,,
548352,2012,2012-05-04,"MA Chidambaram Stadium, Chepauk",1,9.1,Chennai Super Kings,Deccan Chargers,SK Raina,F du Plessis,A Mishra,2,0,,,,,,,,,
548352,2012,2012-05-04,"MA Chidambaram Stadium, Chepauk",1,9.2,Chennai Super Kings,Deccan Chargers,SK Raina,F du Plessis,A Mishra,1,0,,,,,,,,,
548352,2012,2012-05-04,"MA Chidambaram Stadium, Chepauk",1,9.3,Chennai Super Kings,Deccan Chargers,F du Plessis,SK Raina,A Mishra,1,0,,,,,,,,,
548352,2012,2012-05-04,"MA Chidambaram Stadium, Chepauk",1,9.4,Chennai Super Kings,Deccan Chargers,SK Raina,F du Plessis,A Mishra,0,0,,,,,,caught,SK Raina,,
548352,2012,2012-05-04,"MA Chidambaram Stadium, Chepauk",1,9.5,Chennai Super Kings,Deccan Chargers,MS Dhoni,F du Plessis,A Mishra,3,0,,,,,,,,,
548352,2012,2012-05-04,"MA Chidambaram Stadium, Chepauk",1,9.6,Chennai Super Kings,Deccan Chargers,F du Plessis,MS Dhoni,A Mishra,0,0,,,,,,,,,
548352,2012,2012-05-04,"MA Chidambaram Stadium, Chepauk",1,10.1,Chennai Super Kings,Deccan Chargers,MS Dhoni,F du Plessis,Ankit Sharma,0,2,,,,2,,,,,
548352,2012,2012-05-04,"MA Chidambaram Stadium, Chepauk",1,10.2,Chennai Super Kings,Deccan Chargers,MS Dhoni,F du Plessis,Ankit Sharma,1,0,,,,,,,,,
548352,2012,2012-05-04,"MA Chidambaram Stadium, Chepauk",1,10.3,Chennai Super Kings,Deccan Chargers,F du Plessis,MS Dhoni,Ankit Sharma,2,0,,,,,,,,,
548352,2012,2012-05-04,"MA Chidambaram Stadium, Chepauk",1,10.4,Chennai Super Kings,Deccan Chargers,F du Plessis,MS Dhoni,Ankit Sharma,1,0,,,,,,,,,
548352,2012,2012-05-04,"MA Chidambaram Stadium, Chepauk",1,10.5,Chennai Super Kings,Deccan Chargers,MS Dhoni,F du Plessis,Ankit Sharma,1,0,,,,,,,,,
548352,2012,2012-05-04,"MA Chidambaram Stadium, Chepauk",1,10.6,Chennai Super Kings,Deccan Chargers,F du Plessis,MS Dhoni,Ankit Sharma,2,0,,,,,,,,,
548352,2012,2012-05-04,"MA Chidambaram Stadium, Chepauk",1,11.1,Chennai Super Kings,Deccan Chargers,MS Dhoni,F du Plessis,DT Christian,4,0,,,,,,,,,
548352,2012,2012-05-04,"MA Chidambaram Stadium, Chepauk",1,11.2,Chennai Super Kings,Deccan Chargers,MS Dhoni,F du Plessis,DT Christian,1,0,,,,,,,,,
548352,2012,2012-05-04,"MA Chidambaram Stadium, Chepauk",1,11.3,Chennai Super Kings,Deccan Chargers,F du Plessis,MS Dhoni,DT Christian,1,0,,,,,,,,,
548352,2012,2012-05-04,"MA Chidambaram Stadium, Chepauk",1,11.4,Chennai Super Kings,Deccan Chargers,MS Dhoni,F du Plessis,DT Christian,2,0,,,,,,,,,
548352,2012,2012-05-04,"MA Chidambaram Stadium, Chepauk",1,11.5,Chennai Super Kings,Deccan Chargers,MS Dhoni,F du Plessis,DT Christian,1,0,,,,,,,,,
548352,2012,2012-05-04,"MA Chidambaram Stadium, Chepauk",1,11.6,Chennai Super Kings,Deccan Chargers,F du Plessis,MS Dhoni,DT Christian,1,0,,,,,,,,,
548352,2012,2012-05-04,"MA Chidambaram Stadium, Chepauk",1,12.1,Chennai Super Kings,Deccan Chargers,F du Plessis,MS Dhoni,A Ashish Reddy,1,0,,,,,,,,,
548352,2012,2012-05-04,"MA Chidambaram Stadium, Chepauk",1,12.2,Chennai Super Kings,Deccan Chargers,MS Dhoni,F du Plessis,A Ashish Reddy,1,0,,,,,,,,,
548352,2012,2012-05-04,"MA Chidambaram Stadium, Chepauk",1,12.3,Chennai Super Kings,Deccan Chargers,F du Plessis,MS Dhoni,A Ashish Reddy,0,0,,,,,,,,,
548352,2012,2012-05-04,"MA Chidambaram Stadium, Chepauk",1,12.4,Chennai Super Kings,Deccan Chargers,F du Plessis,MS Dhoni,A Ashish Reddy,1,0,,,,,,,,,
548352,2012,2012-05-04,"MA Chidambaram Stadium, Chepauk",1,12.5,Chennai Super Kings,Deccan Chargers,MS Dhoni,F du Plessis,A Ashish Reddy,1,1,,1,,,,,,,
548352,2012,2012-05-04,"MA Chidambaram Stadium, Chepauk",1,12.6,Chennai Super Kings,Deccan Chargers,F du Plessis,MS Dhoni,A Ashish Reddy,2,0,,,,,,,,,
548352,2012,2012-05-04,"MA Chidambaram Stadium, Chepauk",1,12.7,Chennai Super Kings,Deccan Chargers,F du Plessis,MS Dhoni,A Ashish Reddy,1,0,,,,,,,,,
548352,2012,2012-05-04,"MA Chidambaram Stadium, Chepauk",1,13.1,Chennai Super Kings,Deccan Chargers,F du Plessis,MS Dhoni,V Pratap Singh,0,0,,,,,,caught,F du Plessis,,
548352,2012,2012-05-04,"MA Chidambaram Stadium, Chepauk",1,13.2,Chennai Super Kings,Deccan Chargers,MS Dhoni,JA Morkel,V Pratap Singh,0,0,,,,,,,,,
548352,2012,2012-05-04,"MA Chidambaram Stadium, Chepauk",1,13.3,Chennai Super Kings,Deccan Chargers,MS Dhoni,JA Morkel,V Pratap Singh,1,0,,,,,,,,,
548352,2012,2012-05-04,"MA Chidambaram Stadium, Chepauk",1,13.4,Chennai Super Kings,Deccan Chargers,JA Morkel,MS Dhoni,V Pratap Singh,0,1,1,,,,,,,,
548352,2012,2012-05-04,"MA Chidambaram Stadium, Chepauk",1,13.5,Chennai Super Kings,Deccan Chargers,JA Morkel,MS Dhoni,V Pratap Singh,4,0,,,,,,,,,
548352,2012,2012-05-04,"MA Chidambaram Stadium, Chepauk",1,13.6,Chennai Super Kings,Deccan Chargers,JA Morkel,MS Dhoni,V Pratap Singh,2,0,,,,,,,,,
548352,2012,2012-05-04,"MA Chidambaram Stadium, Chepauk",1,13.7,Chennai Super Kings,Deccan Chargers,JA Morkel,MS Dhoni,V Pratap Singh,1,0,,,,,,,,,
548352,2012,2012-05-04,"MA Chidambaram Stadium, Chepauk",1,14.1,Chennai Super Kings,Deccan Chargers,JA Morkel,MS Dhoni,AA Jhunjhunwala,2,0,,,,,,,,,
548352,2012,2012-05-04,"MA Chidambaram Stadium, Chepauk",1,14.2,Chennai Super Kings,Deccan Chargers,JA Morkel,MS Dhoni,AA Jhunjhunwala,2,0,,,,,,,,,
548352,2012,2012-05-04,"MA Chidambaram Stadium, Chepauk",1,14.3,Chennai Super Kings,Deccan Chargers,JA Morkel,MS Dhoni,AA Jhunjhunwala,0,0,,,,,,,,,
548352,2012,2012-05-04,"MA Chidambaram Stadium, Chepauk",1,14.4,Chennai Super Kings,Deccan Chargers,JA Morkel,MS Dhoni,AA Jhunjhunwala,2,0,,,,,,,,,
548352,2012,2012-05-04,"MA Chidambaram Stadium, Chepauk",1,14.5,Chennai Super Kings,Deccan Chargers,JA Morkel,MS Dhoni,AA Jhunjhunwala,0,0,,,,,,,,,
548352,2012,2012-05-04,"MA Chidambaram Stadium, Chepauk",1,14.6,Chennai Super Kings,Deccan Chargers,JA Morkel,MS Dhoni,AA Jhunjhunwala,0,0,,,,,,bowled,JA Morkel,,
548352,2012,2012-05-04,"MA Chidambaram Stadium, Chepauk",1,15.1,Chennai Super Kings,Deccan Chargers,MS Dhoni,RA Jadeja,DW Steyn,2,0,,,,,,,,,
548352,2012,2012-05-04,"MA Chidambaram Stadium, Chepauk",1,15.2,Chennai Super Kings,Deccan Chargers,MS Dhoni,RA Jadeja,DW Steyn,0,0,,,,,,,,,
548352,2012,2012-05-04,"MA Chidambaram Stadium, Chepauk",1,15.3,Chennai Super Kings,Deccan Chargers,MS Dhoni,RA Jadeja,DW Steyn,1,0,,,,,,,,,
548352,2012,2012-05-04,"MA Chidambaram Stadium, Chepauk",1,15.4,Chennai Super Kings,Deccan Chargers,RA Jadeja,MS Dhoni,DW Steyn,1,0,,,,,,,,,
548352,2012,2012-05-04,"MA Chidambaram Stadium, Chepauk",1,15.5,Chennai Super Kings,Deccan Chargers,MS Dhoni,RA Jadeja,DW Steyn,1,0,,,,,,,,,
548352,2012,2012-05-04,"MA Chidambaram Stadium, Chepauk",1,15.6,Chennai Super Kings,Deccan Chargers,RA Jadeja,MS Dhoni,DW Steyn,0,0,,,,,,,,,
548352,2012,2012-05-04,"MA Chidambaram Stadium, Chepauk",1,16.1,Chennai Super Kings,Deccan Chargers,MS Dhoni,RA Jadeja,DT Christian,0,0,,,,,,,,,
548352,2012,2012-05-04,"MA Chidambaram Stadium, Chepauk",1,16.2,Chennai Super Kings,Deccan Chargers,MS Dhoni,RA Jadeja,DT Christian,1,0,,,,,,,,,
548352,2012,2012-05-04,"MA Chidambaram Stadium, Chepauk",1,16.3,Chennai Super Kings,Deccan Chargers,RA Jadeja,MS Dhoni,DT Christian,0,1,,,,1,,,,,
548352,2012,2012-05-04,"MA Chidambaram Stadium, Chepauk",1,16.4,Chennai Super Kings,Deccan Chargers,MS Dhoni,RA Jadeja,DT Christian,1,0,,,,,,,,,
548352,2012,2012-05-04,"MA Chidambaram Stadium, Chepauk",1,16.5,Chennai Super Kings,Deccan Chargers,RA Jadeja,MS Dhoni,DT Christian,0,0,,,,,,,,,
548352,2012,2012-05-04,"MA Chidambaram Stadium, Chepauk",1,16.6,Chennai Super Kings,Deccan Chargers,RA Jadeja,MS Dhoni,DT Christian,1,0,,,,,,,,,
548352,2012,2012-05-04,"MA Chidambaram Stadium, Chepauk",1,17.1,Chennai Super Kings,Deccan Chargers,RA Jadeja,MS Dhoni,DW Steyn,1,0,,,,,,,,,
548352,2012,2012-05-04,"MA Chidambaram Stadium, Chepauk",1,17.2,Chennai Super Kings,Deccan Chargers,MS Dhoni,RA Jadeja,DW Steyn,2,0,,,,,,,,,
548352,2012,2012-05-04,"MA Chidambaram Stadium, Chepauk",1,17.3,Chennai Super Kings,Deccan Chargers,MS Dhoni,RA Jadeja,DW Steyn,1,0,,,,,,,,,
548352,2012,2012-05-04,"MA Chidambaram Stadium, Chepauk",1,17.4,Chennai Super Kings,Deccan Chargers,RA Jadeja,MS Dhoni,DW Steyn,0,0,,,,,,,,,
548352,2012,2012-05-04,"MA Chidambaram Stadium, Chepauk",1,17.5,Chennai Super Kings,Deccan Chargers,RA Jadeja,MS Dhoni,DW Steyn,1,0,,,,,,,,,
548352,2012,2012-05-04,"MA Chidambaram Stadium, Chepauk",1,17.6,Chennai Super Kings,Deccan Chargers,MS Dhoni,RA Jadeja,DW Steyn,1,0,,,,,,,,,
548352,2012,2012-05-04,"MA Chidambaram Stadium, Chepauk",1,18.1,Chennai Super Kings,Deccan Chargers,MS Dhoni,RA Jadeja,A Ashish Reddy,0,0,,,,,,,,,
548352,2012,2012-05-04,"MA Chidambaram Stadium, Chepauk",1,18.2,Chennai Super Kings,Deccan Chargers,MS Dhoni,RA Jadeja,A Ashish Reddy,2,0,,,,,,,,,
548352,2012,2012-05-04,"MA Chidambaram Stadium, Chepauk",1,18.3,Chennai Super Kings,Deccan Chargers,MS Dhoni,RA Jadeja,A Ashish Reddy,1,0,,,,,,,,,
548352,2012,2012-05-04,"MA Chidambaram Stadium, Chepauk",1,18.4,Chennai Super Kings,Deccan Chargers,RA Jadeja,MS Dhoni,A Ashish Reddy,0,0,,,,,,caught,RA Jadeja,,
548352,2012,2012-05-04,"MA Chidambaram Stadium, Chepauk",1,18.5,Chennai Super Kings,Deccan Chargers,MS Dhoni,DJ Bravo,A Ashish Reddy,4,0,,,,,,,,,
548352,2012,2012-05-04,"MA Chidambaram Stadium, Chepauk",1,18.6,Chennai Super Kings,Deccan Chargers,MS Dhoni,DJ Bravo,A Ashish Reddy,1,0,,,,,,,,,
548352,2012,2012-05-04,"MA Chidambaram Stadium, Chepauk",1,19.1,Chennai Super Kings,Deccan Chargers,MS Dhoni,DJ Bravo,DT Christian,0,0,,,,,,bowled,MS Dhoni,,
548352,2012,2012-05-04,"MA Chidambaram Stadium, Chepauk",1,19.2,Chennai Super Kings,Deccan Chargers,S Badrinath,DJ Bravo,DT Christian,1,0,,,,,,,,,
548352,2012,2012-05-04,"MA Chidambaram Stadium, Chepauk",1,19.3,Chennai Super Kings,Deccan Chargers,DJ Bravo,S Badrinath,DT Christian,2,0,,,,,,,,,
548352,2012,2012-05-04,"MA Chidambaram Stadium, Chepauk",1,19.4,Chennai Super Kings,Deccan Chargers,DJ Bravo,S Badrinath,DT Christian,6,0,,,,,,,,,
548352,2012,2012-05-04,"MA Chidambaram Stadium, Chepauk",1,19.5,Chennai Super Kings,Deccan Chargers,DJ Bravo,S Badrinath,DT Christian,2,0,,,,,,,,,
548352,2012,2012-05-04,"MA Chidambaram Stadium, Chepauk",1,19.6,Chennai Super Kings,Deccan Chargers,DJ Bravo,S Badrinath,DT Christian,2,0,,,,,,,,,
548352,2012,2012-05-04,"MA Chidambaram Stadium, Chepauk",2,0.1,Deccan Chargers,Chennai Super Kings,PA Patel,S Dhawan,BW Hilfenhaus,0,0,,,,,,,,,
548352,2012,2012-05-04,"MA Chidambaram Stadium, Chepauk",2,0.2,Deccan Chargers,Chennai Super Kings,PA Patel,S Dhawan,BW Hilfenhaus,1,0,,,,,,,,,
548352,2012,2012-05-04,"MA Chidambaram Stadium, Chepauk",2,0.3,Deccan Chargers,Chennai Super Kings,S Dhawan,PA Patel,BW Hilfenhaus,0,0,,,,,,,,,
548352,2012,2012-05-04,"MA Chidambaram Stadium, Chepauk",2,0.4,Deccan Chargers,Chennai Super Kings,S Dhawan,PA Patel,BW Hilfenhaus,0,0,,,,,,,,,
548352,2012,2012-05-04,"MA Chidambaram Stadium, Chepauk",2,0.5,Deccan Chargers,Chennai Super Kings,S Dhawan,PA Patel,BW Hilfenhaus,3,0,,,,,,,,,
548352,2012,2012-05-04,"MA Chidambaram Stadium, Chepauk",2,0.6,Deccan Chargers,Chennai Super Kings,PA Patel,S Dhawan,BW Hilfenhaus,0,0,,,,,,,,,
548352,2012,2012-05-04,"MA Chidambaram Stadium, Chepauk",2,1.1,Deccan Chargers,Chennai Super Kings,S Dhawan,PA Patel,JA Morkel,4,0,,,,,,,,,
548352,2012,2012-05-04,"MA Chidambaram Stadium, Chepauk",2,1.2,Deccan Chargers,Chennai Super Kings,S Dhawan,PA Patel,JA Morkel,1,0,,,,,,,,,
548352,2012,2012-05-04,"MA Chidambaram Stadium, Chepauk",2,1.3,Deccan Chargers,Chennai Super Kings,PA Patel,S Dhawan,JA Morkel,0,0,,,,,,,,,
548352,2012,2012-05-04,"MA Chidambaram Stadium, Chepauk",2,1.4,Deccan Chargers,Chennai Super Kings,PA Patel,S Dhawan,JA Morkel,0,0,,,,,,bowled,PA Patel,,
548352,2012,2012-05-04,"MA Chidambaram Stadium, Chepauk",2,1.5,Deccan Chargers,Chennai Super Kings,CL White,S Dhawan,JA Morkel,0,0,,,,,,,,,
548352,2012,2012-05-04,"MA Chidambaram Stadium, Chepauk",2,1.6,Deccan Chargers,Chennai Super Kings,CL White,S Dhawan,JA Morkel,0,0,,,,,,,,,
548352,2012,2012-05-04,"MA Chidambaram Stadium, Chepauk",2,2.1,Deccan Chargers,Chennai Super Kings,S Dhawan,CL White,BW Hilfenhaus,1,0,,,,,,,,,
548352,2012,2012-05-04,"MA Chidambaram Stadium, Chepauk",2,2.2,Deccan Chargers,Chennai Super Kings,CL White,S Dhawan,BW Hilfenhaus,1,0,,,,,,,,,
548352,2012,2012-05-04,"MA Chidambaram Stadium, Chepauk",2,2.3,Deccan Chargers,Chennai Super Kings,S Dhawan,CL White,BW Hilfenhaus,0,0,,,,,,,,,
548352,2012,2012-05-04,"MA Chidambaram Stadium, Chepauk",2,2.4,Deccan Chargers,Chennai Super Kings,S Dhawan,CL White,BW Hilfenhaus,2,0,,,,,,,,,
548352,2012,2012-05-04,"MA Chidambaram Stadium, Chepauk",2,2.5,Deccan Chargers,Chennai Super Kings,S Dhawan,CL White,BW Hilfenhaus,4,0,,,,,,,,,
548352,2012,2012-05-04,"MA Chidambaram Stadium, Chepauk",2,2.6,Deccan Chargers,Chennai Super Kings,S Dhawan,CL White,BW Hilfenhaus,0,0,,,,,,,,,
548352,2012,2012-05-04,"MA Chidambaram Stadium, Chepauk",2,3.1,Deccan Chargers,Chennai Super Kings,CL White,S Dhawan,JA Morkel,1,0,,,,,,,,,
548352,2012,2012-05-04,"MA Chidambaram Stadium, Chepauk",2,3.2,Deccan Chargers,Chennai Super Kings,S Dhawan,CL White,JA Morkel,1,0,,,,,,,,,
548352,2012,2012-05-04,"MA Chidambaram Stadium, Chepauk",2,3.3,Deccan Chargers,Chennai Super Kings,CL White,S Dhawan,JA Morkel,1,0,,,,,,,,,
548352,2012,2012-05-04,"MA Chidambaram Stadium, Chepauk",2,3.4,Deccan Chargers,Chennai Super Kings,S Dhawan,CL White,JA Morkel,1,0,,,,,,,,,
548352,2012,2012-05-04,"MA Chidambaram Stadium, Chepauk",2,3.5,Deccan Chargers,Chennai Super Kings,CL White,S Dhawan,JA Morkel,1,0,,,,,,,,,
548352,2012,2012-05-04,"MA Chidambaram Stadium, Chepauk",2,3.6,Deccan Chargers,Chennai Super Kings,S Dhawan,CL White,JA Morkel,3,0,,,,,,,,,
548352,2012,2012-05-04,"MA Chidambaram Stadium, Chepauk",2,4.1,Deccan Chargers,Chennai Super Kings,S Dhawan,CL White,DJ Bravo,4,0,,,,,,,,,
548352,2012,2012-05-04,"MA Chidambaram Stadium, Chepauk",2,4.2,Deccan Chargers,Chennai Super Kings,S Dhawan,CL White,DJ Bravo,1,0,,,,,,,,,
548352,2012,2012-05-04,"MA Chidambaram Stadium, Chepauk",2,4.3,Deccan Chargers,Chennai Super Kings,CL White,S Dhawan,DJ Bravo,4,0,,,,,,,,,
548352,2012,2012-05-04,"MA Chidambaram Stadium, Chepauk",2,4.4,Deccan Chargers,Chennai Super Kings,CL White,S Dhawan,DJ Bravo,1,0,,,,,,,,,
548352,2012,2012-05-04,"MA Chidambaram Stadium, Chepauk",2,4.5,Deccan Chargers,Chennai Super Kings,S Dhawan,CL White,DJ Bravo,1,0,,,,,,,,,
548352,2012,2012-05-04,"MA Chidambaram Stadium, Chepauk",2,4.6,Deccan Chargers,Chennai Super Kings,CL White,S Dhawan,DJ Bravo,4,0,,,,,,,,,
548352,2012,2012-05-04,"MA Chidambaram Stadium, Chepauk",2,5.1,Deccan Chargers,Chennai Super Kings,S Dhawan,CL White,R Ashwin,0,0,,,,,,,,,
548352,2012,2012-05-04,"MA Chidambaram Stadium, Chepauk",2,5.2,Deccan Chargers,Chennai Super Kings,S Dhawan,CL White,R Ashwin,1,0,,,,,,,,,
548352,2012,2012-05-04,"MA Chidambaram Stadium, Chepauk",2,5.3,Deccan Chargers,Chennai Super Kings,CL White,S Dhawan,R Ashwin,0,0,,,,,,,,,
548352,2012,2012-05-04,"MA Chidambaram Stadium, Chepauk",2,5.4,Deccan Chargers,Chennai Super Kings,CL White,S Dhawan,R Ashwin,4,0,,,,,,,,,
548352,2012,2012-05-04,"MA Chidambaram Stadium, Chepauk",2,5.5,Deccan Chargers,Chennai Super Kings,CL White,S Dhawan,R Ashwin,1,0,,,,,,,,,
548352,2012,2012-05-04,"MA Chidambaram Stadium, Chepauk",2,5.6,Deccan Chargers,Chennai Super Kings,S Dhawan,CL White,R Ashwin,1,0,,,,,,,,,
548352,2012,2012-05-04,"MA Chidambaram Stadium, Chepauk",2,6.1,Deccan Chargers,Chennai Super Kings,S Dhawan,CL White,SB Jakati,1,0,,,,,,,,,
548352,2012,2012-05-04,"MA Chidambaram Stadium, Chepauk",2,6.2,Deccan Chargers,Chennai Super Kings,CL White,S Dhawan,SB Jakati,1,0,,,,,,,,,
548352,2012,2012-05-04,"MA Chidambaram Stadium, Chepauk",2,6.3,Deccan Chargers,Chennai Super Kings,S Dhawan,CL White,SB Jakati,1,0,,,,,,,,,
548352,2012,2012-05-04,"MA Chidambaram Stadium, Chepauk",2,6.4,Deccan Chargers,Chennai Super Kings,CL White,S Dhawan,SB Jakati,1,0,,,,,,,,,
548352,2012,2012-05-04,"MA Chidambaram Stadium, Chepauk",2,6.5,Deccan Chargers,Chennai Super Kings,S Dhawan,CL White,SB Jakati,1,0,,,,,,,,,
548352,2012,2012-05-04,"MA Chidambaram Stadium, Chepauk",2,6.6,Deccan Chargers,Chennai Super Kings,CL White,S Dhawan,SB Jakati,1,0,,,,,,,,,
548352,2012,2012-05-04,"MA Chidambaram Stadium, Chepauk",2,7.1,Deccan Chargers,Chennai Super Kings,CL White,S Dhawan,R Ashwin,0,0,,,,,,,,,
548352,2012,2012-05-04,"MA Chidambaram Stadium, Chepauk",2,7.2,Deccan Chargers,Chennai Super Kings,CL White,S Dhawan,R Ashwin,0,0,,,,,,,,,
548352,2012,2012-05-04,"MA Chidambaram Stadium, Chepauk",2,7.3,Deccan Chargers,Chennai Super Kings,CL White,S Dhawan,R Ashwin,0,0,,,,,,,,,
548352,2012,2012-05-04,"MA Chidambaram Stadium, Chepauk",2,7.4,Deccan Chargers,Chennai Super Kings,CL White,S Dhawan,R Ashwin,0,0,,,,,,,,,
548352,2012,2012-05-04,"MA Chidambaram Stadium, Chepauk",2,7.5,Deccan Chargers,Chennai Super Kings,CL White,S Dhawan,R Ashwin,4,0,,,,,,,,,
548352,2012,2012-05-04,"MA Chidambaram Stadium, Chepauk",2,7.6,Deccan Chargers,Chennai Super Kings,CL White,S Dhawan,R Ashwin,1,0,,,,,,,,,
548352,2012,2012-05-04,"MA Chidambaram Stadium, Chepauk",2,8.1,Deccan Chargers,Chennai Super Kings,CL White,S Dhawan,SB Jakati,2,0,,,,,,,,,
548352,2012,2012-05-04,"MA Chidambaram Stadium, Chepauk",2,8.2,Deccan Chargers,Chennai Super Kings,CL White,S Dhawan,SB Jakati,4,0,,,,,,,,,
548352,2012,2012-05-04,"MA Chidambaram Stadium, Chepauk",2,8.3,Deccan Chargers,Chennai Super Kings,CL White,S Dhawan,SB Jakati,1,0,,,,,,,,,
548352,2012,2012-05-04,"MA Chidambaram Stadium, Chepauk",2,8.4,Deccan Chargers,Chennai Super Kings,S Dhawan,CL White,SB Jakati,2,0,,,,,,,,,
548352,2012,2012-05-04,"MA Chidambaram Stadium, Chepauk",2,8.5,Deccan Chargers,Chennai Super Kings,S Dhawan,CL White,SB Jakati,1,0,,,,,,,,,
548352,2012,2012-05-04,"MA Chidambaram Stadium, Chepauk",2,8.6,Deccan Chargers,Chennai Super Kings,CL White,S Dhawan,SB Jakati,1,0,,,,,,,,,
548352,2012,2012-05-04,"MA Chidambaram Stadium, Chepauk",2,9.1,Deccan Chargers,Chennai Super Kings,CL White,S Dhawan,R Ashwin,0,0,,,,,,,,,
548352,2012,2012-05-04,"MA Chidambaram Stadium, Chepauk",2,9.2,Deccan Chargers,Chennai Super Kings,CL White,S Dhawan,R Ashwin,1,0,,,,,,,,,
548352,2012,2012-05-04,"MA Chidambaram Stadium, Chepauk",2,9.3,Deccan Chargers,Chennai Super Kings,S Dhawan,CL White,R Ashwin,0,0,,,,,,,,,
548352,2012,2012-05-04,"MA Chidambaram Stadium, Chepauk",2,9.4,Deccan Chargers,Chennai Super Kings,S Dhawan,CL White,R Ashwin,1,0,,,,,,,,,
548352,2012,2012-05-04,"MA Chidambaram Stadium, Chepauk",2,9.5,Deccan Chargers,Chennai Super Kings,CL White,S Dhawan,R Ashwin,4,0,,,,,,,,,
548352,2012,2012-05-04,"MA Chidambaram Stadium, Chepauk",2,9.6,Deccan Chargers,Chennai Super Kings,CL White,S Dhawan,R Ashwin,0,1,1,,,,,,,,
548352,2012,2012-05-04,"MA Chidambaram Stadium, Chepauk",2,9.7,Deccan Chargers,Chennai Super Kings,CL White,S Dhawan,R Ashwin,0,0,,,,,,,,,
548352,2012,2012-05-04,"MA Chidambaram Stadium, Chepauk",2,10.1,Deccan Chargers,Chennai Super Kings,S Dhawan,CL White,DJ Bravo,0,0,,,,,,,,,
548352,2012,2012-05-04,"MA Chidambaram Stadium, Chepauk",2,10.2,Deccan Chargers,Chennai Super Kings,S Dhawan,CL White,DJ Bravo,0,0,,,,,,,,,
548352,2012,2012-05-04,"MA Chidambaram Stadium, Chepauk",2,10.3,Deccan Chargers,Chennai Super Kings,S Dhawan,CL White,DJ Bravo,1,0,,,,,,,,,
548352,2012,2012-05-04,"MA Chidambaram Stadium, Chepauk",2,10.4,Deccan Chargers,Chennai Super Kings,CL White,S Dhawan,DJ Bravo,0,0,,,,,,run out,S Dhawan,,
548352,2012,2012-05-04,"MA Chidambaram Stadium, Chepauk",2,10.5,Deccan Chargers,Chennai Super Kings,CL White,KC Sangakkara,DJ Bravo,1,0,,,,,,,,,
548352,2012,2012-05-04,"MA Chidambaram Stadium, Chepauk",2,10.6,Deccan Chargers,Chennai Super Kings,KC Sangakkara,CL White,DJ Bravo,1,0,,,,,,,,,
548352,2012,2012-05-04,"MA Chidambaram Stadium, Chepauk",2,11.1,Deccan Chargers,Chennai Super Kings,KC Sangakkara,CL White,SK Raina,0,0,,,,,,,,,
548352,2012,2012-05-04,"MA Chidambaram Stadium, Chepauk",2,11.2,Deccan Chargers,Chennai Super Kings,KC Sangakkara,CL White,SK Raina,0,0,,,,,,,,,
548352,2012,2012-05-04,"MA Chidambaram Stadium, Chepauk",2,11.3,Deccan Chargers,Chennai Super Kings,KC Sangakkara,CL White,SK Raina,0,1,,,,1,,,,,
548352,2012,2012-05-04,"MA Chidambaram Stadium, Chepauk",2,11.4,Deccan Chargers,Chennai Super Kings,CL White,KC Sangakkara,SK Raina,4,0,,,,,,,,,
548352,2012,2012-05-04,"MA Chidambaram Stadium, Chepauk",2,11.5,Deccan Chargers,Chennai Super Kings,CL White,KC Sangakkara,SK Raina,1,0,,,,,,,,,
548352,2012,2012-05-04,"MA Chidambaram Stadium, Chepauk",2,11.6,Deccan Chargers,Chennai Super Kings,KC Sangakkara,CL White,SK Raina,0,0,,,,,,caught and bowled,KC Sangakkara,,
548352,2012,2012-05-04,"MA Chidambaram Stadium, Chepauk",2,12.1,Deccan Chargers,Chennai Super Kings,CL White,DT Christian,JA Morkel,1,0,,,,,,,,,
548352,2012,2012-05-04,"MA Chidambaram Stadium, Chepauk",2,12.2,Deccan Chargers,Chennai Super Kings,DT Christian,CL White,JA Morkel,0,0,,,,,,,,,
548352,2012,2012-05-04,"MA Chidambaram Stadium, Chepauk",2,12.3,Deccan Chargers,Chennai Super Kings,DT Christian,CL White,JA Morkel,0,0,,,,,,,,,
548352,2012,2012-05-04,"MA Chidambaram Stadium, Chepauk",2,12.4,Deccan Chargers,Chennai Super Kings,DT Christian,CL White,JA Morkel,1,0,,,,,,,,,
548352,2012,2012-05-04,"MA Chidambaram Stadium, Chepauk",2,12.5,Deccan Chargers,Chennai Super Kings,CL White,DT Christian,JA Morkel,0,0,,,,,,,,,
548352,2012,2012-05-04,"MA Chidambaram Stadium, Chepauk",2,12.6,Deccan Chargers,Chennai Super Kings,CL White,DT Christian,JA Morkel,1,0,,,,,,,,,
548352,2012,2012-05-04,"MA Chidambaram Stadium, Chepauk",2,13.1,Deccan Chargers,Chennai Super Kings,CL White,DT Christian,RA Jadeja,1,0,,,,,,,,,
548352,2012,2012-05-04,"MA Chidambaram Stadium, Chepauk",2,13.2,Deccan Chargers,Chennai Super Kings,DT Christian,CL White,RA Jadeja,1,0,,,,,,,,,
548352,2012,2012-05-04,"MA Chidambaram Stadium, Chepauk",2,13.3,Deccan Chargers,Chennai Super Kings,CL White,DT Christian,RA Jadeja,1,0,,,,,,,,,
548352,2012,2012-05-04,"MA Chidambaram Stadium, Chepauk",2,13.4,Deccan Chargers,Chennai Super Kings,DT Christian,CL White,RA Jadeja,0,0,,,,,,,,,
548352,2012,2012-05-04,"MA Chidambaram Stadium, Chepauk",2,13.5,Deccan Chargers,Chennai Super Kings,DT Christian,CL White,RA Jadeja,0,0,,,,,,,,,
548352,2012,2012-05-04,"MA Chidambaram Stadium, Chepauk",2,13.6,Deccan Chargers,Chennai Super Kings,DT Christian,CL White,RA Jadeja,1,0,,,,,,,,,
548352,2012,2012-05-04,"MA Chidambaram Stadium, Chepauk",2,14.1,Deccan Chargers,Chennai Super Kings,DT Christian,CL White,BW Hilfenhaus,1,0,,,,,,,,,
548352,2012,2012-05-04,"MA Chidambaram Stadium, Chepauk",2,14.2,Deccan Chargers,Chennai Super Kings,CL White,DT Christian,BW Hilfenhaus,1,0,,,,,,,,,
548352,2012,2012-05-04,"MA Chidambaram Stadium, Chepauk",2,14.3,Deccan Chargers,Chennai Super Kings,DT Christian,CL White,BW Hilfenhaus,6,0,,,,,,,,,
548352,2012,2012-05-04,"MA Chidambaram Stadium, Chepauk",2,14.4,Deccan Chargers,Chennai Super Kings,DT Christian,CL White,BW Hilfenhaus,1,0,,,,,,,,,
548352,2012,2012-05-04,"MA Chidambaram Stadium, Chepauk",2,14.5,Deccan Chargers,Chennai Super Kings,CL White,DT Christian,BW Hilfenhaus,1,0,,,,,,,,,
548352,2012,2012-05-04,"MA Chidambaram Stadium, Chepauk",2,14.6,Deccan Chargers,Chennai Super Kings,DT Christian,CL White,BW Hilfenhaus,0,0,,,,,,,,,
548352,2012,2012-05-04,"MA Chidambaram Stadium, Chepauk",2,15.1,Deccan Chargers,Chennai Super Kings,CL White,DT Christian,RA Jadeja,0,0,,,,,,,,,
548352,2012,2012-05-04,"MA Chidambaram Stadium, Chepauk",2,15.2,Deccan Chargers,Chennai Super Kings,CL White,DT Christian,RA Jadeja,0,0,,,,,,,,,
548352,2012,2012-05-04,"MA Chidambaram Stadium, Chepauk",2,15.3,Deccan Chargers,Chennai Super Kings,CL White,DT Christian,RA Jadeja,1,0,,,,,,,,,
548352,2012,2012-05-04,"MA Chidambaram Stadium, Chepauk",2,15.4,Deccan Chargers,Chennai Super Kings,DT Christian,CL White,RA Jadeja,1,0,,,,,,,,,
548352,2012,2012-05-04,"MA Chidambaram Stadium, Chepauk",2,15.5,Deccan Chargers,Chennai Super Kings,CL White,DT Christian,RA Jadeja,1,0,,,,,,,,,
548352,2012,2012-05-04,"MA Chidambaram Stadium, Chepauk",2,15.6,Deccan Chargers,Chennai Super Kings,DT Christian,CL White,RA Jadeja,1,0,,,,,,,,,
548352,2012,2012-05-04,"MA Chidambaram Stadium, Chepauk",2,16.1,Deccan Chargers,Chennai Super Kings,DT Christian,CL White,DJ Bravo,1,0,,,,,,,,,
548352,2012,2012-05-04,"MA Chidambaram Stadium, Chepauk",2,16.2,Deccan Chargers,Chennai Super Kings,CL White,DT Christian,DJ Bravo,1,0,,,,,,,,,
548352,2012,2012-05-04,"MA Chidambaram Stadium, Chepauk",2,16.3,Deccan Chargers,Chennai Super Kings,DT Christian,CL White,DJ Bravo,0,0,,,,,,,,,
548352,2012,2012-05-04,"MA Chidambaram Stadium, Chepauk",2,16.4,Deccan Chargers,Chennai Super Kings,DT Christian,CL White,DJ Bravo,1,0,,,,,,,,,
548352,2012,2012-05-04,"MA Chidambaram Stadium, Chepauk",2,16.5,Deccan Chargers,Chennai Super Kings,CL White,DT Christian,DJ Bravo,4,0,,,,,,,,,
548352,2012,2012-05-04,"MA Chidambaram Stadium, Chepauk",2,16.6,Deccan Chargers,Chennai Super Kings,CL White,DT Christian,DJ Bravo,1,0,,,,,,,,,
548352,2012,2012-05-04,"MA Chidambaram Stadium, Chepauk",2,17.1,Deccan Chargers,Chennai Super Kings,CL White,DT Christian,RA Jadeja,1,0,,,,,,,,,
548352,2012,2012-05-04,"MA Chidambaram Stadium, Chepauk",2,17.2,Deccan Chargers,Chennai Super Kings,DT Christian,CL White,RA Jadeja,0,1,,,,1,,,,,
548352,2012,2012-05-04,"MA Chidambaram Stadium, Chepauk",2,17.3,Deccan Chargers,Chennai Super Kings,CL White,DT Christian,RA Jadeja,6,0,,,,,,,,,
548352,2012,2012-05-04,"MA Chidambaram Stadium, Chepauk",2,17.4,Deccan Chargers,Chennai Super Kings,CL White,DT Christian,RA Jadeja,6,0,,,,,,,,,
548352,2012,2012-05-04,"MA Chidambaram Stadium, Chepauk",2,17.5,Deccan Chargers,Chennai Super Kings,CL White,DT Christian,RA Jadeja,0,0,,,,,,,,,
548352,2012,2012-05-04,"MA Chidambaram Stadium, Chepauk",2,17.6,Deccan Chargers,Chennai Super Kings,CL White,DT Christian,RA Jadeja,4,0,,,,,,,,,
548352,2012,2012-05-04,"MA Chidambaram Stadium, Chepauk",2,18.1,Deccan Chargers,Chennai Super Kings,DT Christian,CL White,DJ Bravo,0,0,,,,,,,,,
548352,2012,2012-05-04,"MA Chidambaram Stadium, Chepauk",2,18.2,Deccan Chargers,Chennai Super Kings,DT Christian,CL White,DJ Bravo,1,0,,,,,,,,,
548352,2012,2012-05-04,"MA Chidambaram Stadium, Chepauk",2,18.3,Deccan Chargers,Chennai Super Kings,CL White,DT Christian,DJ Bravo,0,1,1,,,,,,,,
548352,2012,2012-05-04,"MA Chidambaram Stadium, Chepauk",2,18.4,Deccan Chargers,Chennai Super Kings,CL White,DT Christian,DJ Bravo,1,0,,,,,,run out,CL White,,
548352,2012,2012-05-04,"MA Chidambaram Stadium, Chepauk",2,18.5,Deccan Chargers,Chennai Super Kings,A Ashish Reddy,DT Christian,DJ Bravo,1,0,,,,,,,,,
548352,2012,2012-05-04,"MA Chidambaram Stadium, Chepauk",2,18.6,Deccan Chargers,Chennai Super Kings,DT Christian,A Ashish Reddy,DJ Bravo,4,0,,,,,,,,,
548352,2012,2012-05-04,"MA Chidambaram Stadium, Chepauk",2,18.7,Deccan Chargers,Chennai Super Kings,DT Christian,A Ashish Reddy,DJ Bravo,1,0,,,,,,,,,
548352,2012,2012-05-04,"MA Chidambaram Stadium, Chepauk",2,19.1,Deccan Chargers,Chennai Super Kings,DT Christian,A Ashish Reddy,BW Hilfenhaus,4,0,,,,,,,,,
548352,2012,2012-05-04,"MA Chidambaram Stadium, Chepauk",2,19.2,Deccan Chargers,Chennai Super Kings,DT Christian,A Ashish Reddy,BW Hilfenhaus,1,0,,,,,,,,,
548352,2012,2012-05-04,"MA Chidambaram Stadium, Chepauk",2,19.3,Deccan Chargers,Chennai Super Kings,A Ashish Reddy,DT Christian,BW Hilfenhaus,2,0,,,,,,,,,
548352,2012,2012-05-04,"MA Chidambaram Stadium, Chepauk",2,19.4,Deccan Chargers,Chennai Super Kings,A Ashish Reddy,DT Christian,BW Hilfenhaus,0,0,,,,,,caught,A Ashish Reddy,,
548352,2012,2012-05-04,"MA Chidambaram Stadium, Chepauk",2,19.5,Deccan Chargers,Chennai Super Kings,DT Christian,AA Jhunjhunwala,BW Hilfenhaus,1,0,,,,,,,,,
548352,2012,2012-05-04,"MA Chidambaram Stadium, Chepauk",2,19.6,Deccan Chargers,Chennai Super Kings,AA Jhunjhunwala,DT Christian,BW Hilfenhaus,1,0,,,,,,,,,
