match_id,season,start_date,venue,innings,ball,batting_team,bowling_team,striker,non_striker,bowler,runs_off_bat,extras,wides,noballs,byes,legbyes,penalty,wicket_type,player_dismissed,other_wicket_type,other_player_dismissed
548346,2012,2012-04-29,Wankhede Stadium,1,0.1,Deccan Chargers,Mumbai Indians,PA Patel,S Dhawan,Harbhajan Singh,2,0,,,,,,,,,
548346,2012,2012-04-29,Wankhede Stadium,1,0.2,Deccan Chargers,Mumbai Indians,PA Patel,S Dhawan,Harbhajan Singh,0,0,,,,,,,,,
548346,2012,2012-04-29,Wankhede Stadium,1,0.3,Deccan Chargers,Mumbai Indians,PA Patel,S Dhawan,Harbhajan Singh,0,0,,,,,,,,,
548346,2012,2012-04-29,Wankhede Stadium,1,0.4,Deccan Chargers,Mumbai Indians,PA Patel,S Dhawan,Harbhajan Singh,0,1,,,,1,,,,,
548346,2012,2012-04-29,Wankhede Stadium,1,0.5,Deccan Chargers,Mumbai Indians,S Dhawan,PA Patel,Harbhajan Singh,0,0,,,,,,,,,
548346,2012,2012-04-29,Wankhede Stadium,1,0.6,Deccan Chargers,Mumbai Indians,S Dhawan,PA Patel,Harbhajan Singh,0,0,,,,,,,,,
548346,2012,2012-04-29,Wankhede Stadium,1,1.1,Deccan Chargers,Mumbai Indians,PA Patel,S Dhawan,RP Singh,0,0,,,,,,,,,
548346,2012,2012-04-29,Wankhede Stadium,1,1.2,Deccan Chargers,Mumbai Indians,PA Patel,S Dhawan,RP Singh,2,0,,,,,,,,,
548346,2012,2012-04-29,Wankhede Stadium,1,1.3,Deccan Chargers,Mumbai Indians,PA Patel,S Dhawan,RP Singh,6,0,,,,,,,,,
548346,2012,2012-04-29,Wankhede Stadium,1,1.4,Deccan Chargers,Mumbai Indians,PA Patel,S Dhawan,RP Singh,0,0,,,,,,,,,
548346,2012,2012-04-29,Wankhede Stadium,1,1.5,Deccan Chargers,Mumbai Indians,PA Patel,S Dhawan,RP Singh,0,0,,,,,,,,,
548346,2012,2012-04-29,Wankhede Stadium,1,1.6,Deccan Chargers,Mumbai Indians,PA Patel,S Dhawan,RP Singh,1,0,,,,,,,,,
548346,2012,2012-04-29,Wankhede Stadium,1,2.1,Deccan Chargers,Mumbai Indians,PA Patel,S Dhawan,MM Patel,2,0,,,,,,,,,
548346,2012,2012-04-29,Wankhede Stadium,1,2.2,Deccan Chargers,Mumbai Indians,PA Patel,S Dhawan,MM Patel,4,0,,,,,,,,,
548346,2012,2012-04-29,Wankhede Stadium,1,2.3,Deccan Chargers,Mumbai Indians,PA Patel,S Dhawan,MM Patel,0,0,,,,,,,,,
548346,2012,2012-04-29,Wankhede Stadium,1,2.4,Deccan Chargers,Mumbai Indians,PA Patel,S Dhawan,MM Patel,1,0,,,,,,,,,
548346,2012,2012-04-29,Wankhede Stadium,1,2.5,Deccan Chargers,Mumbai Indians,S Dhawan,PA Patel,MM Patel,0,0,,,,,,,,,
548346,2012,2012-04-29,Wankhede Stadium,1,2.6,Deccan Chargers,Mumbai Indians,S Dhawan,PA Patel,MM Patel,0,1,,,1,,,,,,
548346,2012,2012-04-29,Wankhede Stadium,1,3.1,Deccan Chargers,Mumbai Indians,S Dhawan,PA Patel,RP Singh,4,0,,,,,,,,,
548346,2012,2012-04-29,Wankhede Stadium,1,3.2,Deccan Chargers,Mumbai Indians,S Dhawan,PA Patel,RP Singh,2,0,,,,,,,,,
548346,2012,2012-04-29,Wankhede Stadium,1,3.3,Deccan Chargers,Mumbai Indians,S Dhawan,PA Patel,RP Singh,0,0,,,,,,,,,
548346,2012,2012-04-29,Wankhede Stadium,1,3.4,Deccan Chargers,Mumbai Indians,S Dhawan,PA Patel,RP Singh,2,0,,,,,,,,,
548346,2012,2012-04-29,Wankhede Stadium,1,3.5,Deccan Chargers,Mumbai Indians,S Dhawan,PA Patel,RP Singh,1,0,,,,,,,,,
548346,2012,2012-04-29,Wankhede Stadium,1,3.6,Deccan Chargers,Mumbai Indians,PA Patel,S Dhawan,RP Singh,0,0,,,,,,,,,
548346,2012,2012-04-29,Wankhede Stadium,1,4.1,Deccan Chargers,Mumbai Indians,S Dhawan,PA Patel,SL Malinga,4,0,,,,,,,,,
548346,2012,2012-04-29,Wankhede Stadium,1,4.2,Deccan Chargers,Mumbai Indians,S Dhawan,PA Patel,SL Malinga,1,0,,,,,,,,,
548346,2012,2012-04-29,Wankhede Stadium,1,4.3,Deccan Chargers,Mumbai Indians,PA Patel,S Dhawan,SL Malinga,1,0,,,,,,,,,
548346,2012,2012-04-29,Wankhede Stadium,1,4.4,Deccan Chargers,Mumbai Indians,S Dhawan,PA Patel,SL Malinga,0,0,,,,,,,,,
548346,2012,2012-04-29,Wankhede Stadium,1,4.5,Deccan Chargers,Mumbai Indians,S Dhawan,PA Patel,SL Malinga,0,0,,,,,,,,,
548346,2012,2012-04-29,Wankhede Stadium,1,4.6,Deccan Chargers,Mumbai Indians,S Dhawan,PA Patel,SL Malinga,1,0,,,,,,,,,
548346,2012,2012-04-29,Wankhede Stadium,1,5.1,Deccan Chargers,Mumbai Indians,S Dhawan,PA Patel,RP Singh,1,0,,,,,,,,,
548346,2012,2012-04-29,Wankhede Stadium,1,5.2,Deccan Chargers,Mumbai Indians,PA Patel,S Dhawan,RP Singh,0,0,,,,,,,,,
548346,2012,2012-04-29,Wankhede Stadium,1,5.3,Deccan Chargers,Mumbai Indians,PA Patel,S Dhawan,RP Singh,0,0,,,,,,caught,PA Patel,,
548346,2012,2012-04-29,Wankhede Stadium,1,5.4,Deccan Chargers,Mumbai Indians,IR Jaggi,S Dhawan,RP Singh,1,0,,,,,,,,,
548346,2012,2012-04-29,Wankhede Stadium,1,5.5,Deccan Chargers,Mumbai Indians,S Dhawan,IR Jaggi,RP Singh,0,0,,,,,,,,,
548346,2012,2012-04-29,Wankhede Stadium,1,5.6,Deccan Chargers,Mumbai Indians,S Dhawan,IR Jaggi,RP Singh,0,0,,,,,,,,,
548346,2012,2012-04-29,Wankhede Stadium,1,6.1,Deccan Chargers,Mumbai Indians,IR Jaggi,S Dhawan,MM Patel,0,0,,,,,,,,,
548346,2012,2012-04-29,Wankhede Stadium,1,6.2,Deccan Chargers,Mumbai Indians,IR Jaggi,S Dhawan,MM Patel,1,0,,,,,,,,,
548346,2012,2012-04-29,Wankhede Stadium,1,6.3,Deccan Chargers,Mumbai Indians,S Dhawan,IR Jaggi,MM Patel,1,0,,,,,,,,,
548346,2012,2012-04-29,Wankhede Stadium,1,6.4,Deccan Chargers,Mumbai Indians,IR Jaggi,S Dhawan,MM Patel,0,0,,,,,,,,,
548346,2012,2012-04-29,Wankhede Stadium,1,6.5,Deccan Chargers,Mumbai Indians,IR Jaggi,S Dhawan,MM Patel,0,0,,,,,,,,,
548346,2012,2012-04-29,Wankhede Stadium,1,6.6,Deccan Chargers,Mumbai Indians,IR Jaggi,S Dhawan,MM Patel,0,0,,,,,,,,,
548346,2012,2012-04-29,Wankhede Stadium,1,7.1,Deccan Chargers,Mumbai Indians,S Dhawan,IR Jaggi,Harbhajan Singh,1,0,,,,,,,,,
548346,2012,2012-04-29,Wankhede Stadium,1,7.2,Deccan Chargers,Mumbai Indians,IR Jaggi,S Dhawan,Harbhajan Singh,0,0,,,,,,caught,IR Jaggi,,
548346,2012,2012-04-29,Wankhede Stadium,1,7.3,Deccan Chargers,Mumbai Indians,S Dhawan,CL White,Harbhajan Singh,0,0,,,,,,,,,
548346,2012,2012-04-29,Wankhede Stadium,1,7.4,Deccan Chargers,Mumbai Indians,S Dhawan,CL White,Harbhajan Singh,0,0,,,,,,,,,
548346,2012,2012-04-29,Wankhede Stadium,1,7.5,Deccan Chargers,Mumbai Indians,S Dhawan,CL White,Harbhajan Singh,2,0,,,,,,,,,
548346,2012,2012-04-29,Wankhede Stadium,1,7.6,Deccan Chargers,Mumbai Indians,S Dhawan,CL White,Harbhajan Singh,0,0,,,,,,,,,
548346,2012,2012-04-29,Wankhede Stadium,1,8.1,Deccan Chargers,Mumbai Indians,CL White,S Dhawan,SL Malinga,0,1,1,,,,,,,,
548346,2012,2012-04-29,Wankhede Stadium,1,8.2,Deccan Chargers,Mumbai Indians,CL White,S Dhawan,SL Malinga,0,0,,,,,,caught,CL White,,
548346,2012,2012-04-29,Wankhede Stadium,1,8.3,Deccan Chargers,Mumbai Indians,JP Duminy,S Dhawan,SL Malinga,0,0,,,,,,,,,
548346,2012,2012-04-29,Wankhede Stadium,1,8.4,Deccan Chargers,Mumbai Indians,JP Duminy,S Dhawan,SL Malinga,0,1,1,,,,,,,,
548346,2012,2012-04-29,Wankhede Stadium,1,8.5,Deccan Chargers,Mumbai Indians,JP Duminy,S Dhawan,SL Malinga,0,0,,,,,,,,,
548346,2012,2012-04-29,Wankhede Stadium,1,8.6,Deccan Chargers,Mumbai Indians,JP Duminy,S Dhawan,SL Malinga,0,0,,,,,,,,,
548346,2012,2012-04-29,Wankhede Stadium,1,8.7,Deccan Chargers,Mumbai Indians,JP Duminy,S Dhawan,SL Malinga,1,0,,,,,,,,,
548346,2012,2012-04-29,Wankhede Stadium,1,8.8,Deccan Chargers,Mumbai Indians,S Dhawan,JP Duminy,SL Malinga,2,0,,,,,,,,,
548346,2012,2012-04-29,Wankhede Stadium,1,9.1,Deccan Chargers,Mumbai Indians,JP Duminy,S Dhawan,Harbhajan Singh,0,0,,,,,,,,,
548346,2012,2012-04-29,Wankhede Stadium,1,9.2,Deccan Chargers,Mumbai Indians,JP Duminy,S Dhawan,Harbhajan Singh,1,0,,,,,,,,,
548346,2012,2012-04-29,Wankhede Stadium,1,9.3,Deccan Chargers,Mumbai Indians,S Dhawan,JP Duminy,Harbhajan Singh,1,0,,,,,,,,,
548346,2012,2012-04-29,Wankhede Stadium,1,9.4,Deccan Chargers,Mumbai Indians,JP Duminy,S Dhawan,Harbhajan Singh,1,0,,,,,,,,,
548346,2012,2012-04-29,Wankhede Stadium,1,9.5,Deccan Chargers,Mumbai Indians,S Dhawan,JP Duminy,Harbhajan Singh,0,0,,,,,,,,,
548346,2012,2012-04-29,Wankhede Stadium,1,9.6,Deccan Chargers,Mumbai Indians,S Dhawan,JP Duminy,Harbhajan Singh,0,0,,,,,,,,,
548346,2012,2012-04-29,Wankhede Stadium,1,10.1,Deccan Chargers,Mumbai Indians,JP Duminy,S Dhawan,JEC Franklin,1,0,,,,,,,,,
548346,2012,2012-04-29,Wankhede Stadium,1,10.2,Deccan Chargers,Mumbai Indians,S Dhawan,JP Duminy,JEC Franklin,1,0,,,,,,,,,
548346,2012,2012-04-29,Wankhede Stadium,1,10.3,Deccan Chargers,Mumbai Indians,JP Duminy,S Dhawan,JEC Franklin,1,0,,,,,,,,,
548346,2012,2012-04-29,Wankhede Stadium,1,10.4,Deccan Chargers,Mumbai Indians,S Dhawan,JP Duminy,JEC Franklin,0,0,,,,,,,,,
548346,2012,2012-04-29,Wankhede Stadium,1,10.5,Deccan Chargers,Mumbai Indians,S Dhawan,JP Duminy,JEC Franklin,4,0,,,,,,,,,
548346,2012,2012-04-29,Wankhede Stadium,1,10.6,Deccan Chargers,Mumbai Indians,S Dhawan,JP Duminy,JEC Franklin,1,0,,,,,,,,,
548346,2012,2012-04-29,Wankhede Stadium,1,11.1,Deccan Chargers,Mumbai Indians,S Dhawan,JP Duminy,Harbhajan Singh,0,0,,,,,,stumped,S Dhawan,,
548346,2012,2012-04-29,Wankhede Stadium,1,11.2,Deccan Chargers,Mumbai Indians,DT Christian,JP Duminy,Harbhajan Singh,4,0,,,,,,,,,
548346,2012,2012-04-29,Wankhede Stadium,1,11.3,Deccan Chargers,Mumbai Indians,DT Christian,JP Duminy,Harbhajan Singh,0,0,,,,,,,,,
548346,2012,2012-04-29,Wankhede Stadium,1,11.4,Deccan Chargers,Mumbai Indians,DT Christian,JP Duminy,Harbhajan Singh,0,0,,,,,,,,,
548346,2012,2012-04-29,Wankhede Stadium,1,11.5,Deccan Chargers,Mumbai Indians,DT Christian,JP Duminy,Harbhajan Singh,1,0,,,,,,,,,
548346,2012,2012-04-29,Wankhede Stadium,1,11.6,Deccan Chargers,Mumbai Indians,JP Duminy,DT Christian,Harbhajan Singh,0,0,,,,,,,,,
548346,2012,2012-04-29,Wankhede Stadium,1,12.1,Deccan Chargers,Mumbai Indians,DT Christian,JP Duminy,JEC Franklin,0,0,,,,,,caught,DT Christian,,
548346,2012,2012-04-29,Wankhede Stadium,1,12.2,Deccan Chargers,Mumbai Indians,B Chipli,JP Duminy,JEC Franklin,0,0,,,,,,,,,
548346,2012,2012-04-29,Wankhede Stadium,1,12.3,Deccan Chargers,Mumbai Indians,B Chipli,JP Duminy,JEC Franklin,1,0,,,,,,,,,
548346,2012,2012-04-29,Wankhede Stadium,1,12.4,Deccan Chargers,Mumbai Indians,JP Duminy,B Chipli,JEC Franklin,0,0,,,,,,,,,
548346,2012,2012-04-29,Wankhede Stadium,1,12.5,Deccan Chargers,Mumbai Indians,JP Duminy,B Chipli,JEC Franklin,1,0,,,,,,,,,
548346,2012,2012-04-29,Wankhede Stadium,1,12.6,Deccan Chargers,Mumbai Indians,B Chipli,JP Duminy,JEC Franklin,0,0,,,,,,caught,B Chipli,,
548346,2012,2012-04-29,Wankhede Stadium,1,13.1,Deccan Chargers,Mumbai Indians,A Ashish Reddy,JP Duminy,RJ Peterson,0,0,,,,,,,,,
548346,2012,2012-04-29,Wankhede Stadium,1,13.2,Deccan Chargers,Mumbai Indians,A Ashish Reddy,JP Duminy,RJ Peterson,0,0,,,,,,,,,
548346,2012,2012-04-29,Wankhede Stadium,1,13.3,Deccan Chargers,Mumbai Indians,A Ashish Reddy,JP Duminy,RJ Peterson,0,0,,,,,,,,,
548346,2012,2012-04-29,Wankhede Stadium,1,13.4,Deccan Chargers,Mumbai Indians,A Ashish Reddy,JP Duminy,RJ Peterson,1,0,,,,,,,,,
548346,2012,2012-04-29,Wankhede Stadium,1,13.5,Deccan Chargers,Mumbai Indians,JP Duminy,A Ashish Reddy,RJ Peterson,1,0,,,,,,,,,
548346,2012,2012-04-29,Wankhede Stadium,1,13.6,Deccan Chargers,Mumbai Indians,A Ashish Reddy,JP Duminy,RJ Peterson,6,0,,,,,,,,,
548346,2012,2012-04-29,Wankhede Stadium,1,14.1,Deccan Chargers,Mumbai Indians,JP Duminy,A Ashish Reddy,JEC Franklin,4,0,,,,,,,,,
548346,2012,2012-04-29,Wankhede Stadium,1,14.2,Deccan Chargers,Mumbai Indians,JP Duminy,A Ashish Reddy,JEC Franklin,0,0,,,,,,,,,
548346,2012,2012-04-29,Wankhede Stadium,1,14.3,Deccan Chargers,Mumbai Indians,JP Duminy,A Ashish Reddy,JEC Franklin,1,0,,,,,,,,,
548346,2012,2012-04-29,Wankhede Stadium,1,14.4,Deccan Chargers,Mumbai Indians,A Ashish Reddy,JP Duminy,JEC Franklin,2,0,,,,,,,,,
548346,2012,2012-04-29,Wankhede Stadium,1,14.5,Deccan Chargers,Mumbai Indians,A Ashish Reddy,JP Duminy,JEC Franklin,0,0,,,,,,,,,
548346,2012,2012-04-29,Wankhede Stadium,1,14.6,Deccan Chargers,Mumbai Indians,A Ashish Reddy,JP Duminy,JEC Franklin,1,0,,,,,,,,,
548346,2012,2012-04-29,Wankhede Stadium,1,15.1,Deccan Chargers,Mumbai Indians,A Ashish Reddy,JP Duminy,MM Patel,0,0,,,,,,,,,
548346,2012,2012-04-29,Wankhede Stadium,1,15.2,Deccan Chargers,Mumbai Indians,A Ashish Reddy,JP Duminy,MM Patel,0,0,,,,,,caught,A Ashish Reddy,,
548346,2012,2012-04-29,Wankhede Stadium,1,15.3,Deccan Chargers,Mumbai Indians,JP Duminy,A Mishra,MM Patel,4,0,,,,,,,,,
548346,2012,2012-04-29,Wankhede Stadium,1,15.4,Deccan Chargers,Mumbai Indians,JP Duminy,A Mishra,MM Patel,1,0,,,,,,,,,
548346,2012,2012-04-29,Wankhede Stadium,1,15.5,Deccan Chargers,Mumbai Indians,A Mishra,JP Duminy,MM Patel,0,0,,,,,,,,,
548346,2012,2012-04-29,Wankhede Stadium,1,15.6,Deccan Chargers,Mumbai Indians,A Mishra,JP Duminy,MM Patel,0,0,,,,,,,,,
548346,2012,2012-04-29,Wankhede Stadium,1,16.1,Deccan Chargers,Mumbai Indians,JP Duminy,A Mishra,SL Malinga,1,0,,,,,,,,,
548346,2012,2012-04-29,Wankhede Stadium,1,16.2,Deccan Chargers,Mumbai Indians,A Mishra,JP Duminy,SL Malinga,0,0,,,,,,,,,
548346,2012,2012-04-29,Wankhede Stadium,1,16.3,Deccan Chargers,Mumbai Indians,A Mishra,JP Duminy,SL Malinga,0,0,,,,,,,,,
548346,2012,2012-04-29,Wankhede Stadium,1,16.4,Deccan Chargers,Mumbai Indians,A Mishra,JP Duminy,SL Malinga,1,0,,,,,,,,,
548346,2012,2012-04-29,Wankhede Stadium,1,16.5,Deccan Chargers,Mumbai Indians,JP Duminy,A Mishra,SL Malinga,1,0,,,,,,,,,
548346,2012,2012-04-29,Wankhede Stadium,1,16.6,Deccan Chargers,Mumbai Indians,A Mishra,JP Duminy,SL Malinga,0,0,,,,,,caught,A Mishra,,
548346,2012,2012-04-29,Wankhede Stadium,1,17.1,Deccan Chargers,Mumbai Indians,DW Steyn,JP Duminy,MM Patel,0,0,,,,,,,,,
548346,2012,2012-04-29,Wankhede Stadium,1,17.2,Deccan Chargers,Mumbai Indians,DW Steyn,JP Duminy,MM Patel,1,0,,,,,,,,,
548346,2012,2012-04-29,Wankhede Stadium,1,17.3,Deccan Chargers,Mumbai Indians,JP Duminy,DW Steyn,MM Patel,4,0,,,,,,,,,
548346,2012,2012-04-29,Wankhede Stadium,1,17.4,Deccan Chargers,Mumbai Indians,JP Duminy,DW Steyn,MM Patel,0,0,,,,,,,,,
548346,2012,2012-04-29,Wankhede Stadium,1,17.5,Deccan Chargers,Mumbai Indians,JP Duminy,DW Steyn,MM Patel,0,1,1,,,,,,,,
548346,2012,2012-04-29,Wankhede Stadium,1,17.6,Deccan Chargers,Mumbai Indians,JP Duminy,DW Steyn,MM Patel,1,0,,,,,,,,,
548346,2012,2012-04-29,Wankhede Stadium,1,17.7,Deccan Chargers,Mumbai Indians,DW Steyn,JP Duminy,MM Patel,2,0,,,,,,,,,
548346,2012,2012-04-29,Wankhede Stadium,1,18.1,Deccan Chargers,Mumbai Indians,JP Duminy,DW Steyn,SL Malinga,1,0,,,,,,,,,
548346,2012,2012-04-29,Wankhede Stadium,1,18.2,Deccan Chargers,Mumbai Indians,DW Steyn,JP Duminy,SL Malinga,0,0,,,,,,,,,
548346,2012,2012-04-29,Wankhede Stadium,1,18.3,Deccan Chargers,Mumbai Indians,DW Steyn,JP Duminy,SL Malinga,0,0,,,,,,caught and bowled,DW Steyn,,
548346,2012,2012-04-29,Wankhede Stadium,1,18.4,Deccan Chargers,Mumbai Indians,V Pratap Singh,JP Duminy,SL Malinga,0,0,,,,,,caught,V Pratap Singh,,
548346,2012,2012-04-29,Wankhede Stadium,2,0.1,Mumbai Indians,Deccan Chargers,RE Levi,SR Tendulkar,DW Steyn,0,0,,,,,,bowled,RE Levi,,
548346,2012,2012-04-29,Wankhede Stadium,2,0.2,Mumbai Indians,Deccan Chargers,RG Sharma,SR Tendulkar,DW Steyn,0,1,1,,,,,,,,
548346,2012,2012-04-29,Wankhede Stadium,2,0.3,Mumbai Indians,Deccan Chargers,RG Sharma,SR Tendulkar,DW Steyn,0,0,,,,,,,,,
548346,2012,2012-04-29,Wankhede Stadium,2,0.4,Mumbai Indians,Deccan Chargers,RG Sharma,SR Tendulkar,DW Steyn,0,0,,,,,,,,,
548346,2012,2012-04-29,Wankhede Stadium,2,0.5,Mumbai Indians,Deccan Chargers,RG Sharma,SR Tendulkar,DW Steyn,0,0,,,,,,,,,
548346,2012,2012-04-29,Wankhede Stadium,2,0.6,Mumbai Indians,Deccan Chargers,RG Sharma,SR Tendulkar,DW Steyn,0,0,,,,,,,,,
548346,2012,2012-04-29,Wankhede Stadium,2,0.7,Mumbai Indians,Deccan Chargers,RG Sharma,SR Tendulkar,DW Steyn,0,0,,,,,,,,,
548346,2012,2012-04-29,Wankhede Stadium,2,1.1,Mumbai Indians,Deccan Chargers,SR Tendulkar,RG Sharma,V Pratap Singh,0,0,,,,,,,,,
548346,2012,2012-04-29,Wankhede Stadium,2,1.2,Mumbai Indians,Deccan Chargers,SR Tendulkar,RG Sharma,V Pratap Singh,0,1,1,,,,,,,,
548346,2012,2012-04-29,Wankhede Stadium,2,1.3,Mumbai Indians,Deccan Chargers,SR Tendulkar,RG Sharma,V Pratap Singh,0,0,,,,,,,,,
548346,2012,2012-04-29,Wankhede Stadium,2,1.4,Mumbai Indians,Deccan Chargers,SR Tendulkar,RG Sharma,V Pratap Singh,3,0,,,,,,,,,
548346,2012,2012-04-29,Wankhede Stadium,2,1.5,Mumbai Indians,Deccan Chargers,RG Sharma,SR Tendulkar,V Pratap Singh,0,0,,,,,,,,,
548346,2012,2012-04-29,Wankhede Stadium,2,1.6,Mumbai Indians,Deccan Chargers,RG Sharma,SR Tendulkar,V Pratap Singh,0,0,,,,,,,,,
548346,2012,2012-04-29,Wankhede Stadium,2,1.7,Mumbai Indians,Deccan Chargers,RG Sharma,SR Tendulkar,V Pratap Singh,2,0,,,,,,,,,
548346,2012,2012-04-29,Wankhede Stadium,2,2.1,Mumbai Indians,Deccan Chargers,SR Tendulkar,RG Sharma,DW Steyn,1,0,,,,,,,,,
548346,2012,2012-04-29,Wankhede Stadium,2,2.2,Mumbai Indians,Deccan Chargers,RG Sharma,SR Tendulkar,DW Steyn,0,0,,,,,,,,,
548346,2012,2012-04-29,Wankhede Stadium,2,2.3,Mumbai Indians,Deccan Chargers,RG Sharma,SR Tendulkar,DW Steyn,0,0,,,,,,,,,
548346,2012,2012-04-29,Wankhede Stadium,2,2.4,Mumbai Indians,Deccan Chargers,RG Sharma,SR Tendulkar,DW Steyn,0,0,,,,,,,,,
548346,2012,2012-04-29,Wankhede Stadium,2,2.5,Mumbai Indians,Deccan Chargers,RG Sharma,SR Tendulkar,DW Steyn,0,0,,,,,,,,,
548346,2012,2012-04-29,Wankhede Stadium,2,2.6,Mumbai Indians,Deccan Chargers,RG Sharma,SR Tendulkar,DW Steyn,1,0,,,,,,,,,
548346,2012,2012-04-29,Wankhede Stadium,2,3.1,Mumbai Indians,Deccan Chargers,RG Sharma,SR Tendulkar,V Pratap Singh,4,0,,,,,,,,,
548346,2012,2012-04-29,Wankhede Stadium,2,3.2,Mumbai Indians,Deccan Chargers,RG Sharma,SR Tendulkar,V Pratap Singh,1,0,,,,,,,,,
548346,2012,2012-04-29,Wankhede Stadium,2,3.3,Mumbai Indians,Deccan Chargers,SR Tendulkar,RG Sharma,V Pratap Singh,0,0,,,,,,,,,
548346,2012,2012-04-29,Wankhede Stadium,2,3.4,Mumbai Indians,Deccan Chargers,SR Tendulkar,RG Sharma,V Pratap Singh,0,1,,,,1,,,,,
548346,2012,2012-04-29,Wankhede Stadium,2,3.5,Mumbai Indians,Deccan Chargers,RG Sharma,SR Tendulkar,V Pratap Singh,4,0,,,,,,,,,
548346,2012,2012-04-29,Wankhede Stadium,2,3.6,Mumbai Indians,Deccan Chargers,RG Sharma,SR Tendulkar,V Pratap Singh,0,0,,,,,,,,,
548346,2012,2012-04-29,Wankhede Stadium,2,4.1,Mumbai Indians,Deccan Chargers,SR Tendulkar,RG Sharma,DT Christian,0,0,,,,,,,,,
548346,2012,2012-04-29,Wankhede Stadium,2,4.2,Mumbai Indians,Deccan Chargers,SR Tendulkar,RG Sharma,DT Christian,0,1,1,,,,,,,,
548346,2012,2012-04-29,Wankhede Stadium,2,4.3,Mumbai Indians,Deccan Chargers,SR Tendulkar,RG Sharma,DT Christian,2,0,,,,,,,,,
548346,2012,2012-04-29,Wankhede Stadium,2,4.4,Mumbai Indians,Deccan Chargers,SR Tendulkar,RG Sharma,DT Christian,4,0,,,,,,,,,
548346,2012,2012-04-29,Wankhede Stadium,2,4.5,Mumbai Indians,Deccan Chargers,SR Tendulkar,RG Sharma,DT Christian,0,0,,,,,,,,,
548346,2012,2012-04-29,Wankhede Stadium,2,4.6,Mumbai Indians,Deccan Chargers,SR Tendulkar,RG Sharma,DT Christian,1,0,,,,,,,,,
548346,2012,2012-04-29,Wankhede Stadium,2,4.7,Mumbai Indians,Deccan Chargers,RG Sharma,SR Tendulkar,DT Christian,0,0,,,,,,,,,
548346,2012,2012-04-29,Wankhede Stadium,2,5.1,Mumbai Indians,Deccan Chargers,SR Tendulkar,RG Sharma,V Pratap Singh,1,0,,,,,,,,,
548346,2012,2012-04-29,Wankhede Stadium,2,5.2,Mumbai Indians,Deccan Chargers,RG Sharma,SR Tendulkar,V Pratap Singh,0,0,,,,,,,,,
548346,2012,2012-04-29,Wankhede Stadium,2,5.3,Mumbai Indians,Deccan Chargers,RG Sharma,SR Tendulkar,V Pratap Singh,1,0,,,,,,,,,
548346,2012,2012-04-29,Wankhede Stadium,2,5.4,Mumbai Indians,Deccan Chargers,SR Tendulkar,RG Sharma,V Pratap Singh,2,0,,,,,,,,,
548346,2012,2012-04-29,Wankhede Stadium,2,5.5,Mumbai Indians,Deccan Chargers,SR Tendulkar,RG Sharma,V Pratap Singh,0,0,,,,,,caught,SR Tendulkar,,
548346,2012,2012-04-29,Wankhede Stadium,2,5.6,Mumbai Indians,Deccan Chargers,KD Karthik,RG Sharma,V Pratap Singh,0,0,,,,,,,,,
548346,2012,2012-04-29,Wankhede Stadium,2,6.1,Mumbai Indians,Deccan Chargers,RG Sharma,KD Karthik,DT Christian,0,1,1,,,,,,,,
548346,2012,2012-04-29,Wankhede Stadium,2,6.2,Mumbai Indians,Deccan Chargers,RG Sharma,KD Karthik,DT Christian,1,0,,,,,,,,,
548346,2012,2012-04-29,Wankhede Stadium,2,6.3,Mumbai Indians,Deccan Chargers,KD Karthik,RG Sharma,DT Christian,0,0,,,,,,,,,
548346,2012,2012-04-29,Wankhede Stadium,2,6.4,Mumbai Indians,Deccan Chargers,KD Karthik,RG Sharma,DT Christian,1,0,,,,,,,,,
548346,2012,2012-04-29,Wankhede Stadium,2,6.5,Mumbai Indians,Deccan Chargers,RG Sharma,KD Karthik,DT Christian,0,0,,,,,,,,,
548346,2012,2012-04-29,Wankhede Stadium,2,6.6,Mumbai Indians,Deccan Chargers,RG Sharma,KD Karthik,DT Christian,0,0,,,,,,,,,
548346,2012,2012-04-29,Wankhede Stadium,2,6.7,Mumbai Indians,Deccan Chargers,RG Sharma,KD Karthik,DT Christian,1,0,,,,,,,,,
548346,2012,2012-04-29,Wankhede Stadium,2,7.1,Mumbai Indians,Deccan Chargers,RG Sharma,KD Karthik,V Pratap Singh,1,0,,,,,,,,,
548346,2012,2012-04-29,Wankhede Stadium,2,7.2,Mumbai Indians,Deccan Chargers,KD Karthik,RG Sharma,V Pratap Singh,1,0,,,,,,,,,
548346,2012,2012-04-29,Wankhede Stadium,2,7.3,Mumbai Indians,Deccan Chargers,RG Sharma,KD Karthik,V Pratap Singh,6,0,,,,,,,,,
548346,2012,2012-04-29,Wankhede Stadium,2,7.4,Mumbai Indians,Deccan Chargers,RG Sharma,KD Karthik,V Pratap Singh,0,0,,,,,,,,,
548346,2012,2012-04-29,Wankhede Stadium,2,7.5,Mumbai Indians,Deccan Chargers,RG Sharma,KD Karthik,V Pratap Singh,1,0,,,,,,,,,
548346,2012,2012-04-29,Wankhede Stadium,2,7.6,Mumbai Indians,Deccan Chargers,KD Karthik,RG Sharma,V Pratap Singh,0,0,,,,,,,,,
548346,2012,2012-04-29,Wankhede Stadium,2,8.1,Mumbai Indians,Deccan Chargers,RG Sharma,KD Karthik,DW Steyn,0,0,,,,,,,,,
548346,2012,2012-04-29,Wankhede Stadium,2,8.2,Mumbai Indians,Deccan Chargers,RG Sharma,KD Karthik,DW Steyn,1,0,,,,,,,,,
548346,2012,2012-04-29,Wankhede Stadium,2,8.3,Mumbai Indians,Deccan Chargers,KD Karthik,RG Sharma,DW Steyn,0,0,,,,,,caught,KD Karthik,,
548346,2012,2012-04-29,Wankhede Stadium,2,8.4,Mumbai Indians,Deccan Chargers,JEC Franklin,RG Sharma,DW Steyn,0,1,1,,,,,,,,
548346,2012,2012-04-29,Wankhede Stadium,2,8.5,Mumbai Indians,Deccan Chargers,JEC Franklin,RG Sharma,DW Steyn,0,0,,,,,,,,,
548346,2012,2012-04-29,Wankhede Stadium,2,8.6,Mumbai Indians,Deccan Chargers,JEC Franklin,RG Sharma,DW Steyn,0,1,1,,,,,,,,
548346,2012,2012-04-29,Wankhede Stadium,2,8.7,Mumbai Indians,Deccan Chargers,JEC Franklin,RG Sharma,DW Steyn,0,0,,,,,,,,,
548346,2012,2012-04-29,Wankhede Stadium,2,8.8,Mumbai Indians,Deccan Chargers,JEC Franklin,RG Sharma,DW Steyn,0,0,,,,,,,,,
548346,2012,2012-04-29,Wankhede Stadium,2,9.1,Mumbai Indians,Deccan Chargers,RG Sharma,JEC Franklin,A Mishra,0,0,,,,,,,,,
548346,2012,2012-04-29,Wankhede Stadium,2,9.2,Mumbai Indians,Deccan Chargers,RG Sharma,JEC Franklin,A Mishra,2,0,,,,,,,,,
548346,2012,2012-04-29,Wankhede Stadium,2,9.3,Mumbai Indians,Deccan Chargers,RG Sharma,JEC Franklin,A Mishra,1,0,,,,,,,,,
548346,2012,2012-04-29,Wankhede Stadium,2,9.4,Mumbai Indians,Deccan Chargers,JEC Franklin,RG Sharma,A Mishra,0,0,,,,,,,,,
548346,2012,2012-04-29,Wankhede Stadium,2,9.5,Mumbai Indians,Deccan Chargers,JEC Franklin,RG Sharma,A Mishra,1,0,,,,,,,,,
548346,2012,2012-04-29,Wankhede Stadium,2,9.6,Mumbai Indians,Deccan Chargers,RG Sharma,JEC Franklin,A Mishra,1,0,,,,,,,,,
548346,2012,2012-04-29,Wankhede Stadium,2,10.1,Mumbai Indians,Deccan Chargers,RG Sharma,JEC Franklin,A Ashish Reddy,0,0,,,,,,,,,
548346,2012,2012-04-29,Wankhede Stadium,2,10.2,Mumbai Indians,Deccan Chargers,RG Sharma,JEC Franklin,A Ashish Reddy,0,0,,,,,,,,,
548346,2012,2012-04-29,Wankhede Stadium,2,10.3,Mumbai Indians,Deccan Chargers,RG Sharma,JEC Franklin,A Ashish Reddy,0,0,,,,,,,,,
548346,2012,2012-04-29,Wankhede Stadium,2,10.4,Mumbai Indians,Deccan Chargers,RG Sharma,JEC Franklin,A Ashish Reddy,4,0,,,,,,,,,
548346,2012,2012-04-29,Wankhede Stadium,2,10.5,Mumbai Indians,Deccan Chargers,RG Sharma,JEC Franklin,A Ashish Reddy,1,0,,,,,,,,,
548346,2012,2012-04-29,Wankhede Stadium,2,10.6,Mumbai Indians,Deccan Chargers,JEC Franklin,RG Sharma,A Ashish Reddy,0,0,,,,,,,,,
548346,2012,2012-04-29,Wankhede Stadium,2,11.1,Mumbai Indians,Deccan Chargers,RG Sharma,JEC Franklin,A Mishra,1,0,,,,,,,,,
548346,2012,2012-04-29,Wankhede Stadium,2,11.2,Mumbai Indians,Deccan Chargers,JEC Franklin,RG Sharma,A Mishra,2,0,,,,,,,,,
548346,2012,2012-04-29,Wankhede Stadium,2,11.3,Mumbai Indians,Deccan Chargers,JEC Franklin,RG Sharma,A Mishra,2,0,,,,,,,,,
548346,2012,2012-04-29,Wankhede Stadium,2,11.4,Mumbai Indians,Deccan Chargers,JEC Franklin,RG Sharma,A Mishra,1,0,,,,,,,,,
548346,2012,2012-04-29,Wankhede Stadium,2,11.5,Mumbai Indians,Deccan Chargers,RG Sharma,JEC Franklin,A Mishra,0,0,,,,,,,,,
548346,2012,2012-04-29,Wankhede Stadium,2,11.6,Mumbai Indians,Deccan Chargers,RG Sharma,JEC Franklin,A Mishra,0,0,,,,,,,,,
548346,2012,2012-04-29,Wankhede Stadium,2,12.1,Mumbai Indians,Deccan Chargers,JEC Franklin,RG Sharma,DW Steyn,0,0,,,,,,,,,
548346,2012,2012-04-29,Wankhede Stadium,2,12.2,Mumbai Indians,Deccan Chargers,JEC Franklin,RG Sharma,DW Steyn,0,0,,,,,,,,,
548346,2012,2012-04-29,Wankhede Stadium,2,12.3,Mumbai Indians,Deccan Chargers,JEC Franklin,RG Sharma,DW Steyn,1,0,,,,,,,,,
548346,2012,2012-04-29,Wankhede Stadium,2,12.4,Mumbai Indians,Deccan Chargers,RG Sharma,JEC Franklin,DW Steyn,1,0,,,,,,,,,
548346,2012,2012-04-29,Wankhede Stadium,2,12.5,Mumbai Indians,Deccan Chargers,JEC Franklin,RG Sharma,DW Steyn,1,0,,,,,,,,,
548346,2012,2012-04-29,Wankhede Stadium,2,12.6,Mumbai Indians,Deccan Chargers,RG Sharma,JEC Franklin,DW Steyn,1,0,,,,,,,,,
548346,2012,2012-04-29,Wankhede Stadium,2,13.1,Mumbai Indians,Deccan Chargers,RG Sharma,JEC Franklin,JP Duminy,1,0,,,,,,,,,
548346,2012,2012-04-29,Wankhede Stadium,2,13.2,Mumbai Indians,Deccan Chargers,JEC Franklin,RG Sharma,JP Duminy,1,0,,,,,,,,,
548346,2012,2012-04-29,Wankhede Stadium,2,13.3,Mumbai Indians,Deccan Chargers,RG Sharma,JEC Franklin,JP Duminy,1,0,,,,,,,,,
548346,2012,2012-04-29,Wankhede Stadium,2,13.4,Mumbai Indians,Deccan Chargers,JEC Franklin,RG Sharma,JP Duminy,1,0,,,,,,,,,
548346,2012,2012-04-29,Wankhede Stadium,2,13.5,Mumbai Indians,Deccan Chargers,RG Sharma,JEC Franklin,JP Duminy,4,0,,,,,,,,,
548346,2012,2012-04-29,Wankhede Stadium,2,13.6,Mumbai Indians,Deccan Chargers,RG Sharma,JEC Franklin,JP Duminy,0,0,,,,,,caught,RG Sharma,,
548346,2012,2012-04-29,Wankhede Stadium,2,14.1,Mumbai Indians,Deccan Chargers,JEC Franklin,AT Rayudu,DT Christian,0,0,,,,,,,,,
548346,2012,2012-04-29,Wankhede Stadium,2,14.2,Mumbai Indians,Deccan Chargers,JEC Franklin,AT Rayudu,DT Christian,1,0,,,,,,,,,
548346,2012,2012-04-29,Wankhede Stadium,2,14.3,Mumbai Indians,Deccan Chargers,AT Rayudu,JEC Franklin,DT Christian,0,0,,,,,,,,,
548346,2012,2012-04-29,Wankhede Stadium,2,14.4,Mumbai Indians,Deccan Chargers,AT Rayudu,JEC Franklin,DT Christian,0,0,,,,,,,,,
548346,2012,2012-04-29,Wankhede Stadium,2,14.5,Mumbai Indians,Deccan Chargers,AT Rayudu,JEC Franklin,DT Christian,0,0,,,,,,,,,
548346,2012,2012-04-29,Wankhede Stadium,2,14.6,Mumbai Indians,Deccan Chargers,AT Rayudu,JEC Franklin,DT Christian,1,0,,,,,,,,,
548346,2012,2012-04-29,Wankhede Stadium,2,15.1,Mumbai Indians,Deccan Chargers,AT Rayudu,JEC Franklin,A Mishra,1,0,,,,,,,,,
548346,2012,2012-04-29,Wankhede Stadium,2,15.2,Mumbai Indians,Deccan Chargers,JEC Franklin,AT Rayudu,A Mishra,1,0,,,,,,,,,
548346,2012,2012-04-29,Wankhede Stadium,2,15.3,Mumbai Indians,Deccan Chargers,AT Rayudu,JEC Franklin,A Mishra,0,0,,,,,,,,,
548346,2012,2012-04-29,Wankhede Stadium,2,15.4,Mumbai Indians,Deccan Chargers,AT Rayudu,JEC Franklin,A Mishra,1,0,,,,,,,,,
548346,2012,2012-04-29,Wankhede Stadium,2,15.5,Mumbai Indians,Deccan Chargers,JEC Franklin,AT Rayudu,A Mishra,1,0,,,,,,,,,
548346,2012,2012-04-29,Wankhede Stadium,2,15.6,Mumbai Indians,Deccan Chargers,AT Rayudu,JEC Franklin,A Mishra,0,0,,,,,,,,,
548346,2012,2012-04-29,Wankhede Stadium,2,16.1,Mumbai Indians,Deccan Chargers,JEC Franklin,AT Rayudu,A Ashish Reddy,0,0,,,,,,caught,JEC Franklin,,
548346,2012,2012-04-29,Wankhede Stadium,2,16.2,Mumbai Indians,Deccan Chargers,RJ Peterson,AT Rayudu,A Ashish Reddy,0,0,,,,,,,,,
548346,2012,2012-04-29,Wankhede Stadium,2,16.3,Mumbai Indians,Deccan Chargers,RJ Peterson,AT Rayudu,A Ashish Reddy,0,0,,,,,,,,,
548346,2012,2012-04-29,Wankhede Stadium,2,16.4,Mumbai Indians,Deccan Chargers,RJ Peterson,AT Rayudu,A Ashish Reddy,1,0,,,,,,,,,
548346,2012,2012-04-29,Wankhede Stadium,2,16.5,Mumbai Indians,Deccan Chargers,AT Rayudu,RJ Peterson,A Ashish Reddy,1,0,,,,,,,,,
548346,2012,2012-04-29,Wankhede Stadium,2,16.6,Mumbai Indians,Deccan Chargers,RJ Peterson,AT Rayudu,A Ashish Reddy,0,0,,,,,,,,,
548346,2012,2012-04-29,Wankhede Stadium,2,17.1,Mumbai Indians,Deccan Chargers,AT Rayudu,RJ Peterson,A Mishra,2,0,,,,,,,,,
548346,2012,2012-04-29,Wankhede Stadium,2,17.2,Mumbai Indians,Deccan Chargers,AT Rayudu,RJ Peterson,A Mishra,4,0,,,,,,,,,
548346,2012,2012-04-29,Wankhede Stadium,2,17.3,Mumbai Indians,Deccan Chargers,AT Rayudu,RJ Peterson,A Mishra,1,0,,,,,,,,,
548346,2012,2012-04-29,Wankhede Stadium,2,17.4,Mumbai Indians,Deccan Chargers,RJ Peterson,AT Rayudu,A Mishra,0,0,,,,,,,,,
548346,2012,2012-04-29,Wankhede Stadium,2,17.5,Mumbai Indians,Deccan Chargers,RJ Peterson,AT Rayudu,A Mishra,0,2,2,,,,,,,,
548346,2012,2012-04-29,Wankhede Stadium,2,17.6,Mumbai Indians,Deccan Chargers,AT Rayudu,RJ Peterson,A Mishra,4,0,,,,,,,,,
548346,2012,2012-04-29,Wankhede Stadium,2,17.7,Mumbai Indians,Deccan Chargers,AT Rayudu,RJ Peterson,A Mishra,1,0,,,,,,,,,
548346,2012,2012-04-29,Wankhede Stadium,2,18.1,Mumbai Indians,Deccan Chargers,AT Rayudu,RJ Peterson,A Ashish Reddy,0,1,1,,,,,,,,
548346,2012,2012-04-29,Wankhede Stadium,2,18.2,Mumbai Indians,Deccan Chargers,AT Rayudu,RJ Peterson,A Ashish Reddy,3,0,,,,,,,,,
