match_id,season,start_date,venue,innings,ball,batting_team,bowling_team,striker,non_striker,bowler,runs_off_bat,extras,wides,noballs,byes,legbyes,penalty,wicket_type,player_dismissed,other_wicket_type,other_player_dismissed
548337,2012,2012-04-24,Subrata Roy Sahara Stadium,1,0.1,Pune Warriors,Delhi Daredevils,JD Ryder,MK Pandey,IK Pathan,0,0,,,,,,,,,
548337,2012,2012-04-24,Subrata Roy Sahara Stadium,1,0.2,Pune Warriors,Delhi Daredevils,JD Ryder,MK Pandey,IK Pathan,0,0,,,,,,bowled,JD Ryder,,
548337,2012,2012-04-24,Subrata Roy Sahara Stadium,1,0.3,Pune Warriors,Delhi Daredevils,SC Ganguly,MK Pandey,IK Pathan,0,0,,,,,,,,,
548337,2012,2012-04-24,Subrata Roy Sahara Stadium,1,0.4,Pune Warriors,Delhi Daredevils,SC Ganguly,MK Pandey,IK Pathan,1,0,,,,,,,,,
548337,2012,2012-04-24,Subrata Roy Sahara Stadium,1,0.5,Pune Warriors,Delhi Daredevils,MK Pandey,SC Ganguly,IK Pathan,0,0,,,,,,,,,
548337,2012,2012-04-24,Subrata Roy Sahara Stadium,1,0.6,Pune Warriors,Delhi Daredevils,MK Pandey,SC Ganguly,IK Pathan,0,0,,,,,,,,,
548337,2012,2012-04-24,Subrata Roy Sahara Stadium,1,1.1,Pune Warriors,Delhi Daredevils,SC Ganguly,MK Pandey,M Morkel,0,0,,,,,,,,,
548337,2012,2012-04-24,Subrata Roy Sahara Stadium,1,1.2,Pune Warriors,Delhi Daredevils,SC Ganguly,MK Pandey,M Morkel,0,0,,,,,,caught,SC Ganguly,,
548337,2012,2012-04-24,Subrata Roy Sahara Stadium,1,1.3,Pune Warriors,Delhi Daredevils,RV Uthappa,MK Pandey,M Morkel,0,0,,,,,,,,,
548337,2012,2012-04-24,Subrata Roy Sahara Stadium,1,1.4,Pune Warriors,Delhi Daredevils,RV Uthappa,MK Pandey,M Morkel,0,0,,,,,,,,,
548337,2012,2012-04-24,Subrata Roy Sahara Stadium,1,1.5,Pune Warriors,Delhi Daredevils,RV Uthappa,MK Pandey,M Morkel,0,0,,,,,,,,,
548337,2012,2012-04-24,Subrata Roy Sahara Stadium,1,1.6,Pune Warriors,Delhi Daredevils,RV Uthappa,MK Pandey,M Morkel,1,0,,,,,,,,,
548337,2012,2012-04-24,Subrata Roy Sahara Stadium,1,2.1,Pune Warriors,Delhi Daredevils,RV Uthappa,MK Pandey,IK Pathan,0,0,,,,,,,,,
548337,2012,2012-04-24,Subrata Roy Sahara Stadium,1,2.2,Pune Warriors,Delhi Daredevils,RV Uthappa,MK Pandey,IK Pathan,0,0,,,,,,,,,
548337,2012,2012-04-24,Subrata Roy Sahara Stadium,1,2.3,Pune Warriors,Delhi Daredevils,RV Uthappa,MK Pandey,IK Pathan,1,0,,,,,,,,,
548337,2012,2012-04-24,Subrata Roy Sahara Stadium,1,2.4,Pune Warriors,Delhi Daredevils,MK Pandey,RV Uthappa,IK Pathan,0,0,,,,,,,,,
548337,2012,2012-04-24,Subrata Roy Sahara Stadium,1,2.5,Pune Warriors,Delhi Daredevils,MK Pandey,RV Uthappa,IK Pathan,4,0,,,,,,,,,
548337,2012,2012-04-24,Subrata Roy Sahara Stadium,1,2.6,Pune Warriors,Delhi Daredevils,MK Pandey,RV Uthappa,IK Pathan,0,0,,,,,,,,,
548337,2012,2012-04-24,Subrata Roy Sahara Stadium,1,3.1,Pune Warriors,Delhi Daredevils,RV Uthappa,MK Pandey,UT Yadav,0,0,,,,,,,,,
548337,2012,2012-04-24,Subrata Roy Sahara Stadium,1,3.2,Pune Warriors,Delhi Daredevils,RV Uthappa,MK Pandey,UT Yadav,1,0,,,,,,,,,
548337,2012,2012-04-24,Subrata Roy Sahara Stadium,1,3.3,Pune Warriors,Delhi Daredevils,MK Pandey,RV Uthappa,UT Yadav,1,0,,,,,,,,,
548337,2012,2012-04-24,Subrata Roy Sahara Stadium,1,3.4,Pune Warriors,Delhi Daredevils,RV Uthappa,MK Pandey,UT Yadav,1,0,,,,,,,,,
548337,2012,2012-04-24,Subrata Roy Sahara Stadium,1,3.5,Pune Warriors,Delhi Daredevils,MK Pandey,RV Uthappa,UT Yadav,4,0,,,,,,,,,
548337,2012,2012-04-24,Subrata Roy Sahara Stadium,1,3.6,Pune Warriors,Delhi Daredevils,MK Pandey,RV Uthappa,UT Yadav,0,0,,,,,,,,,
548337,2012,2012-04-24,Subrata Roy Sahara Stadium,1,4.1,Pune Warriors,Delhi Daredevils,RV Uthappa,MK Pandey,IK Pathan,0,0,,,,,,,,,
548337,2012,2012-04-24,Subrata Roy Sahara Stadium,1,4.2,Pune Warriors,Delhi Daredevils,RV Uthappa,MK Pandey,IK Pathan,0,0,,,,,,,,,
548337,2012,2012-04-24,Subrata Roy Sahara Stadium,1,4.3,Pune Warriors,Delhi Daredevils,RV Uthappa,MK Pandey,IK Pathan,0,0,,,,,,,,,
548337,2012,2012-04-24,Subrata Roy Sahara Stadium,1,4.4,Pune Warriors,Delhi Daredevils,RV Uthappa,MK Pandey,IK Pathan,2,0,,,,,,,,,
548337,2012,2012-04-24,Subrata Roy Sahara Stadium,1,4.5,Pune Warriors,Delhi Daredevils,RV Uthappa,MK Pandey,IK Pathan,1,0,,,,,,,,,
548337,2012,2012-04-24,Subrata Roy Sahara Stadium,1,4.6,Pune Warriors,Delhi Daredevils,MK Pandey,RV Uthappa,IK Pathan,1,0,,,,,,,,,
548337,2012,2012-04-24,Subrata Roy Sahara Stadium,1,5.1,Pune Warriors,Delhi Daredevils,MK Pandey,RV Uthappa,M Morkel,6,0,,,,,,,,,
548337,2012,2012-04-24,Subrata Roy Sahara Stadium,1,5.2,Pune Warriors,Delhi Daredevils,MK Pandey,RV Uthappa,M Morkel,0,0,,,,,,,,,
548337,2012,2012-04-24,Subrata Roy Sahara Stadium,1,5.3,Pune Warriors,Delhi Daredevils,MK Pandey,RV Uthappa,M Morkel,1,0,,,,,,,,,
548337,2012,2012-04-24,Subrata Roy Sahara Stadium,1,5.4,Pune Warriors,Delhi Daredevils,RV Uthappa,MK Pandey,M Morkel,1,0,,,,,,,,,
548337,2012,2012-04-24,Subrata Roy Sahara Stadium,1,5.5,Pune Warriors,Delhi Daredevils,MK Pandey,RV Uthappa,M Morkel,1,0,,,,,,,,,
548337,2012,2012-04-24,Subrata Roy Sahara Stadium,1,5.6,Pune Warriors,Delhi Daredevils,RV Uthappa,MK Pandey,M Morkel,1,0,,,,,,,,,
548337,2012,2012-04-24,Subrata Roy Sahara Stadium,1,6.1,Pune Warriors,Delhi Daredevils,RV Uthappa,MK Pandey,P Negi,0,0,,,,,,,,,
548337,2012,2012-04-24,Subrata Roy Sahara Stadium,1,6.2,Pune Warriors,Delhi Daredevils,RV Uthappa,MK Pandey,P Negi,1,0,,,,,,,,,
548337,2012,2012-04-24,Subrata Roy Sahara Stadium,1,6.3,Pune Warriors,Delhi Daredevils,MK Pandey,RV Uthappa,P Negi,1,0,,,,,,,,,
548337,2012,2012-04-24,Subrata Roy Sahara Stadium,1,6.4,Pune Warriors,Delhi Daredevils,RV Uthappa,MK Pandey,P Negi,4,0,,,,,,,,,
548337,2012,2012-04-24,Subrata Roy Sahara Stadium,1,6.5,Pune Warriors,Delhi Daredevils,RV Uthappa,MK Pandey,P Negi,4,0,,,,,,,,,
548337,2012,2012-04-24,Subrata Roy Sahara Stadium,1,6.6,Pune Warriors,Delhi Daredevils,RV Uthappa,MK Pandey,P Negi,1,0,,,,,,,,,
548337,2012,2012-04-24,Subrata Roy Sahara Stadium,1,7.1,Pune Warriors,Delhi Daredevils,RV Uthappa,MK Pandey,S Nadeem,0,0,,,,,,,,,
548337,2012,2012-04-24,Subrata Roy Sahara Stadium,1,7.2,Pune Warriors,Delhi Daredevils,RV Uthappa,MK Pandey,S Nadeem,1,0,,,,,,,,,
548337,2012,2012-04-24,Subrata Roy Sahara Stadium,1,7.3,Pune Warriors,Delhi Daredevils,MK Pandey,RV Uthappa,S Nadeem,0,0,,,,,,,,,
548337,2012,2012-04-24,Subrata Roy Sahara Stadium,1,7.4,Pune Warriors,Delhi Daredevils,MK Pandey,RV Uthappa,S Nadeem,0,0,,,,,,,,,
548337,2012,2012-04-24,Subrata Roy Sahara Stadium,1,7.5,Pune Warriors,Delhi Daredevils,MK Pandey,RV Uthappa,S Nadeem,1,0,,,,,,,,,
548337,2012,2012-04-24,Subrata Roy Sahara Stadium,1,7.6,Pune Warriors,Delhi Daredevils,RV Uthappa,MK Pandey,S Nadeem,1,0,,,,,,,,,
548337,2012,2012-04-24,Subrata Roy Sahara Stadium,1,8.1,Pune Warriors,Delhi Daredevils,RV Uthappa,MK Pandey,P Negi,1,0,,,,,,,,,
548337,2012,2012-04-24,Subrata Roy Sahara Stadium,1,8.2,Pune Warriors,Delhi Daredevils,MK Pandey,RV Uthappa,P Negi,1,0,,,,,,,,,
548337,2012,2012-04-24,Subrata Roy Sahara Stadium,1,8.3,Pune Warriors,Delhi Daredevils,RV Uthappa,MK Pandey,P Negi,0,0,,,,,,,,,
548337,2012,2012-04-24,Subrata Roy Sahara Stadium,1,8.4,Pune Warriors,Delhi Daredevils,RV Uthappa,MK Pandey,P Negi,1,0,,,,,,,,,
548337,2012,2012-04-24,Subrata Roy Sahara Stadium,1,8.5,Pune Warriors,Delhi Daredevils,MK Pandey,RV Uthappa,P Negi,0,0,,,,,,,,,
548337,2012,2012-04-24,Subrata Roy Sahara Stadium,1,8.6,Pune Warriors,Delhi Daredevils,MK Pandey,RV Uthappa,P Negi,1,0,,,,,,,,,
548337,2012,2012-04-24,Subrata Roy Sahara Stadium,1,9.1,Pune Warriors,Delhi Daredevils,MK Pandey,RV Uthappa,S Nadeem,1,0,,,,,,,,,
548337,2012,2012-04-24,Subrata Roy Sahara Stadium,1,9.2,Pune Warriors,Delhi Daredevils,RV Uthappa,MK Pandey,S Nadeem,1,0,,,,,,,,,
548337,2012,2012-04-24,Subrata Roy Sahara Stadium,1,9.3,Pune Warriors,Delhi Daredevils,MK Pandey,RV Uthappa,S Nadeem,1,0,,,,,,,,,
548337,2012,2012-04-24,Subrata Roy Sahara Stadium,1,9.4,Pune Warriors,Delhi Daredevils,RV Uthappa,MK Pandey,S Nadeem,1,0,,,,,,,,,
548337,2012,2012-04-24,Subrata Roy Sahara Stadium,1,9.5,Pune Warriors,Delhi Daredevils,MK Pandey,RV Uthappa,S Nadeem,0,0,,,,,,,,,
548337,2012,2012-04-24,Subrata Roy Sahara Stadium,1,9.6,Pune Warriors,Delhi Daredevils,MK Pandey,RV Uthappa,S Nadeem,0,0,,,,,,,,,
548337,2012,2012-04-24,Subrata Roy Sahara Stadium,1,10.1,Pune Warriors,Delhi Daredevils,RV Uthappa,MK Pandey,P Negi,0,0,,,,,,,,,
548337,2012,2012-04-24,Subrata Roy Sahara Stadium,1,10.2,Pune Warriors,Delhi Daredevils,RV Uthappa,MK Pandey,P Negi,0,0,,,,,,,,,
548337,2012,2012-04-24,Subrata Roy Sahara Stadium,1,10.3,Pune Warriors,Delhi Daredevils,RV Uthappa,MK Pandey,P Negi,0,0,,,,,,,,,
548337,2012,2012-04-24,Subrata Roy Sahara Stadium,1,10.4,Pune Warriors,Delhi Daredevils,RV Uthappa,MK Pandey,P Negi,1,0,,,,,,,,,
548337,2012,2012-04-24,Subrata Roy Sahara Stadium,1,10.5,Pune Warriors,Delhi Daredevils,MK Pandey,RV Uthappa,P Negi,1,0,,,,,,,,,
548337,2012,2012-04-24,Subrata Roy Sahara Stadium,1,10.6,Pune Warriors,Delhi Daredevils,RV Uthappa,MK Pandey,P Negi,1,0,,,,,,,,,
548337,2012,2012-04-24,Subrata Roy Sahara Stadium,1,11.1,Pune Warriors,Delhi Daredevils,RV Uthappa,MK Pandey,S Nadeem,1,0,,,,,,,,,
548337,2012,2012-04-24,Subrata Roy Sahara Stadium,1,11.2,Pune Warriors,Delhi Daredevils,MK Pandey,RV Uthappa,S Nadeem,0,0,,,,,,,,,
548337,2012,2012-04-24,Subrata Roy Sahara Stadium,1,11.3,Pune Warriors,Delhi Daredevils,MK Pandey,RV Uthappa,S Nadeem,1,0,,,,,,,,,
548337,2012,2012-04-24,Subrata Roy Sahara Stadium,1,11.4,Pune Warriors,Delhi Daredevils,RV Uthappa,MK Pandey,S Nadeem,1,0,,,,,,,,,
548337,2012,2012-04-24,Subrata Roy Sahara Stadium,1,11.5,Pune Warriors,Delhi Daredevils,MK Pandey,RV Uthappa,S Nadeem,4,0,,,,,,,,,
548337,2012,2012-04-24,Subrata Roy Sahara Stadium,1,11.6,Pune Warriors,Delhi Daredevils,MK Pandey,RV Uthappa,S Nadeem,1,0,,,,,,,,,
548337,2012,2012-04-24,Subrata Roy Sahara Stadium,1,12.1,Pune Warriors,Delhi Daredevils,MK Pandey,RV Uthappa,UT Yadav,4,0,,,,,,,,,
548337,2012,2012-04-24,Subrata Roy Sahara Stadium,1,12.2,Pune Warriors,Delhi Daredevils,MK Pandey,RV Uthappa,UT Yadav,1,0,,,,,,,,,
548337,2012,2012-04-24,Subrata Roy Sahara Stadium,1,12.3,Pune Warriors,Delhi Daredevils,RV Uthappa,MK Pandey,UT Yadav,1,0,,,,,,,,,
548337,2012,2012-04-24,Subrata Roy Sahara Stadium,1,12.4,Pune Warriors,Delhi Daredevils,MK Pandey,RV Uthappa,UT Yadav,6,0,,,,,,,,,
548337,2012,2012-04-24,Subrata Roy Sahara Stadium,1,12.5,Pune Warriors,Delhi Daredevils,MK Pandey,RV Uthappa,UT Yadav,0,0,,,,,,,,,
548337,2012,2012-04-24,Subrata Roy Sahara Stadium,1,12.6,Pune Warriors,Delhi Daredevils,MK Pandey,RV Uthappa,UT Yadav,1,0,,,,,,,,,
548337,2012,2012-04-24,Subrata Roy Sahara Stadium,1,13.1,Pune Warriors,Delhi Daredevils,MK Pandey,RV Uthappa,S Nadeem,1,0,,,,,,,,,
548337,2012,2012-04-24,Subrata Roy Sahara Stadium,1,13.2,Pune Warriors,Delhi Daredevils,RV Uthappa,MK Pandey,S Nadeem,0,0,,,,,,,,,
548337,2012,2012-04-24,Subrata Roy Sahara Stadium,1,13.3,Pune Warriors,Delhi Daredevils,RV Uthappa,MK Pandey,S Nadeem,1,0,,,,,,,,,
548337,2012,2012-04-24,Subrata Roy Sahara Stadium,1,13.4,Pune Warriors,Delhi Daredevils,MK Pandey,RV Uthappa,S Nadeem,0,0,,,,,,,,,
548337,2012,2012-04-24,Subrata Roy Sahara Stadium,1,13.5,Pune Warriors,Delhi Daredevils,MK Pandey,RV Uthappa,S Nadeem,1,0,,,,,,,,,
548337,2012,2012-04-24,Subrata Roy Sahara Stadium,1,13.6,Pune Warriors,Delhi Daredevils,RV Uthappa,MK Pandey,S Nadeem,4,0,,,,,,,,,
548337,2012,2012-04-24,Subrata Roy Sahara Stadium,1,14.1,Pune Warriors,Delhi Daredevils,MK Pandey,RV Uthappa,IK Pathan,2,0,,,,,,,,,
548337,2012,2012-04-24,Subrata Roy Sahara Stadium,1,14.2,Pune Warriors,Delhi Daredevils,MK Pandey,RV Uthappa,IK Pathan,1,0,,,,,,,,,
548337,2012,2012-04-24,Subrata Roy Sahara Stadium,1,14.3,Pune Warriors,Delhi Daredevils,RV Uthappa,MK Pandey,IK Pathan,2,0,,,,,,,,,
548337,2012,2012-04-24,Subrata Roy Sahara Stadium,1,14.4,Pune Warriors,Delhi Daredevils,RV Uthappa,MK Pandey,IK Pathan,0,1,,,,1,,,,,
548337,2012,2012-04-24,Subrata Roy Sahara Stadium,1,14.5,Pune Warriors,Delhi Daredevils,MK Pandey,RV Uthappa,IK Pathan,2,0,,,,,,,,,
548337,2012,2012-04-24,Subrata Roy Sahara Stadium,1,14.6,Pune Warriors,Delhi Daredevils,MK Pandey,RV Uthappa,IK Pathan,6,0,,,,,,,,,
548337,2012,2012-04-24,Subrata Roy Sahara Stadium,1,15.1,Pune Warriors,Delhi Daredevils,RV Uthappa,MK Pandey,P Negi,0,0,,,,,,,,,
548337,2012,2012-04-24,Subrata Roy Sahara Stadium,1,15.2,Pune Warriors,Delhi Daredevils,RV Uthappa,MK Pandey,P Negi,0,0,,,,,,,,,
548337,2012,2012-04-24,Subrata Roy Sahara Stadium,1,15.3,Pune Warriors,Delhi Daredevils,RV Uthappa,MK Pandey,P Negi,1,0,,,,,,,,,
548337,2012,2012-04-24,Subrata Roy Sahara Stadium,1,15.4,Pune Warriors,Delhi Daredevils,MK Pandey,RV Uthappa,P Negi,1,0,,,,,,,,,
548337,2012,2012-04-24,Subrata Roy Sahara Stadium,1,15.5,Pune Warriors,Delhi Daredevils,RV Uthappa,MK Pandey,P Negi,1,0,,,,,,,,,
548337,2012,2012-04-24,Subrata Roy Sahara Stadium,1,15.6,Pune Warriors,Delhi Daredevils,MK Pandey,RV Uthappa,P Negi,1,0,,,,,,,,,
548337,2012,2012-04-24,Subrata Roy Sahara Stadium,1,16.1,Pune Warriors,Delhi Daredevils,MK Pandey,RV Uthappa,UT Yadav,1,0,,,,,,,,,
548337,2012,2012-04-24,Subrata Roy Sahara Stadium,1,16.2,Pune Warriors,Delhi Daredevils,RV Uthappa,MK Pandey,UT Yadav,1,0,,,,,,,,,
548337,2012,2012-04-24,Subrata Roy Sahara Stadium,1,16.3,Pune Warriors,Delhi Daredevils,MK Pandey,RV Uthappa,UT Yadav,4,0,,,,,,,,,
548337,2012,2012-04-24,Subrata Roy Sahara Stadium,1,16.4,Pune Warriors,Delhi Daredevils,MK Pandey,RV Uthappa,UT Yadav,4,0,,,,,,,,,
548337,2012,2012-04-24,Subrata Roy Sahara Stadium,1,16.5,Pune Warriors,Delhi Daredevils,MK Pandey,RV Uthappa,UT Yadav,1,0,,,,,,,,,
548337,2012,2012-04-24,Subrata Roy Sahara Stadium,1,16.6,Pune Warriors,Delhi Daredevils,RV Uthappa,MK Pandey,UT Yadav,0,0,,,,,,,,,
548337,2012,2012-04-24,Subrata Roy Sahara Stadium,1,17.1,Pune Warriors,Delhi Daredevils,MK Pandey,RV Uthappa,M Morkel,1,0,,,,,,,,,
548337,2012,2012-04-24,Subrata Roy Sahara Stadium,1,17.2,Pune Warriors,Delhi Daredevils,RV Uthappa,MK Pandey,M Morkel,4,0,,,,,,,,,
548337,2012,2012-04-24,Subrata Roy Sahara Stadium,1,17.3,Pune Warriors,Delhi Daredevils,RV Uthappa,MK Pandey,M Morkel,4,0,,,,,,,,,
548337,2012,2012-04-24,Subrata Roy Sahara Stadium,1,17.4,Pune Warriors,Delhi Daredevils,RV Uthappa,MK Pandey,M Morkel,2,0,,,,,,,,,
548337,2012,2012-04-24,Subrata Roy Sahara Stadium,1,17.5,Pune Warriors,Delhi Daredevils,RV Uthappa,MK Pandey,M Morkel,1,0,,,,,,,,,
548337,2012,2012-04-24,Subrata Roy Sahara Stadium,1,17.6,Pune Warriors,Delhi Daredevils,MK Pandey,RV Uthappa,M Morkel,1,0,,,,,,,,,
548337,2012,2012-04-24,Subrata Roy Sahara Stadium,1,18.1,Pune Warriors,Delhi Daredevils,MK Pandey,RV Uthappa,UT Yadav,2,0,,,,,,,,,
548337,2012,2012-04-24,Subrata Roy Sahara Stadium,1,18.2,Pune Warriors,Delhi Daredevils,MK Pandey,RV Uthappa,UT Yadav,0,0,,,,,,,,,
548337,2012,2012-04-24,Subrata Roy Sahara Stadium,1,18.3,Pune Warriors,Delhi Daredevils,MK Pandey,RV Uthappa,UT Yadav,1,0,,,,,,,,,
548337,2012,2012-04-24,Subrata Roy Sahara Stadium,1,18.4,Pune Warriors,Delhi Daredevils,RV Uthappa,MK Pandey,UT Yadav,0,0,,,,,,,,,
548337,2012,2012-04-24,Subrata Roy Sahara Stadium,1,18.5,Pune Warriors,Delhi Daredevils,RV Uthappa,MK Pandey,UT Yadav,4,0,,,,,,,,,
548337,2012,2012-04-24,Subrata Roy Sahara Stadium,1,18.6,Pune Warriors,Delhi Daredevils,RV Uthappa,MK Pandey,UT Yadav,2,0,,,,,,,,,
548337,2012,2012-04-24,Subrata Roy Sahara Stadium,1,19.1,Pune Warriors,Delhi Daredevils,MK Pandey,RV Uthappa,M Morkel,0,4,,,4,,,,,,
548337,2012,2012-04-24,Subrata Roy Sahara Stadium,1,19.2,Pune Warriors,Delhi Daredevils,MK Pandey,RV Uthappa,M Morkel,1,0,,,,,,,,,
548337,2012,2012-04-24,Subrata Roy Sahara Stadium,1,19.3,Pune Warriors,Delhi Daredevils,RV Uthappa,MK Pandey,M Morkel,2,0,,,,,,,,,
548337,2012,2012-04-24,Subrata Roy Sahara Stadium,1,19.4,Pune Warriors,Delhi Daredevils,RV Uthappa,MK Pandey,M Morkel,1,0,,,,,,,,,
548337,2012,2012-04-24,Subrata Roy Sahara Stadium,1,19.5,Pune Warriors,Delhi Daredevils,MK Pandey,RV Uthappa,M Morkel,4,0,,,,,,,,,
548337,2012,2012-04-24,Subrata Roy Sahara Stadium,1,19.6,Pune Warriors,Delhi Daredevils,MK Pandey,RV Uthappa,M Morkel,2,0,,,,,,,,,
548337,2012,2012-04-24,Subrata Roy Sahara Stadium,2,0.1,Delhi Daredevils,Pune Warriors,DPMD Jayawardene,V Sehwag,AC Thomas,0,0,,,,,,,,,
548337,2012,2012-04-24,Subrata Roy Sahara Stadium,2,0.2,Delhi Daredevils,Pune Warriors,DPMD Jayawardene,V Sehwag,AC Thomas,0,1,1,,,,,,,,
548337,2012,2012-04-24,Subrata Roy Sahara Stadium,2,0.3,Delhi Daredevils,Pune Warriors,DPMD Jayawardene,V Sehwag,AC Thomas,1,0,,,,,,,,,
548337,2012,2012-04-24,Subrata Roy Sahara Stadium,2,0.4,Delhi Daredevils,Pune Warriors,V Sehwag,DPMD Jayawardene,AC Thomas,1,0,,,,,,,,,
548337,2012,2012-04-24,Subrata Roy Sahara Stadium,2,0.5,Delhi Daredevils,Pune Warriors,DPMD Jayawardene,V Sehwag,AC Thomas,4,0,,,,,,,,,
548337,2012,2012-04-24,Subrata Roy Sahara Stadium,2,0.6,Delhi Daredevils,Pune Warriors,DPMD Jayawardene,V Sehwag,AC Thomas,0,0,,,,,,,,,
548337,2012,2012-04-24,Subrata Roy Sahara Stadium,2,0.7,Delhi Daredevils,Pune Warriors,DPMD Jayawardene,V Sehwag,AC Thomas,0,1,,,,1,,,,,
548337,2012,2012-04-24,Subrata Roy Sahara Stadium,2,1.1,Delhi Daredevils,Pune Warriors,DPMD Jayawardene,V Sehwag,A Nehra,1,0,,,,,,,,,
548337,2012,2012-04-24,Subrata Roy Sahara Stadium,2,1.2,Delhi Daredevils,Pune Warriors,V Sehwag,DPMD Jayawardene,A Nehra,1,0,,,,,,,,,
548337,2012,2012-04-24,Subrata Roy Sahara Stadium,2,1.3,Delhi Daredevils,Pune Warriors,DPMD Jayawardene,V Sehwag,A Nehra,0,0,,,,,,,,,
548337,2012,2012-04-24,Subrata Roy Sahara Stadium,2,1.4,Delhi Daredevils,Pune Warriors,DPMD Jayawardene,V Sehwag,A Nehra,0,0,,,,,,,,,
548337,2012,2012-04-24,Subrata Roy Sahara Stadium,2,1.5,Delhi Daredevils,Pune Warriors,DPMD Jayawardene,V Sehwag,A Nehra,4,0,,,,,,,,,
548337,2012,2012-04-24,Subrata Roy Sahara Stadium,2,1.6,Delhi Daredevils,Pune Warriors,DPMD Jayawardene,V Sehwag,A Nehra,1,0,,,,,,,,,
548337,2012,2012-04-24,Subrata Roy Sahara Stadium,2,2.1,Delhi Daredevils,Pune Warriors,DPMD Jayawardene,V Sehwag,AC Thomas,0,0,,,,,,,,,
548337,2012,2012-04-24,Subrata Roy Sahara Stadium,2,2.2,Delhi Daredevils,Pune Warriors,DPMD Jayawardene,V Sehwag,AC Thomas,4,0,,,,,,,,,
548337,2012,2012-04-24,Subrata Roy Sahara Stadium,2,2.3,Delhi Daredevils,Pune Warriors,DPMD Jayawardene,V Sehwag,AC Thomas,2,0,,,,,,,,,
548337,2012,2012-04-24,Subrata Roy Sahara Stadium,2,2.4,Delhi Daredevils,Pune Warriors,DPMD Jayawardene,V Sehwag,AC Thomas,1,0,,,,,,,,,
548337,2012,2012-04-24,Subrata Roy Sahara Stadium,2,2.5,Delhi Daredevils,Pune Warriors,V Sehwag,DPMD Jayawardene,AC Thomas,0,0,,,,,,run out,DPMD Jayawardene,,
548337,2012,2012-04-24,Subrata Roy Sahara Stadium,2,2.6,Delhi Daredevils,Pune Warriors,KP Pietersen,V Sehwag,AC Thomas,0,0,,,,,,,,,
548337,2012,2012-04-24,Subrata Roy Sahara Stadium,2,3.1,Delhi Daredevils,Pune Warriors,V Sehwag,KP Pietersen,A Nehra,4,0,,,,,,,,,
548337,2012,2012-04-24,Subrata Roy Sahara Stadium,2,3.2,Delhi Daredevils,Pune Warriors,V Sehwag,KP Pietersen,A Nehra,2,0,,,,,,,,,
548337,2012,2012-04-24,Subrata Roy Sahara Stadium,2,3.3,Delhi Daredevils,Pune Warriors,V Sehwag,KP Pietersen,A Nehra,1,0,,,,,,,,,
548337,2012,2012-04-24,Subrata Roy Sahara Stadium,2,3.4,Delhi Daredevils,Pune Warriors,KP Pietersen,V Sehwag,A Nehra,0,0,,,,,,,,,
548337,2012,2012-04-24,Subrata Roy Sahara Stadium,2,3.5,Delhi Daredevils,Pune Warriors,KP Pietersen,V Sehwag,A Nehra,1,0,,,,,,,,,
548337,2012,2012-04-24,Subrata Roy Sahara Stadium,2,3.6,Delhi Daredevils,Pune Warriors,V Sehwag,KP Pietersen,A Nehra,4,0,,,,,,,,,
548337,2012,2012-04-24,Subrata Roy Sahara Stadium,2,4.1,Delhi Daredevils,Pune Warriors,KP Pietersen,V Sehwag,LJ Wright,1,0,,,,,,,,,
548337,2012,2012-04-24,Subrata Roy Sahara Stadium,2,4.2,Delhi Daredevils,Pune Warriors,V Sehwag,KP Pietersen,LJ Wright,4,0,,,,,,,,,
548337,2012,2012-04-24,Subrata Roy Sahara Stadium,2,4.3,Delhi Daredevils,Pune Warriors,V Sehwag,KP Pietersen,LJ Wright,6,0,,,,,,,,,
548337,2012,2012-04-24,Subrata Roy Sahara Stadium,2,4.4,Delhi Daredevils,Pune Warriors,V Sehwag,KP Pietersen,LJ Wright,1,0,,,,,,,,,
548337,2012,2012-04-24,Subrata Roy Sahara Stadium,2,4.5,Delhi Daredevils,Pune Warriors,KP Pietersen,V Sehwag,LJ Wright,0,0,,,,,,,,,
548337,2012,2012-04-24,Subrata Roy Sahara Stadium,2,4.6,Delhi Daredevils,Pune Warriors,KP Pietersen,V Sehwag,LJ Wright,0,0,,,,,,,,,
548337,2012,2012-04-24,Subrata Roy Sahara Stadium,2,5.1,Delhi Daredevils,Pune Warriors,V Sehwag,KP Pietersen,A Nehra,4,0,,,,,,,,,
548337,2012,2012-04-24,Subrata Roy Sahara Stadium,2,5.2,Delhi Daredevils,Pune Warriors,V Sehwag,KP Pietersen,A Nehra,0,0,,,,,,,,,
548337,2012,2012-04-24,Subrata Roy Sahara Stadium,2,5.3,Delhi Daredevils,Pune Warriors,V Sehwag,KP Pietersen,A Nehra,0,0,,,,,,,,,
548337,2012,2012-04-24,Subrata Roy Sahara Stadium,2,5.4,Delhi Daredevils,Pune Warriors,V Sehwag,KP Pietersen,A Nehra,1,0,,,,,,,,,
548337,2012,2012-04-24,Subrata Roy Sahara Stadium,2,5.5,Delhi Daredevils,Pune Warriors,KP Pietersen,V Sehwag,A Nehra,4,0,,,,,,,,,
548337,2012,2012-04-24,Subrata Roy Sahara Stadium,2,5.6,Delhi Daredevils,Pune Warriors,KP Pietersen,V Sehwag,A Nehra,6,0,,,,,,,,,
548337,2012,2012-04-24,Subrata Roy Sahara Stadium,2,6.1,Delhi Daredevils,Pune Warriors,V Sehwag,KP Pietersen,SC Ganguly,4,0,,,,,,,,,
548337,2012,2012-04-24,Subrata Roy Sahara Stadium,2,6.2,Delhi Daredevils,Pune Warriors,V Sehwag,KP Pietersen,SC Ganguly,2,0,,,,,,,,,
548337,2012,2012-04-24,Subrata Roy Sahara Stadium,2,6.3,Delhi Daredevils,Pune Warriors,V Sehwag,KP Pietersen,SC Ganguly,1,0,,,,,,,,,
548337,2012,2012-04-24,Subrata Roy Sahara Stadium,2,6.4,Delhi Daredevils,Pune Warriors,KP Pietersen,V Sehwag,SC Ganguly,0,0,,,,,,,,,
548337,2012,2012-04-24,Subrata Roy Sahara Stadium,2,6.5,Delhi Daredevils,Pune Warriors,KP Pietersen,V Sehwag,SC Ganguly,1,0,,,,,,,,,
548337,2012,2012-04-24,Subrata Roy Sahara Stadium,2,6.6,Delhi Daredevils,Pune Warriors,V Sehwag,KP Pietersen,SC Ganguly,4,0,,,,,,,,,
548337,2012,2012-04-24,Subrata Roy Sahara Stadium,2,7.1,Delhi Daredevils,Pune Warriors,KP Pietersen,V Sehwag,M Kartik,1,0,,,,,,,,,
548337,2012,2012-04-24,Subrata Roy Sahara Stadium,2,7.2,Delhi Daredevils,Pune Warriors,V Sehwag,KP Pietersen,M Kartik,0,0,,,,,,,,,
548337,2012,2012-04-24,Subrata Roy Sahara Stadium,2,7.3,Delhi Daredevils,Pune Warriors,V Sehwag,KP Pietersen,M Kartik,1,0,,,,,,,,,
548337,2012,2012-04-24,Subrata Roy Sahara Stadium,2,7.4,Delhi Daredevils,Pune Warriors,KP Pietersen,V Sehwag,M Kartik,0,0,,,,,,,,,
548337,2012,2012-04-24,Subrata Roy Sahara Stadium,2,7.5,Delhi Daredevils,Pune Warriors,KP Pietersen,V Sehwag,M Kartik,1,0,,,,,,,,,
548337,2012,2012-04-24,Subrata Roy Sahara Stadium,2,7.6,Delhi Daredevils,Pune Warriors,V Sehwag,KP Pietersen,M Kartik,1,0,,,,,,,,,
548337,2012,2012-04-24,Subrata Roy Sahara Stadium,2,8.1,Delhi Daredevils,Pune Warriors,V Sehwag,KP Pietersen,R Sharma,1,0,,,,,,,,,
548337,2012,2012-04-24,Subrata Roy Sahara Stadium,2,8.2,Delhi Daredevils,Pune Warriors,KP Pietersen,V Sehwag,R Sharma,1,0,,,,,,,,,
548337,2012,2012-04-24,Subrata Roy Sahara Stadium,2,8.3,Delhi Daredevils,Pune Warriors,V Sehwag,KP Pietersen,R Sharma,0,4,,,,4,,,,,
548337,2012,2012-04-24,Subrata Roy Sahara Stadium,2,8.4,Delhi Daredevils,Pune Warriors,V Sehwag,KP Pietersen,R Sharma,1,0,,,,,,,,,
548337,2012,2012-04-24,Subrata Roy Sahara Stadium,2,8.5,Delhi Daredevils,Pune Warriors,KP Pietersen,V Sehwag,R Sharma,6,0,,,,,,,,,
548337,2012,2012-04-24,Subrata Roy Sahara Stadium,2,8.6,Delhi Daredevils,Pune Warriors,KP Pietersen,V Sehwag,R Sharma,0,0,,,,,,,,,
548337,2012,2012-04-24,Subrata Roy Sahara Stadium,2,9.1,Delhi Daredevils,Pune Warriors,V Sehwag,KP Pietersen,M Kartik,1,0,,,,,,,,,
548337,2012,2012-04-24,Subrata Roy Sahara Stadium,2,9.2,Delhi Daredevils,Pune Warriors,KP Pietersen,V Sehwag,M Kartik,2,0,,,,,,,,,
548337,2012,2012-04-24,Subrata Roy Sahara Stadium,2,9.3,Delhi Daredevils,Pune Warriors,KP Pietersen,V Sehwag,M Kartik,1,0,,,,,,,,,
548337,2012,2012-04-24,Subrata Roy Sahara Stadium,2,9.4,Delhi Daredevils,Pune Warriors,V Sehwag,KP Pietersen,M Kartik,0,0,,,,,,,,,
548337,2012,2012-04-24,Subrata Roy Sahara Stadium,2,9.5,Delhi Daredevils,Pune Warriors,V Sehwag,KP Pietersen,M Kartik,4,0,,,,,,,,,
548337,2012,2012-04-24,Subrata Roy Sahara Stadium,2,9.6,Delhi Daredevils,Pune Warriors,V Sehwag,KP Pietersen,M Kartik,1,0,,,,,,,,,
548337,2012,2012-04-24,Subrata Roy Sahara Stadium,2,10.1,Delhi Daredevils,Pune Warriors,V Sehwag,KP Pietersen,LJ Wright,1,0,,,,,,,,,
548337,2012,2012-04-24,Subrata Roy Sahara Stadium,2,10.2,Delhi Daredevils,Pune Warriors,KP Pietersen,V Sehwag,LJ Wright,1,0,,,,,,,,,
548337,2012,2012-04-24,Subrata Roy Sahara Stadium,2,10.3,Delhi Daredevils,Pune Warriors,V Sehwag,KP Pietersen,LJ Wright,2,0,,,,,,,,,
548337,2012,2012-04-24,Subrata Roy Sahara Stadium,2,10.4,Delhi Daredevils,Pune Warriors,V Sehwag,KP Pietersen,LJ Wright,1,0,,,,,,,,,
548337,2012,2012-04-24,Subrata Roy Sahara Stadium,2,10.5,Delhi Daredevils,Pune Warriors,KP Pietersen,V Sehwag,LJ Wright,1,0,,,,,,,,,
548337,2012,2012-04-24,Subrata Roy Sahara Stadium,2,10.6,Delhi Daredevils,Pune Warriors,V Sehwag,KP Pietersen,LJ Wright,6,0,,,,,,,,,
548337,2012,2012-04-24,Subrata Roy Sahara Stadium,2,11.1,Delhi Daredevils,Pune Warriors,KP Pietersen,V Sehwag,R Sharma,0,0,,,,,,caught,KP Pietersen,,
548337,2012,2012-04-24,Subrata Roy Sahara Stadium,2,11.2,Delhi Daredevils,Pune Warriors,V Sehwag,LRPL Taylor,R Sharma,1,0,,,,,,,,,
548337,2012,2012-04-24,Subrata Roy Sahara Stadium,2,11.3,Delhi Daredevils,Pune Warriors,LRPL Taylor,V Sehwag,R Sharma,0,0,,,,,,,,,
548337,2012,2012-04-24,Subrata Roy Sahara Stadium,2,11.4,Delhi Daredevils,Pune Warriors,LRPL Taylor,V Sehwag,R Sharma,1,0,,,,,,,,,
548337,2012,2012-04-24,Subrata Roy Sahara Stadium,2,11.5,Delhi Daredevils,Pune Warriors,V Sehwag,LRPL Taylor,R Sharma,1,0,,,,,,,,,
548337,2012,2012-04-24,Subrata Roy Sahara Stadium,2,11.6,Delhi Daredevils,Pune Warriors,LRPL Taylor,V Sehwag,R Sharma,1,0,,,,,,,,,
548337,2012,2012-04-24,Subrata Roy Sahara Stadium,2,12.1,Delhi Daredevils,Pune Warriors,LRPL Taylor,V Sehwag,M Kartik,1,0,,,,,,,,,
548337,2012,2012-04-24,Subrata Roy Sahara Stadium,2,12.2,Delhi Daredevils,Pune Warriors,V Sehwag,LRPL Taylor,M Kartik,4,0,,,,,,,,,
548337,2012,2012-04-24,Subrata Roy Sahara Stadium,2,12.3,Delhi Daredevils,Pune Warriors,V Sehwag,LRPL Taylor,M Kartik,1,0,,,,,,,,,
548337,2012,2012-04-24,Subrata Roy Sahara Stadium,2,12.4,Delhi Daredevils,Pune Warriors,LRPL Taylor,V Sehwag,M Kartik,0,0,,,,,,,,,
548337,2012,2012-04-24,Subrata Roy Sahara Stadium,2,12.5,Delhi Daredevils,Pune Warriors,LRPL Taylor,V Sehwag,M Kartik,0,1,1,,,,,,,,
548337,2012,2012-04-24,Subrata Roy Sahara Stadium,2,12.6,Delhi Daredevils,Pune Warriors,LRPL Taylor,V Sehwag,M Kartik,1,0,,,,,,,,,
548337,2012,2012-04-24,Subrata Roy Sahara Stadium,2,12.7,Delhi Daredevils,Pune Warriors,V Sehwag,LRPL Taylor,M Kartik,1,0,,,,,,,,,
548337,2012,2012-04-24,Subrata Roy Sahara Stadium,2,13.1,Delhi Daredevils,Pune Warriors,V Sehwag,LRPL Taylor,R Sharma,0,0,,,,,,,,,
548337,2012,2012-04-24,Subrata Roy Sahara Stadium,2,13.2,Delhi Daredevils,Pune Warriors,V Sehwag,LRPL Taylor,R Sharma,0,0,,,,,,,,,
548337,2012,2012-04-24,Subrata Roy Sahara Stadium,2,13.3,Delhi Daredevils,Pune Warriors,V Sehwag,LRPL Taylor,R Sharma,4,0,,,,,,,,,
548337,2012,2012-04-24,Subrata Roy Sahara Stadium,2,13.4,Delhi Daredevils,Pune Warriors,V Sehwag,LRPL Taylor,R Sharma,1,0,,,,,,,,,
548337,2012,2012-04-24,Subrata Roy Sahara Stadium,2,13.5,Delhi Daredevils,Pune Warriors,LRPL Taylor,V Sehwag,R Sharma,1,0,,,,,,,,,
548337,2012,2012-04-24,Subrata Roy Sahara Stadium,2,13.6,Delhi Daredevils,Pune Warriors,V Sehwag,LRPL Taylor,R Sharma,0,0,,,,,,,,,
548337,2012,2012-04-24,Subrata Roy Sahara Stadium,2,14.1,Delhi Daredevils,Pune Warriors,LRPL Taylor,V Sehwag,M Kartik,0,0,,,,,,,,,
548337,2012,2012-04-24,Subrata Roy Sahara Stadium,2,14.2,Delhi Daredevils,Pune Warriors,LRPL Taylor,V Sehwag,M Kartik,1,0,,,,,,,,,
548337,2012,2012-04-24,Subrata Roy Sahara Stadium,2,14.3,Delhi Daredevils,Pune Warriors,V Sehwag,LRPL Taylor,M Kartik,1,0,,,,,,,,,
548337,2012,2012-04-24,Subrata Roy Sahara Stadium,2,14.4,Delhi Daredevils,Pune Warriors,LRPL Taylor,V Sehwag,M Kartik,1,0,,,,,,,,,
548337,2012,2012-04-24,Subrata Roy Sahara Stadium,2,14.5,Delhi Daredevils,Pune Warriors,V Sehwag,LRPL Taylor,M Kartik,1,0,,,,,,,,,
548337,2012,2012-04-24,Subrata Roy Sahara Stadium,2,14.6,Delhi Daredevils,Pune Warriors,LRPL Taylor,V Sehwag,M Kartik,0,0,,,,,,,,,
548337,2012,2012-04-24,Subrata Roy Sahara Stadium,2,15.1,Delhi Daredevils,Pune Warriors,V Sehwag,LRPL Taylor,R Sharma,1,0,,,,,,,,,
548337,2012,2012-04-24,Subrata Roy Sahara Stadium,2,15.2,Delhi Daredevils,Pune Warriors,LRPL Taylor,V Sehwag,R Sharma,1,0,,,,,,,,,
548337,2012,2012-04-24,Subrata Roy Sahara Stadium,2,15.3,Delhi Daredevils,Pune Warriors,V Sehwag,LRPL Taylor,R Sharma,1,0,,,,,,,,,
548337,2012,2012-04-24,Subrata Roy Sahara Stadium,2,15.4,Delhi Daredevils,Pune Warriors,LRPL Taylor,V Sehwag,R Sharma,1,0,,,,,,,,,
548337,2012,2012-04-24,Subrata Roy Sahara Stadium,2,15.5,Delhi Daredevils,Pune Warriors,V Sehwag,LRPL Taylor,R Sharma,4,0,,,,,,,,,
548337,2012,2012-04-24,Subrata Roy Sahara Stadium,2,15.6,Delhi Daredevils,Pune Warriors,V Sehwag,LRPL Taylor,R Sharma,6,0,,,,,,,,,
