match_id,season,start_date,venue,innings,ball,batting_team,bowling_team,striker,non_striker,bowler,runs_off_bat,extras,wides,noballs,byes,legbyes,penalty,wicket_type,player_dismissed,other_wicket_type,other_player_dismissed
598066,2013,2013-05-18,Himachal Pradesh Cricket Association Stadium,1,0.1,Kings XI Punjab,Mumbai Indians,AC Gilchrist,Mandeep Singh,NM Coulter-Nile,0,0,,,,,,,,,
598066,2013,2013-05-18,Himachal Pradesh Cricket Association Stadium,1,0.2,Kings XI Punjab,Mumbai Indians,AC Gilchrist,Mandeep Singh,NM Coulter-Nile,0,0,,,,,,,,,
598066,2013,2013-05-18,Himachal Pradesh Cricket Association Stadium,1,0.3,Kings XI Punjab,Mumbai Indians,AC Gilchrist,Mandeep Singh,NM Coulter-Nile,1,0,,,,,,,,,
598066,2013,2013-05-18,Himachal Pradesh Cricket Association Stadium,1,0.4,Kings XI Punjab,Mumbai Indians,Mandeep Singh,AC Gilchrist,NM Coulter-Nile,1,0,,,,,,,,,
598066,2013,2013-05-18,Himachal Pradesh Cricket Association Stadium,1,0.5,Kings XI Punjab,Mumbai Indians,AC Gilchrist,Mandeep Singh,NM Coulter-Nile,0,0,,,,,,,,,
598066,2013,2013-05-18,Himachal Pradesh Cricket Association Stadium,1,0.6,Kings XI Punjab,Mumbai Indians,AC Gilchrist,Mandeep Singh,NM Coulter-Nile,0,0,,,,,,,,,
598066,2013,2013-05-18,Himachal Pradesh Cricket Association Stadium,1,1.1,Kings XI Punjab,Mumbai Indians,Mandeep Singh,AC Gilchrist,R Dhawan,0,0,,,,,,,,,
598066,2013,2013-05-18,Himachal Pradesh Cricket Association Stadium,1,1.2,Kings XI Punjab,Mumbai Indians,Mandeep Singh,AC Gilchrist,R Dhawan,0,0,,,,,,,,,
598066,2013,2013-05-18,Himachal Pradesh Cricket Association Stadium,1,1.3,Kings XI Punjab,Mumbai Indians,Mandeep Singh,AC Gilchrist,R Dhawan,0,0,,,,,,,,,
598066,2013,2013-05-18,Himachal Pradesh Cricket Association Stadium,1,1.4,Kings XI Punjab,Mumbai Indians,Mandeep Singh,AC Gilchrist,R Dhawan,0,0,,,,,,caught,Mandeep Singh,,
598066,2013,2013-05-18,Himachal Pradesh Cricket Association Stadium,1,1.5,Kings XI Punjab,Mumbai Indians,Azhar Mahmood,AC Gilchrist,R Dhawan,0,0,,,,,,,,,
598066,2013,2013-05-18,Himachal Pradesh Cricket Association Stadium,1,1.6,Kings XI Punjab,Mumbai Indians,Azhar Mahmood,AC Gilchrist,R Dhawan,0,0,,,,,,,,,
598066,2013,2013-05-18,Himachal Pradesh Cricket Association Stadium,1,2.1,Kings XI Punjab,Mumbai Indians,AC Gilchrist,Azhar Mahmood,NM Coulter-Nile,4,0,,,,,,,,,
598066,2013,2013-05-18,Himachal Pradesh Cricket Association Stadium,1,2.2,Kings XI Punjab,Mumbai Indians,AC Gilchrist,Azhar Mahmood,NM Coulter-Nile,0,0,,,,,,bowled,AC Gilchrist,,
598066,2013,2013-05-18,Himachal Pradesh Cricket Association Stadium,1,2.3,Kings XI Punjab,Mumbai Indians,SE Marsh,Azhar Mahmood,NM Coulter-Nile,4,0,,,,,,,,,
598066,2013,2013-05-18,Himachal Pradesh Cricket Association Stadium,1,2.4,Kings XI Punjab,Mumbai Indians,SE Marsh,Azhar Mahmood,NM Coulter-Nile,0,0,,,,,,,,,
598066,2013,2013-05-18,Himachal Pradesh Cricket Association Stadium,1,2.5,Kings XI Punjab,Mumbai Indians,SE Marsh,Azhar Mahmood,NM Coulter-Nile,0,0,,,,,,,,,
598066,2013,2013-05-18,Himachal Pradesh Cricket Association Stadium,1,2.6,Kings XI Punjab,Mumbai Indians,SE Marsh,Azhar Mahmood,NM Coulter-Nile,1,0,,,,,,,,,
598066,2013,2013-05-18,Himachal Pradesh Cricket Association Stadium,1,3.1,Kings XI Punjab,Mumbai Indians,SE Marsh,Azhar Mahmood,R Dhawan,4,0,,,,,,,,,
598066,2013,2013-05-18,Himachal Pradesh Cricket Association Stadium,1,3.2,Kings XI Punjab,Mumbai Indians,SE Marsh,Azhar Mahmood,R Dhawan,0,0,,,,,,,,,
598066,2013,2013-05-18,Himachal Pradesh Cricket Association Stadium,1,3.3,Kings XI Punjab,Mumbai Indians,SE Marsh,Azhar Mahmood,R Dhawan,0,0,,,,,,,,,
598066,2013,2013-05-18,Himachal Pradesh Cricket Association Stadium,1,3.4,Kings XI Punjab,Mumbai Indians,SE Marsh,Azhar Mahmood,R Dhawan,0,0,,,,,,,,,
598066,2013,2013-05-18,Himachal Pradesh Cricket Association Stadium,1,3.5,Kings XI Punjab,Mumbai Indians,SE Marsh,Azhar Mahmood,R Dhawan,1,0,,,,,,,,,
598066,2013,2013-05-18,Himachal Pradesh Cricket Association Stadium,1,3.6,Kings XI Punjab,Mumbai Indians,Azhar Mahmood,SE Marsh,R Dhawan,0,0,,,,,,,,,
598066,2013,2013-05-18,Himachal Pradesh Cricket Association Stadium,1,4.1,Kings XI Punjab,Mumbai Indians,SE Marsh,Azhar Mahmood,NM Coulter-Nile,0,0,,,,,,,,,
598066,2013,2013-05-18,Himachal Pradesh Cricket Association Stadium,1,4.2,Kings XI Punjab,Mumbai Indians,SE Marsh,Azhar Mahmood,NM Coulter-Nile,0,0,,,,,,,,,
598066,2013,2013-05-18,Himachal Pradesh Cricket Association Stadium,1,4.3,Kings XI Punjab,Mumbai Indians,SE Marsh,Azhar Mahmood,NM Coulter-Nile,4,0,,,,,,,,,
598066,2013,2013-05-18,Himachal Pradesh Cricket Association Stadium,1,4.4,Kings XI Punjab,Mumbai Indians,SE Marsh,Azhar Mahmood,NM Coulter-Nile,0,1,1,,,,,,,,
598066,2013,2013-05-18,Himachal Pradesh Cricket Association Stadium,1,4.5,Kings XI Punjab,Mumbai Indians,SE Marsh,Azhar Mahmood,NM Coulter-Nile,0,0,,,,,,,,,
598066,2013,2013-05-18,Himachal Pradesh Cricket Association Stadium,1,4.6,Kings XI Punjab,Mumbai Indians,SE Marsh,Azhar Mahmood,NM Coulter-Nile,0,0,,,,,,,,,
598066,2013,2013-05-18,Himachal Pradesh Cricket Association Stadium,1,4.7,Kings XI Punjab,Mumbai Indians,SE Marsh,Azhar Mahmood,NM Coulter-Nile,1,0,,,,,,,,,
598066,2013,2013-05-18,Himachal Pradesh Cricket Association Stadium,1,5.1,Kings XI Punjab,Mumbai Indians,SE Marsh,Azhar Mahmood,DS Kulkarni,4,0,,,,,,,,,
598066,2013,2013-05-18,Himachal Pradesh Cricket Association Stadium,1,5.2,Kings XI Punjab,Mumbai Indians,SE Marsh,Azhar Mahmood,DS Kulkarni,0,0,,,,,,,,,
598066,2013,2013-05-18,Himachal Pradesh Cricket Association Stadium,1,5.3,Kings XI Punjab,Mumbai Indians,SE Marsh,Azhar Mahmood,DS Kulkarni,4,0,,,,,,,,,
598066,2013,2013-05-18,Himachal Pradesh Cricket Association Stadium,1,5.4,Kings XI Punjab,Mumbai Indians,SE Marsh,Azhar Mahmood,DS Kulkarni,4,0,,,,,,,,,
598066,2013,2013-05-18,Himachal Pradesh Cricket Association Stadium,1,5.5,Kings XI Punjab,Mumbai Indians,SE Marsh,Azhar Mahmood,RG Sharma,1,0,,,,,,,,,
598066,2013,2013-05-18,Himachal Pradesh Cricket Association Stadium,1,5.6,Kings XI Punjab,Mumbai Indians,Azhar Mahmood,SE Marsh,RG Sharma,0,0,,,,,,,,,
598066,2013,2013-05-18,Himachal Pradesh Cricket Association Stadium,1,6.1,Kings XI Punjab,Mumbai Indians,SE Marsh,Azhar Mahmood,Harbhajan Singh,1,0,,,,,,,,,
598066,2013,2013-05-18,Himachal Pradesh Cricket Association Stadium,1,6.2,Kings XI Punjab,Mumbai Indians,Azhar Mahmood,SE Marsh,Harbhajan Singh,1,0,,,,,,,,,
598066,2013,2013-05-18,Himachal Pradesh Cricket Association Stadium,1,6.3,Kings XI Punjab,Mumbai Indians,SE Marsh,Azhar Mahmood,Harbhajan Singh,1,0,,,,,,,,,
598066,2013,2013-05-18,Himachal Pradesh Cricket Association Stadium,1,6.4,Kings XI Punjab,Mumbai Indians,Azhar Mahmood,SE Marsh,Harbhajan Singh,1,0,,,,,,,,,
598066,2013,2013-05-18,Himachal Pradesh Cricket Association Stadium,1,6.5,Kings XI Punjab,Mumbai Indians,SE Marsh,Azhar Mahmood,Harbhajan Singh,0,0,,,,,,,,,
598066,2013,2013-05-18,Himachal Pradesh Cricket Association Stadium,1,6.6,Kings XI Punjab,Mumbai Indians,SE Marsh,Azhar Mahmood,Harbhajan Singh,4,0,,,,,,,,,
598066,2013,2013-05-18,Himachal Pradesh Cricket Association Stadium,1,7.1,Kings XI Punjab,Mumbai Indians,Azhar Mahmood,SE Marsh,SL Malinga,0,1,1,,,,,,,,
598066,2013,2013-05-18,Himachal Pradesh Cricket Association Stadium,1,7.2,Kings XI Punjab,Mumbai Indians,Azhar Mahmood,SE Marsh,SL Malinga,0,0,,,,,,,,,
598066,2013,2013-05-18,Himachal Pradesh Cricket Association Stadium,1,7.3,Kings XI Punjab,Mumbai Indians,Azhar Mahmood,SE Marsh,SL Malinga,6,0,,,,,,,,,
598066,2013,2013-05-18,Himachal Pradesh Cricket Association Stadium,1,7.4,Kings XI Punjab,Mumbai Indians,Azhar Mahmood,SE Marsh,SL Malinga,4,0,,,,,,,,,
598066,2013,2013-05-18,Himachal Pradesh Cricket Association Stadium,1,7.5,Kings XI Punjab,Mumbai Indians,Azhar Mahmood,SE Marsh,SL Malinga,4,0,,,,,,,,,
598066,2013,2013-05-18,Himachal Pradesh Cricket Association Stadium,1,7.6,Kings XI Punjab,Mumbai Indians,Azhar Mahmood,SE Marsh,SL Malinga,4,0,,,,,,,,,
598066,2013,2013-05-18,Himachal Pradesh Cricket Association Stadium,1,7.7,Kings XI Punjab,Mumbai Indians,Azhar Mahmood,SE Marsh,SL Malinga,1,0,,,,,,,,,
598066,2013,2013-05-18,Himachal Pradesh Cricket Association Stadium,1,8.1,Kings XI Punjab,Mumbai Indians,Azhar Mahmood,SE Marsh,Harbhajan Singh,1,0,,,,,,,,,
598066,2013,2013-05-18,Himachal Pradesh Cricket Association Stadium,1,8.2,Kings XI Punjab,Mumbai Indians,SE Marsh,Azhar Mahmood,Harbhajan Singh,1,0,,,,,,,,,
598066,2013,2013-05-18,Himachal Pradesh Cricket Association Stadium,1,8.3,Kings XI Punjab,Mumbai Indians,Azhar Mahmood,SE Marsh,Harbhajan Singh,1,0,,,,,,,,,
598066,2013,2013-05-18,Himachal Pradesh Cricket Association Stadium,1,8.4,Kings XI Punjab,Mumbai Indians,SE Marsh,Azhar Mahmood,Harbhajan Singh,1,0,,,,,,,,,
598066,2013,2013-05-18,Himachal Pradesh Cricket Association Stadium,1,8.5,Kings XI Punjab,Mumbai Indians,Azhar Mahmood,SE Marsh,Harbhajan Singh,0,0,,,,,,,,,
598066,2013,2013-05-18,Himachal Pradesh Cricket Association Stadium,1,8.6,Kings XI Punjab,Mumbai Indians,Azhar Mahmood,SE Marsh,Harbhajan Singh,1,0,,,,,,,,,
598066,2013,2013-05-18,Himachal Pradesh Cricket Association Stadium,1,9.1,Kings XI Punjab,Mumbai Indians,Azhar Mahmood,SE Marsh,KA Pollard,2,0,,,,,,,,,
598066,2013,2013-05-18,Himachal Pradesh Cricket Association Stadium,1,9.2,Kings XI Punjab,Mumbai Indians,Azhar Mahmood,SE Marsh,KA Pollard,1,0,,,,,,,,,
598066,2013,2013-05-18,Himachal Pradesh Cricket Association Stadium,1,9.3,Kings XI Punjab,Mumbai Indians,SE Marsh,Azhar Mahmood,KA Pollard,4,0,,,,,,,,,
598066,2013,2013-05-18,Himachal Pradesh Cricket Association Stadium,1,9.4,Kings XI Punjab,Mumbai Indians,SE Marsh,Azhar Mahmood,KA Pollard,0,0,,,,,,,,,
598066,2013,2013-05-18,Himachal Pradesh Cricket Association Stadium,1,9.5,Kings XI Punjab,Mumbai Indians,SE Marsh,Azhar Mahmood,KA Pollard,4,0,,,,,,,,,
598066,2013,2013-05-18,Himachal Pradesh Cricket Association Stadium,1,9.6,Kings XI Punjab,Mumbai Indians,SE Marsh,Azhar Mahmood,KA Pollard,1,0,,,,,,,,,
598066,2013,2013-05-18,Himachal Pradesh Cricket Association Stadium,1,10.1,Kings XI Punjab,Mumbai Indians,SE Marsh,Azhar Mahmood,Harbhajan Singh,1,0,,,,,,,,,
598066,2013,2013-05-18,Himachal Pradesh Cricket Association Stadium,1,10.2,Kings XI Punjab,Mumbai Indians,Azhar Mahmood,SE Marsh,Harbhajan Singh,4,0,,,,,,,,,
598066,2013,2013-05-18,Himachal Pradesh Cricket Association Stadium,1,10.3,Kings XI Punjab,Mumbai Indians,Azhar Mahmood,SE Marsh,Harbhajan Singh,1,0,,,,,,,,,
598066,2013,2013-05-18,Himachal Pradesh Cricket Association Stadium,1,10.4,Kings XI Punjab,Mumbai Indians,SE Marsh,Azhar Mahmood,Harbhajan Singh,0,0,,,,,,,,,
598066,2013,2013-05-18,Himachal Pradesh Cricket Association Stadium,1,10.5,Kings XI Punjab,Mumbai Indians,SE Marsh,Azhar Mahmood,Harbhajan Singh,0,0,,,,,,,,,
598066,2013,2013-05-18,Himachal Pradesh Cricket Association Stadium,1,10.6,Kings XI Punjab,Mumbai Indians,SE Marsh,Azhar Mahmood,Harbhajan Singh,1,0,,,,,,,,,
598066,2013,2013-05-18,Himachal Pradesh Cricket Association Stadium,1,11.1,Kings XI Punjab,Mumbai Indians,SE Marsh,Azhar Mahmood,SL Malinga,1,0,,,,,,,,,
598066,2013,2013-05-18,Himachal Pradesh Cricket Association Stadium,1,11.2,Kings XI Punjab,Mumbai Indians,Azhar Mahmood,SE Marsh,SL Malinga,0,0,,,,,,,,,
598066,2013,2013-05-18,Himachal Pradesh Cricket Association Stadium,1,11.3,Kings XI Punjab,Mumbai Indians,Azhar Mahmood,SE Marsh,SL Malinga,0,0,,,,,,,,,
598066,2013,2013-05-18,Himachal Pradesh Cricket Association Stadium,1,11.4,Kings XI Punjab,Mumbai Indians,Azhar Mahmood,SE Marsh,SL Malinga,1,0,,,,,,,,,
598066,2013,2013-05-18,Himachal Pradesh Cricket Association Stadium,1,11.5,Kings XI Punjab,Mumbai Indians,SE Marsh,Azhar Mahmood,SL Malinga,0,0,,,,,,,,,
598066,2013,2013-05-18,Himachal Pradesh Cricket Association Stadium,1,11.6,Kings XI Punjab,Mumbai Indians,SE Marsh,Azhar Mahmood,SL Malinga,1,0,,,,,,,,,
598066,2013,2013-05-18,Himachal Pradesh Cricket Association Stadium,1,12.1,Kings XI Punjab,Mumbai Indians,SE Marsh,Azhar Mahmood,GJ Maxwell,0,0,,,,,,,,,
598066,2013,2013-05-18,Himachal Pradesh Cricket Association Stadium,1,12.2,Kings XI Punjab,Mumbai Indians,SE Marsh,Azhar Mahmood,GJ Maxwell,1,0,,,,,,,,,
598066,2013,2013-05-18,Himachal Pradesh Cricket Association Stadium,1,12.3,Kings XI Punjab,Mumbai Indians,Azhar Mahmood,SE Marsh,GJ Maxwell,6,0,,,,,,,,,
598066,2013,2013-05-18,Himachal Pradesh Cricket Association Stadium,1,12.4,Kings XI Punjab,Mumbai Indians,Azhar Mahmood,SE Marsh,GJ Maxwell,6,0,,,,,,,,,
598066,2013,2013-05-18,Himachal Pradesh Cricket Association Stadium,1,12.5,Kings XI Punjab,Mumbai Indians,Azhar Mahmood,SE Marsh,GJ Maxwell,4,0,,,,,,,,,
598066,2013,2013-05-18,Himachal Pradesh Cricket Association Stadium,1,12.6,Kings XI Punjab,Mumbai Indians,Azhar Mahmood,SE Marsh,GJ Maxwell,1,0,,,,,,,,,
598066,2013,2013-05-18,Himachal Pradesh Cricket Association Stadium,1,13.1,Kings XI Punjab,Mumbai Indians,Azhar Mahmood,SE Marsh,R Dhawan,2,0,,,,,,,,,
598066,2013,2013-05-18,Himachal Pradesh Cricket Association Stadium,1,13.2,Kings XI Punjab,Mumbai Indians,Azhar Mahmood,SE Marsh,R Dhawan,1,0,,,,,,,,,
598066,2013,2013-05-18,Himachal Pradesh Cricket Association Stadium,1,13.3,Kings XI Punjab,Mumbai Indians,SE Marsh,Azhar Mahmood,R Dhawan,0,1,,,,1,,,,,
598066,2013,2013-05-18,Himachal Pradesh Cricket Association Stadium,1,13.4,Kings XI Punjab,Mumbai Indians,Azhar Mahmood,SE Marsh,R Dhawan,0,1,,,,1,,,,,
598066,2013,2013-05-18,Himachal Pradesh Cricket Association Stadium,1,13.5,Kings XI Punjab,Mumbai Indians,SE Marsh,Azhar Mahmood,R Dhawan,4,0,,,,,,,,,
598066,2013,2013-05-18,Himachal Pradesh Cricket Association Stadium,1,13.6,Kings XI Punjab,Mumbai Indians,SE Marsh,Azhar Mahmood,R Dhawan,2,0,,,,,,,,,
598066,2013,2013-05-18,Himachal Pradesh Cricket Association Stadium,1,14.1,Kings XI Punjab,Mumbai Indians,Azhar Mahmood,SE Marsh,NM Coulter-Nile,1,0,,,,,,,,,
598066,2013,2013-05-18,Himachal Pradesh Cricket Association Stadium,1,14.2,Kings XI Punjab,Mumbai Indians,SE Marsh,Azhar Mahmood,NM Coulter-Nile,1,0,,,,,,,,,
598066,2013,2013-05-18,Himachal Pradesh Cricket Association Stadium,1,14.3,Kings XI Punjab,Mumbai Indians,Azhar Mahmood,SE Marsh,NM Coulter-Nile,1,0,,,,,,,,,
598066,2013,2013-05-18,Himachal Pradesh Cricket Association Stadium,1,14.4,Kings XI Punjab,Mumbai Indians,SE Marsh,Azhar Mahmood,NM Coulter-Nile,1,0,,,,,,,,,
598066,2013,2013-05-18,Himachal Pradesh Cricket Association Stadium,1,14.5,Kings XI Punjab,Mumbai Indians,Azhar Mahmood,SE Marsh,NM Coulter-Nile,4,0,,,,,,,,,
598066,2013,2013-05-18,Himachal Pradesh Cricket Association Stadium,1,14.6,Kings XI Punjab,Mumbai Indians,Azhar Mahmood,SE Marsh,NM Coulter-Nile,4,0,,,,,,,,,
598066,2013,2013-05-18,Himachal Pradesh Cricket Association Stadium,1,15.1,Kings XI Punjab,Mumbai Indians,SE Marsh,Azhar Mahmood,R Dhawan,0,1,1,,,,,,,,
598066,2013,2013-05-18,Himachal Pradesh Cricket Association Stadium,1,15.2,Kings XI Punjab,Mumbai Indians,SE Marsh,Azhar Mahmood,R Dhawan,4,0,,,,,,,,,
598066,2013,2013-05-18,Himachal Pradesh Cricket Association Stadium,1,15.3,Kings XI Punjab,Mumbai Indians,SE Marsh,Azhar Mahmood,R Dhawan,1,0,,,,,,,,,
598066,2013,2013-05-18,Himachal Pradesh Cricket Association Stadium,1,15.4,Kings XI Punjab,Mumbai Indians,Azhar Mahmood,SE Marsh,R Dhawan,0,0,,,,,,,,,
598066,2013,2013-05-18,Himachal Pradesh Cricket Association Stadium,1,15.5,Kings XI Punjab,Mumbai Indians,Azhar Mahmood,SE Marsh,R Dhawan,2,0,,,,,,,,,
598066,2013,2013-05-18,Himachal Pradesh Cricket Association Stadium,1,15.6,Kings XI Punjab,Mumbai Indians,Azhar Mahmood,SE Marsh,R Dhawan,2,0,,,,,,,,,
598066,2013,2013-05-18,Himachal Pradesh Cricket Association Stadium,1,15.7,Kings XI Punjab,Mumbai Indians,Azhar Mahmood,SE Marsh,R Dhawan,0,1,1,,,,,,,,
598066,2013,2013-05-18,Himachal Pradesh Cricket Association Stadium,1,15.8,Kings XI Punjab,Mumbai Indians,Azhar Mahmood,SE Marsh,R Dhawan,1,0,,,,,,,,,
598066,2013,2013-05-18,Himachal Pradesh Cricket Association Stadium,1,16.1,Kings XI Punjab,Mumbai Indians,Azhar Mahmood,SE Marsh,Harbhajan Singh,4,0,,,,,,,,,
598066,2013,2013-05-18,Himachal Pradesh Cricket Association Stadium,1,16.2,Kings XI Punjab,Mumbai Indians,Azhar Mahmood,SE Marsh,Harbhajan Singh,6,0,,,,,,,,,
598066,2013,2013-05-18,Himachal Pradesh Cricket Association Stadium,1,16.3,Kings XI Punjab,Mumbai Indians,Azhar Mahmood,SE Marsh,Harbhajan Singh,1,0,,,,,,,,,
598066,2013,2013-05-18,Himachal Pradesh Cricket Association Stadium,1,16.4,Kings XI Punjab,Mumbai Indians,SE Marsh,Azhar Mahmood,Harbhajan Singh,0,0,,,,,,bowled,SE Marsh,,
598066,2013,2013-05-18,Himachal Pradesh Cricket Association Stadium,1,16.5,Kings XI Punjab,Mumbai Indians,DA Miller,Azhar Mahmood,Harbhajan Singh,1,0,,,,,,,,,
598066,2013,2013-05-18,Himachal Pradesh Cricket Association Stadium,1,16.6,Kings XI Punjab,Mumbai Indians,Azhar Mahmood,DA Miller,Harbhajan Singh,1,0,,,,,,,,,
598066,2013,2013-05-18,Himachal Pradesh Cricket Association Stadium,1,17.1,Kings XI Punjab,Mumbai Indians,Azhar Mahmood,DA Miller,SL Malinga,0,0,,,,,,,,,
598066,2013,2013-05-18,Himachal Pradesh Cricket Association Stadium,1,17.2,Kings XI Punjab,Mumbai Indians,Azhar Mahmood,DA Miller,SL Malinga,0,0,,,,,,lbw,Azhar Mahmood,,
598066,2013,2013-05-18,Himachal Pradesh Cricket Association Stadium,1,17.3,Kings XI Punjab,Mumbai Indians,M Vohra,DA Miller,SL Malinga,4,0,,,,,,,,,
598066,2013,2013-05-18,Himachal Pradesh Cricket Association Stadium,1,17.4,Kings XI Punjab,Mumbai Indians,M Vohra,DA Miller,SL Malinga,0,0,,,,,,,,,
598066,2013,2013-05-18,Himachal Pradesh Cricket Association Stadium,1,17.5,Kings XI Punjab,Mumbai Indians,M Vohra,DA Miller,SL Malinga,0,0,,,,,,,,,
598066,2013,2013-05-18,Himachal Pradesh Cricket Association Stadium,1,17.6,Kings XI Punjab,Mumbai Indians,M Vohra,DA Miller,SL Malinga,4,0,,,,,,,,,
598066,2013,2013-05-18,Himachal Pradesh Cricket Association Stadium,1,18.1,Kings XI Punjab,Mumbai Indians,DA Miller,M Vohra,KA Pollard,0,0,,,,,,,,,
598066,2013,2013-05-18,Himachal Pradesh Cricket Association Stadium,1,18.2,Kings XI Punjab,Mumbai Indians,DA Miller,M Vohra,KA Pollard,4,0,,,,,,,,,
598066,2013,2013-05-18,Himachal Pradesh Cricket Association Stadium,1,18.3,Kings XI Punjab,Mumbai Indians,DA Miller,M Vohra,KA Pollard,1,0,,,,,,,,,
598066,2013,2013-05-18,Himachal Pradesh Cricket Association Stadium,1,18.4,Kings XI Punjab,Mumbai Indians,M Vohra,DA Miller,KA Pollard,4,0,,,,,,,,,
598066,2013,2013-05-18,Himachal Pradesh Cricket Association Stadium,1,18.5,Kings XI Punjab,Mumbai Indians,M Vohra,DA Miller,KA Pollard,1,0,,,,,,,,,
598066,2013,2013-05-18,Himachal Pradesh Cricket Association Stadium,1,18.6,Kings XI Punjab,Mumbai Indians,DA Miller,M Vohra,KA Pollard,0,0,,,,,,caught,DA Miller,,
598066,2013,2013-05-18,Himachal Pradesh Cricket Association Stadium,1,19.1,Kings XI Punjab,Mumbai Indians,Gurkeerat Singh,M Vohra,SL Malinga,0,0,,,,,,lbw,Gurkeerat Singh,,
598066,2013,2013-05-18,Himachal Pradesh Cricket Association Stadium,1,19.2,Kings XI Punjab,Mumbai Indians,PP Chawla,M Vohra,SL Malinga,0,1,,,,1,,,,,
598066,2013,2013-05-18,Himachal Pradesh Cricket Association Stadium,1,19.3,Kings XI Punjab,Mumbai Indians,M Vohra,PP Chawla,SL Malinga,6,0,,,,,,,,,
598066,2013,2013-05-18,Himachal Pradesh Cricket Association Stadium,1,19.4,Kings XI Punjab,Mumbai Indians,M Vohra,PP Chawla,SL Malinga,1,0,,,,,,,,,
598066,2013,2013-05-18,Himachal Pradesh Cricket Association Stadium,1,19.5,Kings XI Punjab,Mumbai Indians,PP Chawla,M Vohra,SL Malinga,1,0,,,,,,run out,PP Chawla,,
598066,2013,2013-05-18,Himachal Pradesh Cricket Association Stadium,1,19.6,Kings XI Punjab,Mumbai Indians,P Kumar,M Vohra,SL Malinga,0,0,,,,,,bowled,P Kumar,,
598066,2013,2013-05-18,Himachal Pradesh Cricket Association Stadium,2,0.1,Mumbai Indians,Kings XI Punjab,GJ Maxwell,AP Tare,P Kumar,0,0,,,,,,,,,
598066,2013,2013-05-18,Himachal Pradesh Cricket Association Stadium,2,0.2,Mumbai Indians,Kings XI Punjab,GJ Maxwell,AP Tare,P Kumar,0,0,,,,,,,,,
598066,2013,2013-05-18,Himachal Pradesh Cricket Association Stadium,2,0.3,Mumbai Indians,Kings XI Punjab,GJ Maxwell,AP Tare,P Kumar,0,0,,,,,,caught,GJ Maxwell,,
598066,2013,2013-05-18,Himachal Pradesh Cricket Association Stadium,2,0.4,Mumbai Indians,Kings XI Punjab,AP Tare,AT Rayudu,P Kumar,0,0,,,,,,,,,
598066,2013,2013-05-18,Himachal Pradesh Cricket Association Stadium,2,0.5,Mumbai Indians,Kings XI Punjab,AP Tare,AT Rayudu,P Kumar,1,0,,,,,,,,,
598066,2013,2013-05-18,Himachal Pradesh Cricket Association Stadium,2,0.6,Mumbai Indians,Kings XI Punjab,AT Rayudu,AP Tare,P Kumar,1,0,,,,,,,,,
598066,2013,2013-05-18,Himachal Pradesh Cricket Association Stadium,2,1.1,Mumbai Indians,Kings XI Punjab,AT Rayudu,AP Tare,Azhar Mahmood,1,0,,,,,,,,,
598066,2013,2013-05-18,Himachal Pradesh Cricket Association Stadium,2,1.2,Mumbai Indians,Kings XI Punjab,AP Tare,AT Rayudu,Azhar Mahmood,0,0,,,,,,,,,
598066,2013,2013-05-18,Himachal Pradesh Cricket Association Stadium,2,1.3,Mumbai Indians,Kings XI Punjab,AP Tare,AT Rayudu,Azhar Mahmood,0,0,,,,,,,,,
598066,2013,2013-05-18,Himachal Pradesh Cricket Association Stadium,2,1.4,Mumbai Indians,Kings XI Punjab,AP Tare,AT Rayudu,Azhar Mahmood,6,0,,,,,,,,,
598066,2013,2013-05-18,Himachal Pradesh Cricket Association Stadium,2,1.5,Mumbai Indians,Kings XI Punjab,AP Tare,AT Rayudu,Azhar Mahmood,4,0,,,,,,,,,
598066,2013,2013-05-18,Himachal Pradesh Cricket Association Stadium,2,1.6,Mumbai Indians,Kings XI Punjab,AP Tare,AT Rayudu,Azhar Mahmood,0,0,,,,,,,,,
598066,2013,2013-05-18,Himachal Pradesh Cricket Association Stadium,2,2.1,Mumbai Indians,Kings XI Punjab,AT Rayudu,AP Tare,P Kumar,0,0,,,,,,,,,
598066,2013,2013-05-18,Himachal Pradesh Cricket Association Stadium,2,2.2,Mumbai Indians,Kings XI Punjab,AT Rayudu,AP Tare,P Kumar,0,0,,,,,,,,,
598066,2013,2013-05-18,Himachal Pradesh Cricket Association Stadium,2,2.3,Mumbai Indians,Kings XI Punjab,AT Rayudu,AP Tare,P Kumar,0,0,,,,,,,,,
598066,2013,2013-05-18,Himachal Pradesh Cricket Association Stadium,2,2.4,Mumbai Indians,Kings XI Punjab,AT Rayudu,AP Tare,P Kumar,1,0,,,,,,,,,
598066,2013,2013-05-18,Himachal Pradesh Cricket Association Stadium,2,2.5,Mumbai Indians,Kings XI Punjab,AP Tare,AT Rayudu,P Kumar,4,0,,,,,,,,,
598066,2013,2013-05-18,Himachal Pradesh Cricket Association Stadium,2,2.6,Mumbai Indians,Kings XI Punjab,AP Tare,AT Rayudu,P Kumar,0,0,,,,,,,,,
598066,2013,2013-05-18,Himachal Pradesh Cricket Association Stadium,2,3.1,Mumbai Indians,Kings XI Punjab,AT Rayudu,AP Tare,Sandeep Sharma,1,0,,,,,,,,,
598066,2013,2013-05-18,Himachal Pradesh Cricket Association Stadium,2,3.2,Mumbai Indians,Kings XI Punjab,AP Tare,AT Rayudu,Sandeep Sharma,1,0,,,,,,,,,
598066,2013,2013-05-18,Himachal Pradesh Cricket Association Stadium,2,3.3,Mumbai Indians,Kings XI Punjab,AT Rayudu,AP Tare,Sandeep Sharma,1,0,,,,,,,,,
598066,2013,2013-05-18,Himachal Pradesh Cricket Association Stadium,2,3.4,Mumbai Indians,Kings XI Punjab,AP Tare,AT Rayudu,Sandeep Sharma,6,0,,,,,,,,,
598066,2013,2013-05-18,Himachal Pradesh Cricket Association Stadium,2,3.5,Mumbai Indians,Kings XI Punjab,AP Tare,AT Rayudu,Sandeep Sharma,0,0,,,,,,bowled,AP Tare,,
598066,2013,2013-05-18,Himachal Pradesh Cricket Association Stadium,2,3.6,Mumbai Indians,Kings XI Punjab,RG Sharma,AT Rayudu,Sandeep Sharma,0,0,,,,,,,,,
598066,2013,2013-05-18,Himachal Pradesh Cricket Association Stadium,2,4.1,Mumbai Indians,Kings XI Punjab,AT Rayudu,RG Sharma,P Kumar,2,0,,,,,,,,,
598066,2013,2013-05-18,Himachal Pradesh Cricket Association Stadium,2,4.2,Mumbai Indians,Kings XI Punjab,AT Rayudu,RG Sharma,P Kumar,0,2,,,,2,,,,,
598066,2013,2013-05-18,Himachal Pradesh Cricket Association Stadium,2,4.3,Mumbai Indians,Kings XI Punjab,AT Rayudu,RG Sharma,P Kumar,0,0,,,,,,,,,
598066,2013,2013-05-18,Himachal Pradesh Cricket Association Stadium,2,4.4,Mumbai Indians,Kings XI Punjab,AT Rayudu,RG Sharma,P Kumar,0,1,1,,,,,,,,
598066,2013,2013-05-18,Himachal Pradesh Cricket Association Stadium,2,4.5,Mumbai Indians,Kings XI Punjab,AT Rayudu,RG Sharma,P Kumar,0,0,,,,,,,,,
598066,2013,2013-05-18,Himachal Pradesh Cricket Association Stadium,2,4.6,Mumbai Indians,Kings XI Punjab,AT Rayudu,RG Sharma,P Kumar,4,0,,,,,,,,,
598066,2013,2013-05-18,Himachal Pradesh Cricket Association Stadium,2,4.7,Mumbai Indians,Kings XI Punjab,AT Rayudu,RG Sharma,P Kumar,1,0,,,,,,,,,
598066,2013,2013-05-18,Himachal Pradesh Cricket Association Stadium,2,5.1,Mumbai Indians,Kings XI Punjab,AT Rayudu,RG Sharma,Sandeep Sharma,4,0,,,,,,,,,
598066,2013,2013-05-18,Himachal Pradesh Cricket Association Stadium,2,5.2,Mumbai Indians,Kings XI Punjab,AT Rayudu,RG Sharma,Sandeep Sharma,4,0,,,,,,,,,
598066,2013,2013-05-18,Himachal Pradesh Cricket Association Stadium,2,5.3,Mumbai Indians,Kings XI Punjab,AT Rayudu,RG Sharma,Sandeep Sharma,1,0,,,,,,,,,
598066,2013,2013-05-18,Himachal Pradesh Cricket Association Stadium,2,5.4,Mumbai Indians,Kings XI Punjab,RG Sharma,AT Rayudu,Sandeep Sharma,0,0,,,,,,,,,
598066,2013,2013-05-18,Himachal Pradesh Cricket Association Stadium,2,5.5,Mumbai Indians,Kings XI Punjab,RG Sharma,AT Rayudu,Sandeep Sharma,4,0,,,,,,,,,
598066,2013,2013-05-18,Himachal Pradesh Cricket Association Stadium,2,5.6,Mumbai Indians,Kings XI Punjab,RG Sharma,AT Rayudu,Sandeep Sharma,1,0,,,,,,,,,
598066,2013,2013-05-18,Himachal Pradesh Cricket Association Stadium,2,6.1,Mumbai Indians,Kings XI Punjab,RG Sharma,AT Rayudu,P Awana,0,0,,,,,,,,,
598066,2013,2013-05-18,Himachal Pradesh Cricket Association Stadium,2,6.2,Mumbai Indians,Kings XI Punjab,RG Sharma,AT Rayudu,P Awana,1,0,,,,,,,,,
598066,2013,2013-05-18,Himachal Pradesh Cricket Association Stadium,2,6.3,Mumbai Indians,Kings XI Punjab,AT Rayudu,RG Sharma,P Awana,1,0,,,,,,,,,
598066,2013,2013-05-18,Himachal Pradesh Cricket Association Stadium,2,6.4,Mumbai Indians,Kings XI Punjab,RG Sharma,AT Rayudu,P Awana,1,0,,,,,,,,,
598066,2013,2013-05-18,Himachal Pradesh Cricket Association Stadium,2,6.5,Mumbai Indians,Kings XI Punjab,AT Rayudu,RG Sharma,P Awana,1,0,,,,,,,,,
598066,2013,2013-05-18,Himachal Pradesh Cricket Association Stadium,2,6.6,Mumbai Indians,Kings XI Punjab,RG Sharma,AT Rayudu,P Awana,1,0,,,,,,,,,
598066,2013,2013-05-18,Himachal Pradesh Cricket Association Stadium,2,7.1,Mumbai Indians,Kings XI Punjab,RG Sharma,AT Rayudu,PP Chawla,0,0,,,,,,,,,
598066,2013,2013-05-18,Himachal Pradesh Cricket Association Stadium,2,7.2,Mumbai Indians,Kings XI Punjab,RG Sharma,AT Rayudu,PP Chawla,0,0,,,,,,,,,
598066,2013,2013-05-18,Himachal Pradesh Cricket Association Stadium,2,7.3,Mumbai Indians,Kings XI Punjab,RG Sharma,AT Rayudu,PP Chawla,0,0,,,,,,,,,
598066,2013,2013-05-18,Himachal Pradesh Cricket Association Stadium,2,7.4,Mumbai Indians,Kings XI Punjab,RG Sharma,AT Rayudu,PP Chawla,0,0,,,,,,,,,
598066,2013,2013-05-18,Himachal Pradesh Cricket Association Stadium,2,7.5,Mumbai Indians,Kings XI Punjab,RG Sharma,AT Rayudu,PP Chawla,1,0,,,,,,,,,
598066,2013,2013-05-18,Himachal Pradesh Cricket Association Stadium,2,7.6,Mumbai Indians,Kings XI Punjab,AT Rayudu,RG Sharma,PP Chawla,2,0,,,,,,,,,
598066,2013,2013-05-18,Himachal Pradesh Cricket Association Stadium,2,8.1,Mumbai Indians,Kings XI Punjab,RG Sharma,AT Rayudu,P Awana,1,0,,,,,,,,,
598066,2013,2013-05-18,Himachal Pradesh Cricket Association Stadium,2,8.2,Mumbai Indians,Kings XI Punjab,AT Rayudu,RG Sharma,P Awana,1,0,,,,,,,,,
598066,2013,2013-05-18,Himachal Pradesh Cricket Association Stadium,2,8.3,Mumbai Indians,Kings XI Punjab,RG Sharma,AT Rayudu,P Awana,1,0,,,,,,,,,
598066,2013,2013-05-18,Himachal Pradesh Cricket Association Stadium,2,8.4,Mumbai Indians,Kings XI Punjab,AT Rayudu,RG Sharma,P Awana,0,0,,,,,,caught,AT Rayudu,,
598066,2013,2013-05-18,Himachal Pradesh Cricket Association Stadium,2,8.5,Mumbai Indians,Kings XI Punjab,KD Karthik,RG Sharma,P Awana,0,0,,,,,,,,,
598066,2013,2013-05-18,Himachal Pradesh Cricket Association Stadium,2,8.6,Mumbai Indians,Kings XI Punjab,KD Karthik,RG Sharma,P Awana,0,0,,,,,,,,,
598066,2013,2013-05-18,Himachal Pradesh Cricket Association Stadium,2,9.1,Mumbai Indians,Kings XI Punjab,RG Sharma,KD Karthik,PP Chawla,6,0,,,,,,,,,
598066,2013,2013-05-18,Himachal Pradesh Cricket Association Stadium,2,9.2,Mumbai Indians,Kings XI Punjab,RG Sharma,KD Karthik,PP Chawla,1,0,,,,,,,,,
598066,2013,2013-05-18,Himachal Pradesh Cricket Association Stadium,2,9.3,Mumbai Indians,Kings XI Punjab,KD Karthik,RG Sharma,PP Chawla,0,0,,,,,,caught and bowled,KD Karthik,,
598066,2013,2013-05-18,Himachal Pradesh Cricket Association Stadium,2,9.4,Mumbai Indians,Kings XI Punjab,KA Pollard,RG Sharma,PP Chawla,0,0,,,,,,,,,
598066,2013,2013-05-18,Himachal Pradesh Cricket Association Stadium,2,9.5,Mumbai Indians,Kings XI Punjab,KA Pollard,RG Sharma,PP Chawla,0,0,,,,,,,,,
598066,2013,2013-05-18,Himachal Pradesh Cricket Association Stadium,2,9.6,Mumbai Indians,Kings XI Punjab,KA Pollard,RG Sharma,PP Chawla,0,0,,,,,,,,,
598066,2013,2013-05-18,Himachal Pradesh Cricket Association Stadium,2,10.1,Mumbai Indians,Kings XI Punjab,RG Sharma,KA Pollard,Azhar Mahmood,1,0,,,,,,,,,
598066,2013,2013-05-18,Himachal Pradesh Cricket Association Stadium,2,10.2,Mumbai Indians,Kings XI Punjab,KA Pollard,RG Sharma,Azhar Mahmood,0,0,,,,,,,,,
598066,2013,2013-05-18,Himachal Pradesh Cricket Association Stadium,2,10.3,Mumbai Indians,Kings XI Punjab,KA Pollard,RG Sharma,Azhar Mahmood,0,0,,,,,,,,,
598066,2013,2013-05-18,Himachal Pradesh Cricket Association Stadium,2,10.4,Mumbai Indians,Kings XI Punjab,KA Pollard,RG Sharma,Azhar Mahmood,1,0,,,,,,,,,
598066,2013,2013-05-18,Himachal Pradesh Cricket Association Stadium,2,10.5,Mumbai Indians,Kings XI Punjab,RG Sharma,KA Pollard,Azhar Mahmood,4,0,,,,,,,,,
598066,2013,2013-05-18,Himachal Pradesh Cricket Association Stadium,2,10.6,Mumbai Indians,Kings XI Punjab,RG Sharma,KA Pollard,Azhar Mahmood,1,0,,,,,,,,,
598066,2013,2013-05-18,Himachal Pradesh Cricket Association Stadium,2,11.1,Mumbai Indians,Kings XI Punjab,RG Sharma,KA Pollard,PP Chawla,0,0,,,,,,,,,
598066,2013,2013-05-18,Himachal Pradesh Cricket Association Stadium,2,11.2,Mumbai Indians,Kings XI Punjab,RG Sharma,KA Pollard,PP Chawla,0,0,,,,,,,,,
598066,2013,2013-05-18,Himachal Pradesh Cricket Association Stadium,2,11.3,Mumbai Indians,Kings XI Punjab,RG Sharma,KA Pollard,PP Chawla,1,0,,,,,,,,,
598066,2013,2013-05-18,Himachal Pradesh Cricket Association Stadium,2,11.4,Mumbai Indians,Kings XI Punjab,KA Pollard,RG Sharma,PP Chawla,1,0,,,,,,,,,
598066,2013,2013-05-18,Himachal Pradesh Cricket Association Stadium,2,11.5,Mumbai Indians,Kings XI Punjab,RG Sharma,KA Pollard,PP Chawla,0,0,,,,,,,,,
598066,2013,2013-05-18,Himachal Pradesh Cricket Association Stadium,2,11.6,Mumbai Indians,Kings XI Punjab,RG Sharma,KA Pollard,PP Chawla,0,0,,,,,,bowled,RG Sharma,,
598066,2013,2013-05-18,Himachal Pradesh Cricket Association Stadium,2,12.1,Mumbai Indians,Kings XI Punjab,KA Pollard,R Dhawan,P Awana,0,0,,,,,,,,,
598066,2013,2013-05-18,Himachal Pradesh Cricket Association Stadium,2,12.2,Mumbai Indians,Kings XI Punjab,KA Pollard,R Dhawan,P Awana,1,0,,,,,,,,,
598066,2013,2013-05-18,Himachal Pradesh Cricket Association Stadium,2,12.3,Mumbai Indians,Kings XI Punjab,R Dhawan,KA Pollard,P Awana,0,0,,,,,,,,,
598066,2013,2013-05-18,Himachal Pradesh Cricket Association Stadium,2,12.4,Mumbai Indians,Kings XI Punjab,R Dhawan,KA Pollard,P Awana,0,0,,,,,,,,,
598066,2013,2013-05-18,Himachal Pradesh Cricket Association Stadium,2,12.5,Mumbai Indians,Kings XI Punjab,R Dhawan,KA Pollard,P Awana,4,0,,,,,,,,,
598066,2013,2013-05-18,Himachal Pradesh Cricket Association Stadium,2,12.6,Mumbai Indians,Kings XI Punjab,R Dhawan,KA Pollard,P Awana,0,0,,,,,,,,,
598066,2013,2013-05-18,Himachal Pradesh Cricket Association Stadium,2,13.1,Mumbai Indians,Kings XI Punjab,KA Pollard,R Dhawan,PP Chawla,0,0,,,,,,,,,
598066,2013,2013-05-18,Himachal Pradesh Cricket Association Stadium,2,13.2,Mumbai Indians,Kings XI Punjab,KA Pollard,R Dhawan,PP Chawla,0,1,1,,,,,,,,
598066,2013,2013-05-18,Himachal Pradesh Cricket Association Stadium,2,13.3,Mumbai Indians,Kings XI Punjab,KA Pollard,R Dhawan,PP Chawla,0,0,,,,,,,,,
598066,2013,2013-05-18,Himachal Pradesh Cricket Association Stadium,2,13.4,Mumbai Indians,Kings XI Punjab,KA Pollard,R Dhawan,PP Chawla,4,0,,,,,,,,,
598066,2013,2013-05-18,Himachal Pradesh Cricket Association Stadium,2,13.5,Mumbai Indians,Kings XI Punjab,KA Pollard,R Dhawan,PP Chawla,2,0,,,,,,,,,
598066,2013,2013-05-18,Himachal Pradesh Cricket Association Stadium,2,13.6,Mumbai Indians,Kings XI Punjab,KA Pollard,R Dhawan,PP Chawla,1,0,,,,,,,,,
598066,2013,2013-05-18,Himachal Pradesh Cricket Association Stadium,2,13.7,Mumbai Indians,Kings XI Punjab,R Dhawan,KA Pollard,PP Chawla,0,0,,,,,,,,,
598066,2013,2013-05-18,Himachal Pradesh Cricket Association Stadium,2,14.1,Mumbai Indians,Kings XI Punjab,KA Pollard,R Dhawan,P Awana,6,0,,,,,,,,,
598066,2013,2013-05-18,Himachal Pradesh Cricket Association Stadium,2,14.2,Mumbai Indians,Kings XI Punjab,KA Pollard,R Dhawan,P Awana,2,0,,,,,,,,,
598066,2013,2013-05-18,Himachal Pradesh Cricket Association Stadium,2,14.3,Mumbai Indians,Kings XI Punjab,KA Pollard,R Dhawan,P Awana,1,0,,,,,,,,,
598066,2013,2013-05-18,Himachal Pradesh Cricket Association Stadium,2,14.4,Mumbai Indians,Kings XI Punjab,R Dhawan,KA Pollard,P Awana,4,0,,,,,,,,,
598066,2013,2013-05-18,Himachal Pradesh Cricket Association Stadium,2,14.5,Mumbai Indians,Kings XI Punjab,R Dhawan,KA Pollard,P Awana,2,0,,,,,,,,,
598066,2013,2013-05-18,Himachal Pradesh Cricket Association Stadium,2,14.6,Mumbai Indians,Kings XI Punjab,R Dhawan,KA Pollard,P Awana,1,0,,,,,,,,,
598066,2013,2013-05-18,Himachal Pradesh Cricket Association Stadium,2,15.1,Mumbai Indians,Kings XI Punjab,R Dhawan,KA Pollard,Sandeep Sharma,1,0,,,,,,,,,
598066,2013,2013-05-18,Himachal Pradesh Cricket Association Stadium,2,15.2,Mumbai Indians,Kings XI Punjab,KA Pollard,R Dhawan,Sandeep Sharma,1,0,,,,,,,,,
598066,2013,2013-05-18,Himachal Pradesh Cricket Association Stadium,2,15.3,Mumbai Indians,Kings XI Punjab,R Dhawan,KA Pollard,Sandeep Sharma,0,4,,,,4,,,,,
598066,2013,2013-05-18,Himachal Pradesh Cricket Association Stadium,2,15.4,Mumbai Indians,Kings XI Punjab,R Dhawan,KA Pollard,Sandeep Sharma,1,0,,,,,,,,,
598066,2013,2013-05-18,Himachal Pradesh Cricket Association Stadium,2,15.5,Mumbai Indians,Kings XI Punjab,KA Pollard,R Dhawan,Sandeep Sharma,0,1,,1,,,,,,,
598066,2013,2013-05-18,Himachal Pradesh Cricket Association Stadium,2,15.6,Mumbai Indians,Kings XI Punjab,KA Pollard,R Dhawan,Sandeep Sharma,2,0,,,,,,,,,
598066,2013,2013-05-18,Himachal Pradesh Cricket Association Stadium,2,15.7,Mumbai Indians,Kings XI Punjab,KA Pollard,R Dhawan,Sandeep Sharma,0,0,,,,,,caught,KA Pollard,,
598066,2013,2013-05-18,Himachal Pradesh Cricket Association Stadium,2,16.1,Mumbai Indians,Kings XI Punjab,R Dhawan,Harbhajan Singh,Azhar Mahmood,0,0,,,,,,,,,
598066,2013,2013-05-18,Himachal Pradesh Cricket Association Stadium,2,16.2,Mumbai Indians,Kings XI Punjab,R Dhawan,Harbhajan Singh,Azhar Mahmood,0,0,,,,,,,,,
598066,2013,2013-05-18,Himachal Pradesh Cricket Association Stadium,2,16.3,Mumbai Indians,Kings XI Punjab,R Dhawan,Harbhajan Singh,Azhar Mahmood,1,0,,,,,,,,,
598066,2013,2013-05-18,Himachal Pradesh Cricket Association Stadium,2,16.4,Mumbai Indians,Kings XI Punjab,Harbhajan Singh,R Dhawan,Azhar Mahmood,1,0,,,,,,,,,
598066,2013,2013-05-18,Himachal Pradesh Cricket Association Stadium,2,16.5,Mumbai Indians,Kings XI Punjab,R Dhawan,Harbhajan Singh,Azhar Mahmood,0,0,,,,,,lbw,R Dhawan,,
598066,2013,2013-05-18,Himachal Pradesh Cricket Association Stadium,2,16.6,Mumbai Indians,Kings XI Punjab,NM Coulter-Nile,Harbhajan Singh,Azhar Mahmood,1,0,,,,,,,,,
598066,2013,2013-05-18,Himachal Pradesh Cricket Association Stadium,2,17.1,Mumbai Indians,Kings XI Punjab,NM Coulter-Nile,Harbhajan Singh,Sandeep Sharma,0,0,,,,,,,,,
598066,2013,2013-05-18,Himachal Pradesh Cricket Association Stadium,2,17.2,Mumbai Indians,Kings XI Punjab,NM Coulter-Nile,Harbhajan Singh,Sandeep Sharma,1,0,,,,,,,,,
598066,2013,2013-05-18,Himachal Pradesh Cricket Association Stadium,2,17.3,Mumbai Indians,Kings XI Punjab,Harbhajan Singh,NM Coulter-Nile,Sandeep Sharma,1,0,,,,,,,,,
598066,2013,2013-05-18,Himachal Pradesh Cricket Association Stadium,2,17.4,Mumbai Indians,Kings XI Punjab,NM Coulter-Nile,Harbhajan Singh,Sandeep Sharma,1,0,,,,,,,,,
598066,2013,2013-05-18,Himachal Pradesh Cricket Association Stadium,2,17.5,Mumbai Indians,Kings XI Punjab,Harbhajan Singh,NM Coulter-Nile,Sandeep Sharma,1,0,,,,,,,,,
598066,2013,2013-05-18,Himachal Pradesh Cricket Association Stadium,2,17.6,Mumbai Indians,Kings XI Punjab,NM Coulter-Nile,Harbhajan Singh,Sandeep Sharma,6,0,,,,,,,,,
598066,2013,2013-05-18,Himachal Pradesh Cricket Association Stadium,2,18.1,Mumbai Indians,Kings XI Punjab,Harbhajan Singh,NM Coulter-Nile,Azhar Mahmood,1,0,,,,,,,,,
598066,2013,2013-05-18,Himachal Pradesh Cricket Association Stadium,2,18.2,Mumbai Indians,Kings XI Punjab,NM Coulter-Nile,Harbhajan Singh,Azhar Mahmood,0,0,,,,,,bowled,NM Coulter-Nile,,
598066,2013,2013-05-18,Himachal Pradesh Cricket Association Stadium,2,18.3,Mumbai Indians,Kings XI Punjab,SL Malinga,Harbhajan Singh,Azhar Mahmood,1,0,,,,,,,,,
598066,2013,2013-05-18,Himachal Pradesh Cricket Association Stadium,2,18.4,Mumbai Indians,Kings XI Punjab,Harbhajan Singh,SL Malinga,Azhar Mahmood,0,0,,,,,,,,,
598066,2013,2013-05-18,Himachal Pradesh Cricket Association Stadium,2,18.5,Mumbai Indians,Kings XI Punjab,Harbhajan Singh,SL Malinga,Azhar Mahmood,0,0,,,,,,,,,
598066,2013,2013-05-18,Himachal Pradesh Cricket Association Stadium,2,18.6,Mumbai Indians,Kings XI Punjab,Harbhajan Singh,SL Malinga,Azhar Mahmood,1,0,,,,,,,,,
598066,2013,2013-05-18,Himachal Pradesh Cricket Association Stadium,2,19.1,Mumbai Indians,Kings XI Punjab,Harbhajan Singh,SL Malinga,AC Gilchrist,0,0,,,,,,caught,Harbhajan Singh,,
