match_id,season,start_date,venue,innings,ball,batting_team,bowling_team,striker,non_striker,bowler,runs_off_bat,extras,wides,noballs,byes,legbyes,penalty,wicket_type,player_dismissed,other_wicket_type,other_player_dismissed
598006,2013,2013-04-09,Wankhede Stadium,1,0.1,Mumbai Indians,Delhi Daredevils,RT Ponting,SR Tendulkar,IK Pathan,0,0,,,,,,,,,
598006,2013,2013-04-09,Wankhede Stadium,1,0.2,Mumbai Indians,Delhi Daredevils,RT Ponting,SR Tendulkar,IK Pathan,0,0,,,,,,,,,
598006,2013,2013-04-09,Wankhede Stadium,1,0.3,Mumbai Indians,Delhi Daredevils,RT Ponting,SR Tendulkar,IK Pathan,0,0,,,,,,,,,
598006,2013,2013-04-09,Wankhede Stadium,1,0.4,Mumbai Indians,Delhi Daredevils,RT Ponting,SR Tendulkar,IK Pathan,0,0,,,,,,,,,
598006,2013,2013-04-09,Wankhede Stadium,1,0.5,Mumbai Indians,Delhi Daredevils,RT Ponting,SR Tendulkar,IK Pathan,0,0,,,,,,,,,
598006,2013,2013-04-09,Wankhede Stadium,1,0.6,Mumbai Indians,Delhi Daredevils,RT Ponting,SR Tendulkar,IK Pathan,0,0,,,,,,caught,RT Ponting,,
598006,2013,2013-04-09,Wankhede Stadium,1,1.1,Mumbai Indians,Delhi Daredevils,SR Tendulkar,KD Karthik,A Nehra,1,0,,,,,,,,,
598006,2013,2013-04-09,Wankhede Stadium,1,1.2,Mumbai Indians,Delhi Daredevils,KD Karthik,SR Tendulkar,A Nehra,0,0,,,,,,,,,
598006,2013,2013-04-09,Wankhede Stadium,1,1.3,Mumbai Indians,Delhi Daredevils,KD Karthik,SR Tendulkar,A Nehra,0,0,,,,,,run out,SR Tendulkar,,
598006,2013,2013-04-09,Wankhede Stadium,1,1.4,Mumbai Indians,Delhi Daredevils,KD Karthik,RG Sharma,A Nehra,0,0,,,,,,,,,
598006,2013,2013-04-09,Wankhede Stadium,1,1.5,Mumbai Indians,Delhi Daredevils,KD Karthik,RG Sharma,A Nehra,4,0,,,,,,,,,
598006,2013,2013-04-09,Wankhede Stadium,1,1.6,Mumbai Indians,Delhi Daredevils,KD Karthik,RG Sharma,A Nehra,1,0,,,,,,,,,
598006,2013,2013-04-09,Wankhede Stadium,1,2.1,Mumbai Indians,Delhi Daredevils,KD Karthik,RG Sharma,M Morkel,4,0,,,,,,,,,
598006,2013,2013-04-09,Wankhede Stadium,1,2.2,Mumbai Indians,Delhi Daredevils,KD Karthik,RG Sharma,M Morkel,0,0,,,,,,,,,
598006,2013,2013-04-09,Wankhede Stadium,1,2.3,Mumbai Indians,Delhi Daredevils,KD Karthik,RG Sharma,M Morkel,0,0,,,,,,,,,
598006,2013,2013-04-09,Wankhede Stadium,1,2.4,Mumbai Indians,Delhi Daredevils,KD Karthik,RG Sharma,M Morkel,0,0,,,,,,,,,
598006,2013,2013-04-09,Wankhede Stadium,1,2.5,Mumbai Indians,Delhi Daredevils,KD Karthik,RG Sharma,M Morkel,0,0,,,,,,,,,
598006,2013,2013-04-09,Wankhede Stadium,1,2.6,Mumbai Indians,Delhi Daredevils,KD Karthik,RG Sharma,M Morkel,4,0,,,,,,,,,
598006,2013,2013-04-09,Wankhede Stadium,1,3.1,Mumbai Indians,Delhi Daredevils,RG Sharma,KD Karthik,IK Pathan,0,1,,,,1,,,,,
598006,2013,2013-04-09,Wankhede Stadium,1,3.2,Mumbai Indians,Delhi Daredevils,KD Karthik,RG Sharma,IK Pathan,2,0,,,,,,,,,
598006,2013,2013-04-09,Wankhede Stadium,1,3.3,Mumbai Indians,Delhi Daredevils,KD Karthik,RG Sharma,IK Pathan,1,0,,,,,,,,,
598006,2013,2013-04-09,Wankhede Stadium,1,3.4,Mumbai Indians,Delhi Daredevils,RG Sharma,KD Karthik,IK Pathan,0,0,,,,,,,,,
598006,2013,2013-04-09,Wankhede Stadium,1,3.5,Mumbai Indians,Delhi Daredevils,RG Sharma,KD Karthik,IK Pathan,0,1,,,,1,,,,,
598006,2013,2013-04-09,Wankhede Stadium,1,3.6,Mumbai Indians,Delhi Daredevils,KD Karthik,RG Sharma,IK Pathan,1,0,,,,,,,,,
598006,2013,2013-04-09,Wankhede Stadium,1,4.1,Mumbai Indians,Delhi Daredevils,KD Karthik,RG Sharma,UT Yadav,1,0,,,,,,,,,
598006,2013,2013-04-09,Wankhede Stadium,1,4.2,Mumbai Indians,Delhi Daredevils,RG Sharma,KD Karthik,UT Yadav,0,0,,,,,,,,,
598006,2013,2013-04-09,Wankhede Stadium,1,4.3,Mumbai Indians,Delhi Daredevils,RG Sharma,KD Karthik,UT Yadav,0,0,,,,,,,,,
598006,2013,2013-04-09,Wankhede Stadium,1,4.4,Mumbai Indians,Delhi Daredevils,RG Sharma,KD Karthik,UT Yadav,0,0,,,,,,,,,
598006,2013,2013-04-09,Wankhede Stadium,1,4.5,Mumbai Indians,Delhi Daredevils,RG Sharma,KD Karthik,UT Yadav,0,0,,,,,,,,,
598006,2013,2013-04-09,Wankhede Stadium,1,4.6,Mumbai Indians,Delhi Daredevils,RG Sharma,KD Karthik,UT Yadav,0,1,1,,,,,,,,
598006,2013,2013-04-09,Wankhede Stadium,1,4.7,Mumbai Indians,Delhi Daredevils,RG Sharma,KD Karthik,UT Yadav,0,0,,,,,,,,,
598006,2013,2013-04-09,Wankhede Stadium,1,5.1,Mumbai Indians,Delhi Daredevils,KD Karthik,RG Sharma,A Nehra,0,0,,,,,,,,,
598006,2013,2013-04-09,Wankhede Stadium,1,5.2,Mumbai Indians,Delhi Daredevils,KD Karthik,RG Sharma,A Nehra,6,0,,,,,,,,,
598006,2013,2013-04-09,Wankhede Stadium,1,5.3,Mumbai Indians,Delhi Daredevils,KD Karthik,RG Sharma,A Nehra,4,0,,,,,,,,,
598006,2013,2013-04-09,Wankhede Stadium,1,5.4,Mumbai Indians,Delhi Daredevils,KD Karthik,RG Sharma,A Nehra,1,0,,,,,,,,,
598006,2013,2013-04-09,Wankhede Stadium,1,5.5,Mumbai Indians,Delhi Daredevils,RG Sharma,KD Karthik,A Nehra,1,0,,,,,,,,,
598006,2013,2013-04-09,Wankhede Stadium,1,5.6,Mumbai Indians,Delhi Daredevils,KD Karthik,RG Sharma,A Nehra,4,0,,,,,,,,,
598006,2013,2013-04-09,Wankhede Stadium,1,6.1,Mumbai Indians,Delhi Daredevils,RG Sharma,KD Karthik,M Morkel,0,0,,,,,,,,,
598006,2013,2013-04-09,Wankhede Stadium,1,6.2,Mumbai Indians,Delhi Daredevils,RG Sharma,KD Karthik,M Morkel,1,0,,,,,,,,,
598006,2013,2013-04-09,Wankhede Stadium,1,6.3,Mumbai Indians,Delhi Daredevils,KD Karthik,RG Sharma,M Morkel,0,3,,,,3,,,,,
598006,2013,2013-04-09,Wankhede Stadium,1,6.4,Mumbai Indians,Delhi Daredevils,RG Sharma,KD Karthik,M Morkel,1,0,,,,,,,,,
598006,2013,2013-04-09,Wankhede Stadium,1,6.5,Mumbai Indians,Delhi Daredevils,KD Karthik,RG Sharma,M Morkel,0,0,,,,,,,,,
598006,2013,2013-04-09,Wankhede Stadium,1,6.6,Mumbai Indians,Delhi Daredevils,KD Karthik,RG Sharma,M Morkel,1,1,,1,,,,,,,
598006,2013,2013-04-09,Wankhede Stadium,1,6.7,Mumbai Indians,Delhi Daredevils,RG Sharma,KD Karthik,M Morkel,6,0,,,,,,,,,
598006,2013,2013-04-09,Wankhede Stadium,1,7.1,Mumbai Indians,Delhi Daredevils,KD Karthik,RG Sharma,S Nadeem,4,0,,,,,,,,,
598006,2013,2013-04-09,Wankhede Stadium,1,7.2,Mumbai Indians,Delhi Daredevils,KD Karthik,RG Sharma,S Nadeem,1,0,,,,,,,,,
598006,2013,2013-04-09,Wankhede Stadium,1,7.3,Mumbai Indians,Delhi Daredevils,RG Sharma,KD Karthik,S Nadeem,1,0,,,,,,,,,
598006,2013,2013-04-09,Wankhede Stadium,1,7.4,Mumbai Indians,Delhi Daredevils,KD Karthik,RG Sharma,S Nadeem,1,0,,,,,,,,,
598006,2013,2013-04-09,Wankhede Stadium,1,7.5,Mumbai Indians,Delhi Daredevils,RG Sharma,KD Karthik,S Nadeem,0,0,,,,,,,,,
598006,2013,2013-04-09,Wankhede Stadium,1,7.6,Mumbai Indians,Delhi Daredevils,RG Sharma,KD Karthik,S Nadeem,1,0,,,,,,,,,
598006,2013,2013-04-09,Wankhede Stadium,1,8.1,Mumbai Indians,Delhi Daredevils,RG Sharma,KD Karthik,UT Yadav,1,0,,,,,,,,,
598006,2013,2013-04-09,Wankhede Stadium,1,8.2,Mumbai Indians,Delhi Daredevils,KD Karthik,RG Sharma,UT Yadav,4,0,,,,,,,,,
598006,2013,2013-04-09,Wankhede Stadium,1,8.3,Mumbai Indians,Delhi Daredevils,KD Karthik,RG Sharma,UT Yadav,0,1,1,,,,,,,,
598006,2013,2013-04-09,Wankhede Stadium,1,8.4,Mumbai Indians,Delhi Daredevils,KD Karthik,RG Sharma,UT Yadav,4,0,,,,,,,,,
598006,2013,2013-04-09,Wankhede Stadium,1,8.5,Mumbai Indians,Delhi Daredevils,KD Karthik,RG Sharma,UT Yadav,2,0,,,,,,,,,
598006,2013,2013-04-09,Wankhede Stadium,1,8.6,Mumbai Indians,Delhi Daredevils,KD Karthik,RG Sharma,UT Yadav,4,0,,,,,,,,,
598006,2013,2013-04-09,Wankhede Stadium,1,8.7,Mumbai Indians,Delhi Daredevils,KD Karthik,RG Sharma,UT Yadav,0,0,,,,,,,,,
598006,2013,2013-04-09,Wankhede Stadium,1,9.1,Mumbai Indians,Delhi Daredevils,RG Sharma,KD Karthik,S Nadeem,1,0,,,,,,,,,
598006,2013,2013-04-09,Wankhede Stadium,1,9.2,Mumbai Indians,Delhi Daredevils,KD Karthik,RG Sharma,S Nadeem,1,0,,,,,,,,,
598006,2013,2013-04-09,Wankhede Stadium,1,9.3,Mumbai Indians,Delhi Daredevils,RG Sharma,KD Karthik,S Nadeem,1,0,,,,,,,,,
598006,2013,2013-04-09,Wankhede Stadium,1,9.4,Mumbai Indians,Delhi Daredevils,KD Karthik,RG Sharma,S Nadeem,0,0,,,,,,,,,
598006,2013,2013-04-09,Wankhede Stadium,1,9.5,Mumbai Indians,Delhi Daredevils,KD Karthik,RG Sharma,S Nadeem,1,0,,,,,,,,,
598006,2013,2013-04-09,Wankhede Stadium,1,9.6,Mumbai Indians,Delhi Daredevils,RG Sharma,KD Karthik,S Nadeem,1,0,,,,,,,,,
598006,2013,2013-04-09,Wankhede Stadium,1,10.1,Mumbai Indians,Delhi Daredevils,RG Sharma,KD Karthik,BMAJ Mendis,1,0,,,,,,,,,
598006,2013,2013-04-09,Wankhede Stadium,1,10.2,Mumbai Indians,Delhi Daredevils,KD Karthik,RG Sharma,BMAJ Mendis,1,0,,,,,,,,,
598006,2013,2013-04-09,Wankhede Stadium,1,10.3,Mumbai Indians,Delhi Daredevils,RG Sharma,KD Karthik,BMAJ Mendis,0,0,,,,,,,,,
598006,2013,2013-04-09,Wankhede Stadium,1,10.4,Mumbai Indians,Delhi Daredevils,RG Sharma,KD Karthik,BMAJ Mendis,0,0,,,,,,,,,
598006,2013,2013-04-09,Wankhede Stadium,1,10.5,Mumbai Indians,Delhi Daredevils,RG Sharma,KD Karthik,BMAJ Mendis,1,0,,,,,,,,,
598006,2013,2013-04-09,Wankhede Stadium,1,10.6,Mumbai Indians,Delhi Daredevils,KD Karthik,RG Sharma,BMAJ Mendis,4,0,,,,,,,,,
598006,2013,2013-04-09,Wankhede Stadium,1,11.1,Mumbai Indians,Delhi Daredevils,RG Sharma,KD Karthik,S Nadeem,1,0,,,,,,,,,
598006,2013,2013-04-09,Wankhede Stadium,1,11.2,Mumbai Indians,Delhi Daredevils,KD Karthik,RG Sharma,S Nadeem,0,0,,,,,,,,,
598006,2013,2013-04-09,Wankhede Stadium,1,11.3,Mumbai Indians,Delhi Daredevils,KD Karthik,RG Sharma,S Nadeem,6,0,,,,,,,,,
598006,2013,2013-04-09,Wankhede Stadium,1,11.4,Mumbai Indians,Delhi Daredevils,KD Karthik,RG Sharma,S Nadeem,1,0,,,,,,,,,
598006,2013,2013-04-09,Wankhede Stadium,1,11.5,Mumbai Indians,Delhi Daredevils,RG Sharma,KD Karthik,S Nadeem,1,0,,,,,,,,,
598006,2013,2013-04-09,Wankhede Stadium,1,11.6,Mumbai Indians,Delhi Daredevils,KD Karthik,RG Sharma,S Nadeem,4,0,,,,,,,,,
598006,2013,2013-04-09,Wankhede Stadium,1,12.1,Mumbai Indians,Delhi Daredevils,RG Sharma,KD Karthik,BMAJ Mendis,6,0,,,,,,,,,
598006,2013,2013-04-09,Wankhede Stadium,1,12.2,Mumbai Indians,Delhi Daredevils,RG Sharma,KD Karthik,BMAJ Mendis,1,0,,,,,,,,,
598006,2013,2013-04-09,Wankhede Stadium,1,12.3,Mumbai Indians,Delhi Daredevils,KD Karthik,RG Sharma,BMAJ Mendis,4,0,,,,,,,,,
598006,2013,2013-04-09,Wankhede Stadium,1,12.4,Mumbai Indians,Delhi Daredevils,KD Karthik,RG Sharma,BMAJ Mendis,1,0,,,,,,,,,
598006,2013,2013-04-09,Wankhede Stadium,1,12.5,Mumbai Indians,Delhi Daredevils,RG Sharma,KD Karthik,BMAJ Mendis,1,0,,,,,,,,,
598006,2013,2013-04-09,Wankhede Stadium,1,12.6,Mumbai Indians,Delhi Daredevils,KD Karthik,RG Sharma,BMAJ Mendis,0,0,,,,,,,,,
598006,2013,2013-04-09,Wankhede Stadium,1,13.1,Mumbai Indians,Delhi Daredevils,RG Sharma,KD Karthik,IK Pathan,1,0,,,,,,,,,
598006,2013,2013-04-09,Wankhede Stadium,1,13.2,Mumbai Indians,Delhi Daredevils,KD Karthik,RG Sharma,IK Pathan,0,0,,,,,,,,,
598006,2013,2013-04-09,Wankhede Stadium,1,13.3,Mumbai Indians,Delhi Daredevils,KD Karthik,RG Sharma,IK Pathan,1,0,,,,,,,,,
598006,2013,2013-04-09,Wankhede Stadium,1,13.4,Mumbai Indians,Delhi Daredevils,RG Sharma,KD Karthik,IK Pathan,1,0,,,,,,,,,
598006,2013,2013-04-09,Wankhede Stadium,1,13.5,Mumbai Indians,Delhi Daredevils,KD Karthik,RG Sharma,IK Pathan,4,0,,,,,,,,,
598006,2013,2013-04-09,Wankhede Stadium,1,13.6,Mumbai Indians,Delhi Daredevils,KD Karthik,RG Sharma,IK Pathan,4,0,,,,,,,,,
598006,2013,2013-04-09,Wankhede Stadium,1,14.1,Mumbai Indians,Delhi Daredevils,RG Sharma,KD Karthik,M Morkel,4,0,,,,,,,,,
598006,2013,2013-04-09,Wankhede Stadium,1,14.2,Mumbai Indians,Delhi Daredevils,RG Sharma,KD Karthik,M Morkel,4,0,,,,,,,,,
598006,2013,2013-04-09,Wankhede Stadium,1,14.3,Mumbai Indians,Delhi Daredevils,RG Sharma,KD Karthik,M Morkel,1,0,,,,,,,,,
598006,2013,2013-04-09,Wankhede Stadium,1,14.4,Mumbai Indians,Delhi Daredevils,KD Karthik,RG Sharma,M Morkel,0,0,,,,,,caught,KD Karthik,,
598006,2013,2013-04-09,Wankhede Stadium,1,14.5,Mumbai Indians,Delhi Daredevils,KA Pollard,RG Sharma,M Morkel,1,0,,,,,,,,,
598006,2013,2013-04-09,Wankhede Stadium,1,14.6,Mumbai Indians,Delhi Daredevils,RG Sharma,KA Pollard,M Morkel,4,0,,,,,,,,,
598006,2013,2013-04-09,Wankhede Stadium,1,15.1,Mumbai Indians,Delhi Daredevils,KA Pollard,RG Sharma,UT Yadav,0,1,,,,1,,,,,
598006,2013,2013-04-09,Wankhede Stadium,1,15.2,Mumbai Indians,Delhi Daredevils,RG Sharma,KA Pollard,UT Yadav,0,0,,,,,,,,,
598006,2013,2013-04-09,Wankhede Stadium,1,15.3,Mumbai Indians,Delhi Daredevils,RG Sharma,KA Pollard,UT Yadav,1,0,,,,,,,,,
598006,2013,2013-04-09,Wankhede Stadium,1,15.4,Mumbai Indians,Delhi Daredevils,KA Pollard,RG Sharma,UT Yadav,0,1,1,,,,,,,,
598006,2013,2013-04-09,Wankhede Stadium,1,15.5,Mumbai Indians,Delhi Daredevils,KA Pollard,RG Sharma,UT Yadav,6,0,,,,,,,,,
598006,2013,2013-04-09,Wankhede Stadium,1,15.6,Mumbai Indians,Delhi Daredevils,KA Pollard,RG Sharma,UT Yadav,1,0,,,,,,,,,
598006,2013,2013-04-09,Wankhede Stadium,1,15.7,Mumbai Indians,Delhi Daredevils,RG Sharma,KA Pollard,UT Yadav,1,0,,,,,,,,,
598006,2013,2013-04-09,Wankhede Stadium,1,16.1,Mumbai Indians,Delhi Daredevils,RG Sharma,KA Pollard,M Morkel,4,0,,,,,,,,,
598006,2013,2013-04-09,Wankhede Stadium,1,16.2,Mumbai Indians,Delhi Daredevils,RG Sharma,KA Pollard,M Morkel,0,0,,,,,,,,,
598006,2013,2013-04-09,Wankhede Stadium,1,16.3,Mumbai Indians,Delhi Daredevils,RG Sharma,KA Pollard,M Morkel,1,0,,,,,,,,,
598006,2013,2013-04-09,Wankhede Stadium,1,16.4,Mumbai Indians,Delhi Daredevils,KA Pollard,RG Sharma,M Morkel,4,0,,,,,,,,,
598006,2013,2013-04-09,Wankhede Stadium,1,16.5,Mumbai Indians,Delhi Daredevils,KA Pollard,RG Sharma,M Morkel,1,0,,,,,,,,,
598006,2013,2013-04-09,Wankhede Stadium,1,16.6,Mumbai Indians,Delhi Daredevils,RG Sharma,KA Pollard,M Morkel,1,0,,,,,,,,,
598006,2013,2013-04-09,Wankhede Stadium,1,17.1,Mumbai Indians,Delhi Daredevils,RG Sharma,KA Pollard,A Nehra,2,0,,,,,,,,,
598006,2013,2013-04-09,Wankhede Stadium,1,17.2,Mumbai Indians,Delhi Daredevils,RG Sharma,KA Pollard,A Nehra,1,0,,,,,,,,,
598006,2013,2013-04-09,Wankhede Stadium,1,17.3,Mumbai Indians,Delhi Daredevils,KA Pollard,RG Sharma,A Nehra,0,0,,,,,,caught,KA Pollard,,
598006,2013,2013-04-09,Wankhede Stadium,1,17.4,Mumbai Indians,Delhi Daredevils,AT Rayudu,RG Sharma,A Nehra,2,0,,,,,,,,,
598006,2013,2013-04-09,Wankhede Stadium,1,17.5,Mumbai Indians,Delhi Daredevils,AT Rayudu,RG Sharma,A Nehra,1,0,,,,,,,,,
598006,2013,2013-04-09,Wankhede Stadium,1,17.6,Mumbai Indians,Delhi Daredevils,RG Sharma,AT Rayudu,A Nehra,1,0,,,,,,,,,
598006,2013,2013-04-09,Wankhede Stadium,1,18.1,Mumbai Indians,Delhi Daredevils,RG Sharma,AT Rayudu,IK Pathan,1,0,,,,,,,,,
598006,2013,2013-04-09,Wankhede Stadium,1,18.2,Mumbai Indians,Delhi Daredevils,AT Rayudu,RG Sharma,IK Pathan,4,0,,,,,,,,,
598006,2013,2013-04-09,Wankhede Stadium,1,18.3,Mumbai Indians,Delhi Daredevils,AT Rayudu,RG Sharma,IK Pathan,6,0,,,,,,,,,
598006,2013,2013-04-09,Wankhede Stadium,1,18.4,Mumbai Indians,Delhi Daredevils,AT Rayudu,RG Sharma,IK Pathan,4,0,,,,,,,,,
598006,2013,2013-04-09,Wankhede Stadium,1,18.5,Mumbai Indians,Delhi Daredevils,AT Rayudu,RG Sharma,IK Pathan,6,0,,,,,,,,,
598006,2013,2013-04-09,Wankhede Stadium,1,18.6,Mumbai Indians,Delhi Daredevils,AT Rayudu,RG Sharma,IK Pathan,1,0,,,,,,,,,
598006,2013,2013-04-09,Wankhede Stadium,1,19.1,Mumbai Indians,Delhi Daredevils,AT Rayudu,RG Sharma,A Nehra,0,0,,,,,,caught and bowled,AT Rayudu,,
598006,2013,2013-04-09,Wankhede Stadium,1,19.2,Mumbai Indians,Delhi Daredevils,RG Sharma,Harbhajan Singh,A Nehra,6,0,,,,,,,,,
598006,2013,2013-04-09,Wankhede Stadium,1,19.3,Mumbai Indians,Delhi Daredevils,RG Sharma,Harbhajan Singh,A Nehra,6,0,,,,,,,,,
598006,2013,2013-04-09,Wankhede Stadium,1,19.4,Mumbai Indians,Delhi Daredevils,RG Sharma,Harbhajan Singh,A Nehra,1,0,,,,,,,,,
598006,2013,2013-04-09,Wankhede Stadium,1,19.5,Mumbai Indians,Delhi Daredevils,Harbhajan Singh,RG Sharma,A Nehra,1,0,,,,,,,,,
598006,2013,2013-04-09,Wankhede Stadium,1,19.6,Mumbai Indians,Delhi Daredevils,RG Sharma,Harbhajan Singh,A Nehra,6,0,,,,,,,,,
598006,2013,2013-04-09,Wankhede Stadium,2,0.1,Delhi Daredevils,Mumbai Indians,UBT Chand,DA Warner,Harbhajan Singh,0,0,,,,,,caught,UBT Chand,,
598006,2013,2013-04-09,Wankhede Stadium,2,0.2,Delhi Daredevils,Mumbai Indians,DPMD Jayawardene,DA Warner,Harbhajan Singh,0,0,,,,,,,,,
598006,2013,2013-04-09,Wankhede Stadium,2,0.3,Delhi Daredevils,Mumbai Indians,DPMD Jayawardene,DA Warner,Harbhajan Singh,1,0,,,,,,,,,
598006,2013,2013-04-09,Wankhede Stadium,2,0.4,Delhi Daredevils,Mumbai Indians,DA Warner,DPMD Jayawardene,Harbhajan Singh,0,0,,,,,,,,,
598006,2013,2013-04-09,Wankhede Stadium,2,0.5,Delhi Daredevils,Mumbai Indians,DA Warner,DPMD Jayawardene,Harbhajan Singh,0,0,,,,,,,,,
598006,2013,2013-04-09,Wankhede Stadium,2,0.6,Delhi Daredevils,Mumbai Indians,DA Warner,DPMD Jayawardene,Harbhajan Singh,1,0,,,,,,,,,
598006,2013,2013-04-09,Wankhede Stadium,2,1.1,Delhi Daredevils,Mumbai Indians,DA Warner,DPMD Jayawardene,SL Malinga,0,0,,,,,,,,,
598006,2013,2013-04-09,Wankhede Stadium,2,1.2,Delhi Daredevils,Mumbai Indians,DA Warner,DPMD Jayawardene,SL Malinga,0,0,,,,,,,,,
598006,2013,2013-04-09,Wankhede Stadium,2,1.3,Delhi Daredevils,Mumbai Indians,DA Warner,DPMD Jayawardene,SL Malinga,0,0,,,,,,,,,
598006,2013,2013-04-09,Wankhede Stadium,2,1.4,Delhi Daredevils,Mumbai Indians,DA Warner,DPMD Jayawardene,SL Malinga,4,0,,,,,,,,,
598006,2013,2013-04-09,Wankhede Stadium,2,1.5,Delhi Daredevils,Mumbai Indians,DA Warner,DPMD Jayawardene,SL Malinga,0,0,,,,,,,,,
598006,2013,2013-04-09,Wankhede Stadium,2,1.6,Delhi Daredevils,Mumbai Indians,DA Warner,DPMD Jayawardene,SL Malinga,4,0,,,,,,,,,
598006,2013,2013-04-09,Wankhede Stadium,2,2.1,Delhi Daredevils,Mumbai Indians,DPMD Jayawardene,DA Warner,MG Johnson,0,0,,,,,,,,,
598006,2013,2013-04-09,Wankhede Stadium,2,2.2,Delhi Daredevils,Mumbai Indians,DPMD Jayawardene,DA Warner,MG Johnson,0,0,,,,,,,,,
598006,2013,2013-04-09,Wankhede Stadium,2,2.3,Delhi Daredevils,Mumbai Indians,DPMD Jayawardene,DA Warner,MG Johnson,2,0,,,,,,,,,
598006,2013,2013-04-09,Wankhede Stadium,2,2.4,Delhi Daredevils,Mumbai Indians,DPMD Jayawardene,DA Warner,MG Johnson,0,1,1,,,,,,,,
598006,2013,2013-04-09,Wankhede Stadium,2,2.5,Delhi Daredevils,Mumbai Indians,DPMD Jayawardene,DA Warner,MG Johnson,0,0,,,,,,caught,DPMD Jayawardene,,
598006,2013,2013-04-09,Wankhede Stadium,2,2.6,Delhi Daredevils,Mumbai Indians,MC Juneja,DA Warner,MG Johnson,4,0,,,,,,,,,
598006,2013,2013-04-09,Wankhede Stadium,2,2.7,Delhi Daredevils,Mumbai Indians,MC Juneja,DA Warner,MG Johnson,0,0,,,,,,,,,
598006,2013,2013-04-09,Wankhede Stadium,2,3.1,Delhi Daredevils,Mumbai Indians,DA Warner,MC Juneja,Harbhajan Singh,1,0,,,,,,,,,
598006,2013,2013-04-09,Wankhede Stadium,2,3.2,Delhi Daredevils,Mumbai Indians,MC Juneja,DA Warner,Harbhajan Singh,1,0,,,,,,,,,
598006,2013,2013-04-09,Wankhede Stadium,2,3.3,Delhi Daredevils,Mumbai Indians,DA Warner,MC Juneja,Harbhajan Singh,1,0,,,,,,,,,
598006,2013,2013-04-09,Wankhede Stadium,2,3.4,Delhi Daredevils,Mumbai Indians,MC Juneja,DA Warner,Harbhajan Singh,1,0,,,,,,,,,
598006,2013,2013-04-09,Wankhede Stadium,2,3.5,Delhi Daredevils,Mumbai Indians,DA Warner,MC Juneja,Harbhajan Singh,0,0,,,,,,,,,
598006,2013,2013-04-09,Wankhede Stadium,2,3.6,Delhi Daredevils,Mumbai Indians,DA Warner,MC Juneja,Harbhajan Singh,6,0,,,,,,,,,
598006,2013,2013-04-09,Wankhede Stadium,2,4.1,Delhi Daredevils,Mumbai Indians,MC Juneja,DA Warner,MG Johnson,4,0,,,,,,,,,
598006,2013,2013-04-09,Wankhede Stadium,2,4.2,Delhi Daredevils,Mumbai Indians,MC Juneja,DA Warner,MG Johnson,4,0,,,,,,,,,
598006,2013,2013-04-09,Wankhede Stadium,2,4.3,Delhi Daredevils,Mumbai Indians,MC Juneja,DA Warner,MG Johnson,1,0,,,,,,,,,
598006,2013,2013-04-09,Wankhede Stadium,2,4.4,Delhi Daredevils,Mumbai Indians,DA Warner,MC Juneja,MG Johnson,4,0,,,,,,,,,
598006,2013,2013-04-09,Wankhede Stadium,2,4.5,Delhi Daredevils,Mumbai Indians,DA Warner,MC Juneja,MG Johnson,2,0,,,,,,,,,
598006,2013,2013-04-09,Wankhede Stadium,2,4.6,Delhi Daredevils,Mumbai Indians,DA Warner,MC Juneja,MG Johnson,0,0,,,,,,,,,
598006,2013,2013-04-09,Wankhede Stadium,2,5.1,Delhi Daredevils,Mumbai Indians,MC Juneja,DA Warner,SL Malinga,0,0,,,,,,,,,
598006,2013,2013-04-09,Wankhede Stadium,2,5.2,Delhi Daredevils,Mumbai Indians,MC Juneja,DA Warner,SL Malinga,1,0,,,,,,,,,
598006,2013,2013-04-09,Wankhede Stadium,2,5.3,Delhi Daredevils,Mumbai Indians,DA Warner,MC Juneja,SL Malinga,0,0,,,,,,,,,
598006,2013,2013-04-09,Wankhede Stadium,2,5.4,Delhi Daredevils,Mumbai Indians,DA Warner,MC Juneja,SL Malinga,1,0,,,,,,,,,
598006,2013,2013-04-09,Wankhede Stadium,2,5.5,Delhi Daredevils,Mumbai Indians,MC Juneja,DA Warner,SL Malinga,0,1,,,1,,,,,,
598006,2013,2013-04-09,Wankhede Stadium,2,5.6,Delhi Daredevils,Mumbai Indians,DA Warner,MC Juneja,SL Malinga,1,0,,,,,,,,,
598006,2013,2013-04-09,Wankhede Stadium,2,6.1,Delhi Daredevils,Mumbai Indians,DA Warner,MC Juneja,PP Ojha,2,0,,,,,,,,,
598006,2013,2013-04-09,Wankhede Stadium,2,6.2,Delhi Daredevils,Mumbai Indians,DA Warner,MC Juneja,PP Ojha,1,0,,,,,,,,,
598006,2013,2013-04-09,Wankhede Stadium,2,6.3,Delhi Daredevils,Mumbai Indians,MC Juneja,DA Warner,PP Ojha,1,0,,,,,,,,,
598006,2013,2013-04-09,Wankhede Stadium,2,6.4,Delhi Daredevils,Mumbai Indians,DA Warner,MC Juneja,PP Ojha,6,0,,,,,,,,,
598006,2013,2013-04-09,Wankhede Stadium,2,6.5,Delhi Daredevils,Mumbai Indians,DA Warner,MC Juneja,PP Ojha,0,0,,,,,,,,,
598006,2013,2013-04-09,Wankhede Stadium,2,6.6,Delhi Daredevils,Mumbai Indians,DA Warner,MC Juneja,PP Ojha,1,0,,,,,,,,,
598006,2013,2013-04-09,Wankhede Stadium,2,7.1,Delhi Daredevils,Mumbai Indians,DA Warner,MC Juneja,KA Pollard,0,0,,,,,,,,,
598006,2013,2013-04-09,Wankhede Stadium,2,7.2,Delhi Daredevils,Mumbai Indians,DA Warner,MC Juneja,KA Pollard,1,0,,,,,,,,,
598006,2013,2013-04-09,Wankhede Stadium,2,7.3,Delhi Daredevils,Mumbai Indians,MC Juneja,DA Warner,KA Pollard,1,0,,,,,,,,,
598006,2013,2013-04-09,Wankhede Stadium,2,7.4,Delhi Daredevils,Mumbai Indians,DA Warner,MC Juneja,KA Pollard,1,0,,,,,,,,,
598006,2013,2013-04-09,Wankhede Stadium,2,7.5,Delhi Daredevils,Mumbai Indians,MC Juneja,DA Warner,KA Pollard,1,0,,,,,,,,,
598006,2013,2013-04-09,Wankhede Stadium,2,7.6,Delhi Daredevils,Mumbai Indians,DA Warner,MC Juneja,KA Pollard,0,0,,,,,,,,,
598006,2013,2013-04-09,Wankhede Stadium,2,8.1,Delhi Daredevils,Mumbai Indians,MC Juneja,DA Warner,Harbhajan Singh,0,0,,,,,,,,,
598006,2013,2013-04-09,Wankhede Stadium,2,8.2,Delhi Daredevils,Mumbai Indians,MC Juneja,DA Warner,Harbhajan Singh,1,0,,,,,,,,,
598006,2013,2013-04-09,Wankhede Stadium,2,8.3,Delhi Daredevils,Mumbai Indians,DA Warner,MC Juneja,Harbhajan Singh,1,0,,,,,,,,,
598006,2013,2013-04-09,Wankhede Stadium,2,8.4,Delhi Daredevils,Mumbai Indians,MC Juneja,DA Warner,Harbhajan Singh,4,0,,,,,,,,,
598006,2013,2013-04-09,Wankhede Stadium,2,8.5,Delhi Daredevils,Mumbai Indians,MC Juneja,DA Warner,Harbhajan Singh,1,0,,,,,,,,,
598006,2013,2013-04-09,Wankhede Stadium,2,8.6,Delhi Daredevils,Mumbai Indians,DA Warner,MC Juneja,Harbhajan Singh,1,0,,,,,,,,,
598006,2013,2013-04-09,Wankhede Stadium,2,9.1,Delhi Daredevils,Mumbai Indians,DA Warner,MC Juneja,KA Pollard,1,0,,,,,,,,,
598006,2013,2013-04-09,Wankhede Stadium,2,9.2,Delhi Daredevils,Mumbai Indians,MC Juneja,DA Warner,KA Pollard,1,0,,,,,,,,,
598006,2013,2013-04-09,Wankhede Stadium,2,9.3,Delhi Daredevils,Mumbai Indians,DA Warner,MC Juneja,KA Pollard,6,0,,,,,,,,,
598006,2013,2013-04-09,Wankhede Stadium,2,9.4,Delhi Daredevils,Mumbai Indians,DA Warner,MC Juneja,KA Pollard,1,0,,,,,,,,,
598006,2013,2013-04-09,Wankhede Stadium,2,9.5,Delhi Daredevils,Mumbai Indians,MC Juneja,DA Warner,KA Pollard,1,0,,,,,,,,,
598006,2013,2013-04-09,Wankhede Stadium,2,9.6,Delhi Daredevils,Mumbai Indians,DA Warner,MC Juneja,KA Pollard,0,1,1,,,,,,,,
598006,2013,2013-04-09,Wankhede Stadium,2,9.7,Delhi Daredevils,Mumbai Indians,DA Warner,MC Juneja,KA Pollard,4,0,,,,,,,,,
598006,2013,2013-04-09,Wankhede Stadium,2,10.1,Delhi Daredevils,Mumbai Indians,MC Juneja,DA Warner,MG Johnson,1,0,,,,,,,,,
598006,2013,2013-04-09,Wankhede Stadium,2,10.2,Delhi Daredevils,Mumbai Indians,DA Warner,MC Juneja,MG Johnson,4,0,,,,,,,,,
598006,2013,2013-04-09,Wankhede Stadium,2,10.3,Delhi Daredevils,Mumbai Indians,DA Warner,MC Juneja,MG Johnson,6,0,,,,,,,,,
598006,2013,2013-04-09,Wankhede Stadium,2,10.4,Delhi Daredevils,Mumbai Indians,DA Warner,MC Juneja,MG Johnson,0,0,,,,,,caught,DA Warner,,
598006,2013,2013-04-09,Wankhede Stadium,2,10.5,Delhi Daredevils,Mumbai Indians,MC Juneja,BMAJ Mendis,MG Johnson,2,0,,,,,,,,,
598006,2013,2013-04-09,Wankhede Stadium,2,10.6,Delhi Daredevils,Mumbai Indians,MC Juneja,BMAJ Mendis,MG Johnson,0,0,,,,,,,,,
598006,2013,2013-04-09,Wankhede Stadium,2,11.1,Delhi Daredevils,Mumbai Indians,BMAJ Mendis,MC Juneja,KA Pollard,0,0,,,,,,caught and bowled,BMAJ Mendis,,
598006,2013,2013-04-09,Wankhede Stadium,2,11.2,Delhi Daredevils,Mumbai Indians,IK Pathan,MC Juneja,KA Pollard,0,0,,,,,,,,,
598006,2013,2013-04-09,Wankhede Stadium,2,11.3,Delhi Daredevils,Mumbai Indians,IK Pathan,MC Juneja,KA Pollard,1,0,,,,,,,,,
598006,2013,2013-04-09,Wankhede Stadium,2,11.4,Delhi Daredevils,Mumbai Indians,MC Juneja,IK Pathan,KA Pollard,1,0,,,,,,,,,
598006,2013,2013-04-09,Wankhede Stadium,2,11.5,Delhi Daredevils,Mumbai Indians,IK Pathan,MC Juneja,KA Pollard,1,0,,,,,,,,,
598006,2013,2013-04-09,Wankhede Stadium,2,11.6,Delhi Daredevils,Mumbai Indians,MC Juneja,IK Pathan,KA Pollard,0,1,1,,,,,,,,
598006,2013,2013-04-09,Wankhede Stadium,2,11.7,Delhi Daredevils,Mumbai Indians,MC Juneja,IK Pathan,KA Pollard,1,0,,,,,,,,,
598006,2013,2013-04-09,Wankhede Stadium,2,12.1,Delhi Daredevils,Mumbai Indians,MC Juneja,IK Pathan,PP Ojha,0,1,,,,1,,,,,
598006,2013,2013-04-09,Wankhede Stadium,2,12.2,Delhi Daredevils,Mumbai Indians,IK Pathan,MC Juneja,PP Ojha,2,0,,,,,,,,,
598006,2013,2013-04-09,Wankhede Stadium,2,12.3,Delhi Daredevils,Mumbai Indians,IK Pathan,MC Juneja,PP Ojha,1,0,,,,,,,,,
598006,2013,2013-04-09,Wankhede Stadium,2,12.4,Delhi Daredevils,Mumbai Indians,MC Juneja,IK Pathan,PP Ojha,0,5,5,,,,,,,,
598006,2013,2013-04-09,Wankhede Stadium,2,12.5,Delhi Daredevils,Mumbai Indians,MC Juneja,IK Pathan,PP Ojha,0,0,,,,,,,,,
598006,2013,2013-04-09,Wankhede Stadium,2,12.6,Delhi Daredevils,Mumbai Indians,MC Juneja,IK Pathan,PP Ojha,1,0,,,,,,,,,
598006,2013,2013-04-09,Wankhede Stadium,2,12.7,Delhi Daredevils,Mumbai Indians,IK Pathan,MC Juneja,PP Ojha,1,0,,,,,,,,,
598006,2013,2013-04-09,Wankhede Stadium,2,13.1,Delhi Daredevils,Mumbai Indians,IK Pathan,MC Juneja,Harbhajan Singh,2,0,,,,,,,,,
598006,2013,2013-04-09,Wankhede Stadium,2,13.2,Delhi Daredevils,Mumbai Indians,IK Pathan,MC Juneja,Harbhajan Singh,1,0,,,,,,,,,
598006,2013,2013-04-09,Wankhede Stadium,2,13.3,Delhi Daredevils,Mumbai Indians,MC Juneja,IK Pathan,Harbhajan Singh,1,0,,,,,,,,,
598006,2013,2013-04-09,Wankhede Stadium,2,13.4,Delhi Daredevils,Mumbai Indians,IK Pathan,MC Juneja,Harbhajan Singh,0,0,,,,,,,,,
598006,2013,2013-04-09,Wankhede Stadium,2,13.5,Delhi Daredevils,Mumbai Indians,IK Pathan,MC Juneja,Harbhajan Singh,0,0,,,,,,,,,
598006,2013,2013-04-09,Wankhede Stadium,2,13.6,Delhi Daredevils,Mumbai Indians,IK Pathan,MC Juneja,Harbhajan Singh,1,0,,,,,,,,,
598006,2013,2013-04-09,Wankhede Stadium,2,14.1,Delhi Daredevils,Mumbai Indians,IK Pathan,MC Juneja,PP Ojha,0,0,,,,,,caught,IK Pathan,,
598006,2013,2013-04-09,Wankhede Stadium,2,14.2,Delhi Daredevils,Mumbai Indians,KM Jadhav,MC Juneja,PP Ojha,1,0,,,,,,,,,
598006,2013,2013-04-09,Wankhede Stadium,2,14.3,Delhi Daredevils,Mumbai Indians,MC Juneja,KM Jadhav,PP Ojha,4,0,,,,,,,,,
598006,2013,2013-04-09,Wankhede Stadium,2,14.4,Delhi Daredevils,Mumbai Indians,MC Juneja,KM Jadhav,PP Ojha,0,0,,,,,,,,,
598006,2013,2013-04-09,Wankhede Stadium,2,14.5,Delhi Daredevils,Mumbai Indians,MC Juneja,KM Jadhav,PP Ojha,2,0,,,,,,,,,
598006,2013,2013-04-09,Wankhede Stadium,2,14.6,Delhi Daredevils,Mumbai Indians,MC Juneja,KM Jadhav,PP Ojha,1,0,,,,,,,,,
598006,2013,2013-04-09,Wankhede Stadium,2,15.1,Delhi Daredevils,Mumbai Indians,MC Juneja,KM Jadhav,SL Malinga,1,0,,,,,,,,,
598006,2013,2013-04-09,Wankhede Stadium,2,15.2,Delhi Daredevils,Mumbai Indians,KM Jadhav,MC Juneja,SL Malinga,0,0,,,,,,caught and bowled,KM Jadhav,,
598006,2013,2013-04-09,Wankhede Stadium,2,15.3,Delhi Daredevils,Mumbai Indians,S Nadeem,MC Juneja,SL Malinga,1,0,,,,,,,,,
598006,2013,2013-04-09,Wankhede Stadium,2,15.4,Delhi Daredevils,Mumbai Indians,MC Juneja,S Nadeem,SL Malinga,0,0,,,,,,,,,
598006,2013,2013-04-09,Wankhede Stadium,2,15.5,Delhi Daredevils,Mumbai Indians,MC Juneja,S Nadeem,SL Malinga,0,0,,,,,,,,,
598006,2013,2013-04-09,Wankhede Stadium,2,15.6,Delhi Daredevils,Mumbai Indians,MC Juneja,S Nadeem,SL Malinga,4,0,,,,,,,,,
598006,2013,2013-04-09,Wankhede Stadium,2,16.1,Delhi Daredevils,Mumbai Indians,S Nadeem,MC Juneja,PP Ojha,1,0,,,,,,,,,
598006,2013,2013-04-09,Wankhede Stadium,2,16.2,Delhi Daredevils,Mumbai Indians,MC Juneja,S Nadeem,PP Ojha,1,0,,,,,,,,,
598006,2013,2013-04-09,Wankhede Stadium,2,16.3,Delhi Daredevils,Mumbai Indians,S Nadeem,MC Juneja,PP Ojha,0,0,,,,,,caught,S Nadeem,,
598006,2013,2013-04-09,Wankhede Stadium,2,16.4,Delhi Daredevils,Mumbai Indians,M Morkel,MC Juneja,PP Ojha,1,0,,,,,,,,,
598006,2013,2013-04-09,Wankhede Stadium,2,16.5,Delhi Daredevils,Mumbai Indians,MC Juneja,M Morkel,PP Ojha,1,0,,,,,,,,,
598006,2013,2013-04-09,Wankhede Stadium,2,16.6,Delhi Daredevils,Mumbai Indians,M Morkel,MC Juneja,PP Ojha,1,0,,,,,,,,,
598006,2013,2013-04-09,Wankhede Stadium,2,17.1,Delhi Daredevils,Mumbai Indians,M Morkel,MC Juneja,SL Malinga,1,0,,,,,,,,,
598006,2013,2013-04-09,Wankhede Stadium,2,17.2,Delhi Daredevils,Mumbai Indians,MC Juneja,M Morkel,SL Malinga,1,0,,,,,,,,,
598006,2013,2013-04-09,Wankhede Stadium,2,17.3,Delhi Daredevils,Mumbai Indians,M Morkel,MC Juneja,SL Malinga,1,0,,,,,,,,,
598006,2013,2013-04-09,Wankhede Stadium,2,17.4,Delhi Daredevils,Mumbai Indians,MC Juneja,M Morkel,SL Malinga,0,0,,,,,,run out,MC Juneja,,
598006,2013,2013-04-09,Wankhede Stadium,2,17.5,Delhi Daredevils,Mumbai Indians,A Nehra,M Morkel,SL Malinga,0,0,,,,,,,,,
598006,2013,2013-04-09,Wankhede Stadium,2,17.6,Delhi Daredevils,Mumbai Indians,A Nehra,M Morkel,SL Malinga,0,0,,,,,,,,,
598006,2013,2013-04-09,Wankhede Stadium,2,18.1,Delhi Daredevils,Mumbai Indians,M Morkel,A Nehra,MG Johnson,4,0,,,,,,,,,
598006,2013,2013-04-09,Wankhede Stadium,2,18.2,Delhi Daredevils,Mumbai Indians,M Morkel,A Nehra,MG Johnson,4,0,,,,,,,,,
598006,2013,2013-04-09,Wankhede Stadium,2,18.3,Delhi Daredevils,Mumbai Indians,M Morkel,A Nehra,MG Johnson,4,0,,,,,,,,,
598006,2013,2013-04-09,Wankhede Stadium,2,18.4,Delhi Daredevils,Mumbai Indians,M Morkel,A Nehra,MG Johnson,1,0,,,,,,,,,
598006,2013,2013-04-09,Wankhede Stadium,2,18.5,Delhi Daredevils,Mumbai Indians,A Nehra,M Morkel,MG Johnson,0,0,,,,,,,,,
598006,2013,2013-04-09,Wankhede Stadium,2,18.6,Delhi Daredevils,Mumbai Indians,A Nehra,M Morkel,MG Johnson,1,0,,,,,,,,,
598006,2013,2013-04-09,Wankhede Stadium,2,19.1,Delhi Daredevils,Mumbai Indians,A Nehra,M Morkel,KA Pollard,0,0,,,,,,caught,A Nehra,,
598006,2013,2013-04-09,Wankhede Stadium,2,19.2,Delhi Daredevils,Mumbai Indians,UT Yadav,M Morkel,KA Pollard,0,0,,,,,,,,,
598006,2013,2013-04-09,Wankhede Stadium,2,19.3,Delhi Daredevils,Mumbai Indians,UT Yadav,M Morkel,KA Pollard,4,0,,,,,,,,,
598006,2013,2013-04-09,Wankhede Stadium,2,19.4,Delhi Daredevils,Mumbai Indians,UT Yadav,M Morkel,KA Pollard,0,0,,,,,,,,,
598006,2013,2013-04-09,Wankhede Stadium,2,19.5,Delhi Daredevils,Mumbai Indians,UT Yadav,M Morkel,KA Pollard,1,0,,,,,,,,,
598006,2013,2013-04-09,Wankhede Stadium,2,19.6,Delhi Daredevils,Mumbai Indians,M Morkel,UT Yadav,KA Pollard,6,0,,,,,,,,,
