match_id,season,start_date,venue,innings,ball,batting_team,bowling_team,striker,non_striker,bowler,runs_off_bat,extras,wides,noballs,byes,legbyes,penalty,wicket_type,player_dismissed,other_wicket_type,other_player_dismissed
598067,2013,2013-05-19,Subrata Roy Sahara Stadium,1,0.1,Pune Warriors,Delhi Daredevils,RV Uthappa,AJ Finch,IK Pathan,0,0,,,,,,,,,
598067,2013,2013-05-19,Subrata Roy Sahara Stadium,1,0.2,Pune Warriors,Delhi Daredevils,RV Uthappa,AJ Finch,IK Pathan,2,0,,,,,,,,,
598067,2013,2013-05-19,Subrata Roy Sahara Stadium,1,0.3,Pune Warriors,Delhi Daredevils,RV Uthappa,AJ Finch,IK Pathan,4,0,,,,,,,,,
598067,2013,2013-05-19,Subrata Roy Sahara Stadium,1,0.4,Pune Warriors,Delhi Daredevils,RV Uthappa,AJ Finch,IK Pathan,0,0,,,,,,,,,
598067,2013,2013-05-19,Subrata Roy Sahara Stadium,1,0.5,Pune Warriors,Delhi Daredevils,RV Uthappa,AJ Finch,IK Pathan,1,0,,,,,,,,,
598067,2013,2013-05-19,Subrata Roy Sahara Stadium,1,0.6,Pune Warriors,Delhi Daredevils,AJ Finch,RV Uthappa,IK Pathan,4,0,,,,,,,,,
598067,2013,2013-05-19,Subrata Roy Sahara Stadium,1,1.1,Pune Warriors,Delhi Daredevils,RV Uthappa,AJ Finch,M Morkel,0,0,,,,,,,,,
598067,2013,2013-05-19,Subrata Roy Sahara Stadium,1,1.2,Pune Warriors,Delhi Daredevils,RV Uthappa,AJ Finch,M Morkel,3,0,,,,,,,,,
598067,2013,2013-05-19,Subrata Roy Sahara Stadium,1,1.3,Pune Warriors,Delhi Daredevils,AJ Finch,RV Uthappa,M Morkel,1,0,,,,,,,,,
598067,2013,2013-05-19,Subrata Roy Sahara Stadium,1,1.4,Pune Warriors,Delhi Daredevils,RV Uthappa,AJ Finch,M Morkel,1,0,,,,,,,,,
598067,2013,2013-05-19,Subrata Roy Sahara Stadium,1,1.5,Pune Warriors,Delhi Daredevils,AJ Finch,RV Uthappa,M Morkel,0,0,,,,,,,,,
598067,2013,2013-05-19,Subrata Roy Sahara Stadium,1,1.6,Pune Warriors,Delhi Daredevils,AJ Finch,RV Uthappa,M Morkel,0,0,,,,,,,,,
598067,2013,2013-05-19,Subrata Roy Sahara Stadium,1,2.1,Pune Warriors,Delhi Daredevils,RV Uthappa,AJ Finch,S Kaul,1,0,,,,,,,,,
598067,2013,2013-05-19,Subrata Roy Sahara Stadium,1,2.2,Pune Warriors,Delhi Daredevils,AJ Finch,RV Uthappa,S Kaul,0,0,,,,,,,,,
598067,2013,2013-05-19,Subrata Roy Sahara Stadium,1,2.3,Pune Warriors,Delhi Daredevils,AJ Finch,RV Uthappa,S Kaul,1,0,,,,,,,,,
598067,2013,2013-05-19,Subrata Roy Sahara Stadium,1,2.4,Pune Warriors,Delhi Daredevils,RV Uthappa,AJ Finch,S Kaul,1,0,,,,,,,,,
598067,2013,2013-05-19,Subrata Roy Sahara Stadium,1,2.5,Pune Warriors,Delhi Daredevils,AJ Finch,RV Uthappa,S Kaul,6,0,,,,,,,,,
598067,2013,2013-05-19,Subrata Roy Sahara Stadium,1,2.6,Pune Warriors,Delhi Daredevils,AJ Finch,RV Uthappa,S Kaul,0,0,,,,,,,,,
598067,2013,2013-05-19,Subrata Roy Sahara Stadium,1,3.1,Pune Warriors,Delhi Daredevils,RV Uthappa,AJ Finch,M Morkel,4,0,,,,,,,,,
598067,2013,2013-05-19,Subrata Roy Sahara Stadium,1,3.2,Pune Warriors,Delhi Daredevils,RV Uthappa,AJ Finch,M Morkel,1,0,,,,,,,,,
598067,2013,2013-05-19,Subrata Roy Sahara Stadium,1,3.3,Pune Warriors,Delhi Daredevils,AJ Finch,RV Uthappa,M Morkel,0,0,,,,,,,,,
598067,2013,2013-05-19,Subrata Roy Sahara Stadium,1,3.4,Pune Warriors,Delhi Daredevils,AJ Finch,RV Uthappa,M Morkel,0,0,,,,,,,,,
598067,2013,2013-05-19,Subrata Roy Sahara Stadium,1,3.5,Pune Warriors,Delhi Daredevils,AJ Finch,RV Uthappa,M Morkel,1,0,,,,,,,,,
598067,2013,2013-05-19,Subrata Roy Sahara Stadium,1,3.6,Pune Warriors,Delhi Daredevils,RV Uthappa,AJ Finch,M Morkel,1,0,,,,,,,,,
598067,2013,2013-05-19,Subrata Roy Sahara Stadium,1,4.1,Pune Warriors,Delhi Daredevils,RV Uthappa,AJ Finch,S Kaul,0,0,,,,,,,,,
598067,2013,2013-05-19,Subrata Roy Sahara Stadium,1,4.2,Pune Warriors,Delhi Daredevils,RV Uthappa,AJ Finch,S Kaul,0,0,,,,,,,,,
598067,2013,2013-05-19,Subrata Roy Sahara Stadium,1,4.3,Pune Warriors,Delhi Daredevils,RV Uthappa,AJ Finch,S Kaul,0,0,,,,,,,,,
598067,2013,2013-05-19,Subrata Roy Sahara Stadium,1,4.4,Pune Warriors,Delhi Daredevils,RV Uthappa,AJ Finch,S Kaul,0,0,,,,,,,,,
598067,2013,2013-05-19,Subrata Roy Sahara Stadium,1,4.5,Pune Warriors,Delhi Daredevils,RV Uthappa,AJ Finch,S Kaul,4,0,,,,,,,,,
598067,2013,2013-05-19,Subrata Roy Sahara Stadium,1,4.6,Pune Warriors,Delhi Daredevils,RV Uthappa,AJ Finch,S Kaul,1,0,,,,,,,,,
598067,2013,2013-05-19,Subrata Roy Sahara Stadium,1,5.1,Pune Warriors,Delhi Daredevils,RV Uthappa,AJ Finch,UT Yadav,0,1,1,,,,,,,,
598067,2013,2013-05-19,Subrata Roy Sahara Stadium,1,5.2,Pune Warriors,Delhi Daredevils,RV Uthappa,AJ Finch,UT Yadav,0,0,,,,,,caught,RV Uthappa,,
598067,2013,2013-05-19,Subrata Roy Sahara Stadium,1,5.3,Pune Warriors,Delhi Daredevils,MK Pandey,AJ Finch,UT Yadav,0,0,,,,,,,,,
598067,2013,2013-05-19,Subrata Roy Sahara Stadium,1,5.4,Pune Warriors,Delhi Daredevils,MK Pandey,AJ Finch,UT Yadav,1,0,,,,,,,,,
598067,2013,2013-05-19,Subrata Roy Sahara Stadium,1,5.5,Pune Warriors,Delhi Daredevils,AJ Finch,MK Pandey,UT Yadav,0,1,,,,1,,,,,
598067,2013,2013-05-19,Subrata Roy Sahara Stadium,1,5.6,Pune Warriors,Delhi Daredevils,MK Pandey,AJ Finch,UT Yadav,0,0,,,,,,,,,
598067,2013,2013-05-19,Subrata Roy Sahara Stadium,1,5.7,Pune Warriors,Delhi Daredevils,MK Pandey,AJ Finch,UT Yadav,0,0,,,,,,,,,
598067,2013,2013-05-19,Subrata Roy Sahara Stadium,1,6.1,Pune Warriors,Delhi Daredevils,AJ Finch,MK Pandey,IK Pathan,1,0,,,,,,,,,
598067,2013,2013-05-19,Subrata Roy Sahara Stadium,1,6.2,Pune Warriors,Delhi Daredevils,MK Pandey,AJ Finch,IK Pathan,0,0,,,,,,,,,
598067,2013,2013-05-19,Subrata Roy Sahara Stadium,1,6.3,Pune Warriors,Delhi Daredevils,MK Pandey,AJ Finch,IK Pathan,0,0,,,,,,,,,
598067,2013,2013-05-19,Subrata Roy Sahara Stadium,1,6.4,Pune Warriors,Delhi Daredevils,MK Pandey,AJ Finch,IK Pathan,0,0,,,,,,,,,
598067,2013,2013-05-19,Subrata Roy Sahara Stadium,1,6.5,Pune Warriors,Delhi Daredevils,MK Pandey,AJ Finch,IK Pathan,6,0,,,,,,,,,
598067,2013,2013-05-19,Subrata Roy Sahara Stadium,1,6.6,Pune Warriors,Delhi Daredevils,MK Pandey,AJ Finch,IK Pathan,0,1,,,,1,,,,,
598067,2013,2013-05-19,Subrata Roy Sahara Stadium,1,7.1,Pune Warriors,Delhi Daredevils,MK Pandey,AJ Finch,S Nadeem,1,0,,,,,,,,,
598067,2013,2013-05-19,Subrata Roy Sahara Stadium,1,7.2,Pune Warriors,Delhi Daredevils,AJ Finch,MK Pandey,S Nadeem,0,0,,,,,,,,,
598067,2013,2013-05-19,Subrata Roy Sahara Stadium,1,7.3,Pune Warriors,Delhi Daredevils,AJ Finch,MK Pandey,S Nadeem,2,0,,,,,,,,,
598067,2013,2013-05-19,Subrata Roy Sahara Stadium,1,7.4,Pune Warriors,Delhi Daredevils,AJ Finch,MK Pandey,S Nadeem,1,0,,,,,,,,,
598067,2013,2013-05-19,Subrata Roy Sahara Stadium,1,7.5,Pune Warriors,Delhi Daredevils,MK Pandey,AJ Finch,S Nadeem,1,0,,,,,,,,,
598067,2013,2013-05-19,Subrata Roy Sahara Stadium,1,7.6,Pune Warriors,Delhi Daredevils,AJ Finch,MK Pandey,S Nadeem,1,0,,,,,,,,,
598067,2013,2013-05-19,Subrata Roy Sahara Stadium,1,8.1,Pune Warriors,Delhi Daredevils,AJ Finch,MK Pandey,UT Yadav,6,0,,,,,,,,,
598067,2013,2013-05-19,Subrata Roy Sahara Stadium,1,8.2,Pune Warriors,Delhi Daredevils,AJ Finch,MK Pandey,UT Yadav,0,0,,,,,,,,,
598067,2013,2013-05-19,Subrata Roy Sahara Stadium,1,8.3,Pune Warriors,Delhi Daredevils,AJ Finch,MK Pandey,UT Yadav,6,0,,,,,,,,,
598067,2013,2013-05-19,Subrata Roy Sahara Stadium,1,8.4,Pune Warriors,Delhi Daredevils,AJ Finch,MK Pandey,UT Yadav,4,0,,,,,,,,,
598067,2013,2013-05-19,Subrata Roy Sahara Stadium,1,8.5,Pune Warriors,Delhi Daredevils,AJ Finch,MK Pandey,UT Yadav,1,0,,,,,,,,,
598067,2013,2013-05-19,Subrata Roy Sahara Stadium,1,8.6,Pune Warriors,Delhi Daredevils,MK Pandey,AJ Finch,UT Yadav,0,0,,,,,,,,,
598067,2013,2013-05-19,Subrata Roy Sahara Stadium,1,9.1,Pune Warriors,Delhi Daredevils,AJ Finch,MK Pandey,S Nadeem,1,0,,,,,,,,,
598067,2013,2013-05-19,Subrata Roy Sahara Stadium,1,9.2,Pune Warriors,Delhi Daredevils,MK Pandey,AJ Finch,S Nadeem,1,0,,,,,,,,,
598067,2013,2013-05-19,Subrata Roy Sahara Stadium,1,9.3,Pune Warriors,Delhi Daredevils,AJ Finch,MK Pandey,S Nadeem,1,0,,,,,,,,,
598067,2013,2013-05-19,Subrata Roy Sahara Stadium,1,9.4,Pune Warriors,Delhi Daredevils,MK Pandey,AJ Finch,S Nadeem,0,0,,,,,,bowled,MK Pandey,,
598067,2013,2013-05-19,Subrata Roy Sahara Stadium,1,9.5,Pune Warriors,Delhi Daredevils,Yuvraj Singh,AJ Finch,S Nadeem,0,0,,,,,,,,,
598067,2013,2013-05-19,Subrata Roy Sahara Stadium,1,9.6,Pune Warriors,Delhi Daredevils,Yuvraj Singh,AJ Finch,S Nadeem,0,0,,,,,,,,,
598067,2013,2013-05-19,Subrata Roy Sahara Stadium,1,10.1,Pune Warriors,Delhi Daredevils,AJ Finch,Yuvraj Singh,IK Pathan,0,0,,,,,,,,,
598067,2013,2013-05-19,Subrata Roy Sahara Stadium,1,10.2,Pune Warriors,Delhi Daredevils,AJ Finch,Yuvraj Singh,IK Pathan,6,0,,,,,,,,,
598067,2013,2013-05-19,Subrata Roy Sahara Stadium,1,10.3,Pune Warriors,Delhi Daredevils,AJ Finch,Yuvraj Singh,IK Pathan,0,0,,,,,,,,,
598067,2013,2013-05-19,Subrata Roy Sahara Stadium,1,10.4,Pune Warriors,Delhi Daredevils,AJ Finch,Yuvraj Singh,IK Pathan,0,0,,,,,,,,,
598067,2013,2013-05-19,Subrata Roy Sahara Stadium,1,10.5,Pune Warriors,Delhi Daredevils,AJ Finch,Yuvraj Singh,IK Pathan,2,0,,,,,,,,,
598067,2013,2013-05-19,Subrata Roy Sahara Stadium,1,10.6,Pune Warriors,Delhi Daredevils,AJ Finch,Yuvraj Singh,IK Pathan,4,0,,,,,,,,,
598067,2013,2013-05-19,Subrata Roy Sahara Stadium,1,11.1,Pune Warriors,Delhi Daredevils,Yuvraj Singh,AJ Finch,S Kaul,1,0,,,,,,,,,
598067,2013,2013-05-19,Subrata Roy Sahara Stadium,1,11.2,Pune Warriors,Delhi Daredevils,AJ Finch,Yuvraj Singh,S Kaul,1,0,,,,,,,,,
598067,2013,2013-05-19,Subrata Roy Sahara Stadium,1,11.3,Pune Warriors,Delhi Daredevils,Yuvraj Singh,AJ Finch,S Kaul,1,0,,,,,,,,,
598067,2013,2013-05-19,Subrata Roy Sahara Stadium,1,11.4,Pune Warriors,Delhi Daredevils,AJ Finch,Yuvraj Singh,S Kaul,2,0,,,,,,,,,
598067,2013,2013-05-19,Subrata Roy Sahara Stadium,1,11.5,Pune Warriors,Delhi Daredevils,AJ Finch,Yuvraj Singh,S Kaul,0,0,,,,,,,,,
598067,2013,2013-05-19,Subrata Roy Sahara Stadium,1,11.6,Pune Warriors,Delhi Daredevils,AJ Finch,Yuvraj Singh,S Kaul,0,0,,,,,,caught,AJ Finch,,
598067,2013,2013-05-19,Subrata Roy Sahara Stadium,1,12.1,Pune Warriors,Delhi Daredevils,Yuvraj Singh,AD Mathews,S Nadeem,1,0,,,,,,,,,
598067,2013,2013-05-19,Subrata Roy Sahara Stadium,1,12.2,Pune Warriors,Delhi Daredevils,AD Mathews,Yuvraj Singh,S Nadeem,0,0,,,,,,,,,
598067,2013,2013-05-19,Subrata Roy Sahara Stadium,1,12.3,Pune Warriors,Delhi Daredevils,AD Mathews,Yuvraj Singh,S Nadeem,0,0,,,,,,,,,
598067,2013,2013-05-19,Subrata Roy Sahara Stadium,1,12.4,Pune Warriors,Delhi Daredevils,AD Mathews,Yuvraj Singh,S Nadeem,0,0,,,,,,,,,
598067,2013,2013-05-19,Subrata Roy Sahara Stadium,1,12.5,Pune Warriors,Delhi Daredevils,AD Mathews,Yuvraj Singh,S Nadeem,1,0,,,,,,,,,
598067,2013,2013-05-19,Subrata Roy Sahara Stadium,1,12.6,Pune Warriors,Delhi Daredevils,Yuvraj Singh,AD Mathews,S Nadeem,0,0,,,,,,,,,
598067,2013,2013-05-19,Subrata Roy Sahara Stadium,1,13.1,Pune Warriors,Delhi Daredevils,AD Mathews,Yuvraj Singh,IK Pathan,2,0,,,,,,,,,
598067,2013,2013-05-19,Subrata Roy Sahara Stadium,1,13.2,Pune Warriors,Delhi Daredevils,AD Mathews,Yuvraj Singh,IK Pathan,1,0,,,,,,,,,
598067,2013,2013-05-19,Subrata Roy Sahara Stadium,1,13.3,Pune Warriors,Delhi Daredevils,Yuvraj Singh,AD Mathews,IK Pathan,0,0,,,,,,caught,Yuvraj Singh,,
598067,2013,2013-05-19,Subrata Roy Sahara Stadium,1,13.4,Pune Warriors,Delhi Daredevils,AD Mathews,LJ Wright,IK Pathan,1,0,,,,,,,,,
598067,2013,2013-05-19,Subrata Roy Sahara Stadium,1,13.5,Pune Warriors,Delhi Daredevils,LJ Wright,AD Mathews,IK Pathan,0,0,,,,,,,,,
598067,2013,2013-05-19,Subrata Roy Sahara Stadium,1,13.6,Pune Warriors,Delhi Daredevils,LJ Wright,AD Mathews,IK Pathan,0,0,,,,,,,,,
598067,2013,2013-05-19,Subrata Roy Sahara Stadium,1,14.1,Pune Warriors,Delhi Daredevils,AD Mathews,LJ Wright,S Nadeem,1,0,,,,,,,,,
598067,2013,2013-05-19,Subrata Roy Sahara Stadium,1,14.2,Pune Warriors,Delhi Daredevils,LJ Wright,AD Mathews,S Nadeem,4,0,,,,,,,,,
598067,2013,2013-05-19,Subrata Roy Sahara Stadium,1,14.3,Pune Warriors,Delhi Daredevils,LJ Wright,AD Mathews,S Nadeem,1,0,,,,,,,,,
598067,2013,2013-05-19,Subrata Roy Sahara Stadium,1,14.4,Pune Warriors,Delhi Daredevils,AD Mathews,LJ Wright,S Nadeem,1,0,,,,,,,,,
598067,2013,2013-05-19,Subrata Roy Sahara Stadium,1,14.5,Pune Warriors,Delhi Daredevils,LJ Wright,AD Mathews,S Nadeem,0,1,1,,,,,,,,
598067,2013,2013-05-19,Subrata Roy Sahara Stadium,1,14.6,Pune Warriors,Delhi Daredevils,LJ Wright,AD Mathews,S Nadeem,1,0,,,,,,,,,
598067,2013,2013-05-19,Subrata Roy Sahara Stadium,1,14.7,Pune Warriors,Delhi Daredevils,AD Mathews,LJ Wright,S Nadeem,1,0,,,,,,,,,
598067,2013,2013-05-19,Subrata Roy Sahara Stadium,1,15.1,Pune Warriors,Delhi Daredevils,AD Mathews,LJ Wright,M Morkel,6,0,,,,,,,,,
598067,2013,2013-05-19,Subrata Roy Sahara Stadium,1,15.2,Pune Warriors,Delhi Daredevils,AD Mathews,LJ Wright,M Morkel,1,0,,,,,,,,,
598067,2013,2013-05-19,Subrata Roy Sahara Stadium,1,15.3,Pune Warriors,Delhi Daredevils,LJ Wright,AD Mathews,M Morkel,1,0,,,,,,,,,
598067,2013,2013-05-19,Subrata Roy Sahara Stadium,1,15.4,Pune Warriors,Delhi Daredevils,AD Mathews,LJ Wright,M Morkel,1,0,,,,,,,,,
598067,2013,2013-05-19,Subrata Roy Sahara Stadium,1,15.5,Pune Warriors,Delhi Daredevils,LJ Wright,AD Mathews,M Morkel,4,0,,,,,,,,,
598067,2013,2013-05-19,Subrata Roy Sahara Stadium,1,15.6,Pune Warriors,Delhi Daredevils,LJ Wright,AD Mathews,M Morkel,1,0,,,,,,,,,
598067,2013,2013-05-19,Subrata Roy Sahara Stadium,1,16.1,Pune Warriors,Delhi Daredevils,LJ Wright,AD Mathews,UT Yadav,1,0,,,,,,,,,
598067,2013,2013-05-19,Subrata Roy Sahara Stadium,1,16.2,Pune Warriors,Delhi Daredevils,AD Mathews,LJ Wright,UT Yadav,1,0,,,,,,,,,
598067,2013,2013-05-19,Subrata Roy Sahara Stadium,1,16.3,Pune Warriors,Delhi Daredevils,LJ Wright,AD Mathews,UT Yadav,1,0,,,,,,,,,
598067,2013,2013-05-19,Subrata Roy Sahara Stadium,1,16.4,Pune Warriors,Delhi Daredevils,AD Mathews,LJ Wright,UT Yadav,1,0,,,,,,,,,
598067,2013,2013-05-19,Subrata Roy Sahara Stadium,1,16.5,Pune Warriors,Delhi Daredevils,LJ Wright,AD Mathews,UT Yadav,4,0,,,,,,,,,
598067,2013,2013-05-19,Subrata Roy Sahara Stadium,1,16.6,Pune Warriors,Delhi Daredevils,LJ Wright,AD Mathews,UT Yadav,1,0,,,,,,,,,
598067,2013,2013-05-19,Subrata Roy Sahara Stadium,1,17.1,Pune Warriors,Delhi Daredevils,LJ Wright,AD Mathews,M Morkel,1,0,,,,,,,,,
598067,2013,2013-05-19,Subrata Roy Sahara Stadium,1,17.2,Pune Warriors,Delhi Daredevils,AD Mathews,LJ Wright,M Morkel,1,0,,,,,,,,,
598067,2013,2013-05-19,Subrata Roy Sahara Stadium,1,17.3,Pune Warriors,Delhi Daredevils,LJ Wright,AD Mathews,M Morkel,0,0,,,,,,,,,
598067,2013,2013-05-19,Subrata Roy Sahara Stadium,1,17.4,Pune Warriors,Delhi Daredevils,LJ Wright,AD Mathews,M Morkel,0,0,,,,,,,,,
598067,2013,2013-05-19,Subrata Roy Sahara Stadium,1,17.5,Pune Warriors,Delhi Daredevils,LJ Wright,AD Mathews,M Morkel,4,0,,,,,,,,,
598067,2013,2013-05-19,Subrata Roy Sahara Stadium,1,17.6,Pune Warriors,Delhi Daredevils,LJ Wright,AD Mathews,M Morkel,4,0,,,,,,,,,
598067,2013,2013-05-19,Subrata Roy Sahara Stadium,1,18.1,Pune Warriors,Delhi Daredevils,AD Mathews,LJ Wright,UT Yadav,6,0,,,,,,,,,
598067,2013,2013-05-19,Subrata Roy Sahara Stadium,1,18.2,Pune Warriors,Delhi Daredevils,AD Mathews,LJ Wright,UT Yadav,1,0,,,,,,,,,
598067,2013,2013-05-19,Subrata Roy Sahara Stadium,1,18.3,Pune Warriors,Delhi Daredevils,LJ Wright,AD Mathews,UT Yadav,6,0,,,,,,,,,
598067,2013,2013-05-19,Subrata Roy Sahara Stadium,1,18.4,Pune Warriors,Delhi Daredevils,LJ Wright,AD Mathews,UT Yadav,4,1,,1,,,,,,,
598067,2013,2013-05-19,Subrata Roy Sahara Stadium,1,18.5,Pune Warriors,Delhi Daredevils,LJ Wright,AD Mathews,UT Yadav,4,0,,,,,,,,,
598067,2013,2013-05-19,Subrata Roy Sahara Stadium,1,18.6,Pune Warriors,Delhi Daredevils,LJ Wright,AD Mathews,UT Yadav,1,0,,,,,,,,,
598067,2013,2013-05-19,Subrata Roy Sahara Stadium,1,18.7,Pune Warriors,Delhi Daredevils,AD Mathews,LJ Wright,UT Yadav,1,0,,,,,,,,,
598067,2013,2013-05-19,Subrata Roy Sahara Stadium,1,19.1,Pune Warriors,Delhi Daredevils,AD Mathews,LJ Wright,S Kaul,1,0,,,,,,,,,
598067,2013,2013-05-19,Subrata Roy Sahara Stadium,1,19.2,Pune Warriors,Delhi Daredevils,LJ Wright,AD Mathews,S Kaul,1,0,,,,,,,,,
598067,2013,2013-05-19,Subrata Roy Sahara Stadium,1,19.3,Pune Warriors,Delhi Daredevils,AD Mathews,LJ Wright,S Kaul,1,0,,,,,,,,,
598067,2013,2013-05-19,Subrata Roy Sahara Stadium,1,19.4,Pune Warriors,Delhi Daredevils,LJ Wright,AD Mathews,S Kaul,0,0,,,,,,caught,LJ Wright,,
598067,2013,2013-05-19,Subrata Roy Sahara Stadium,1,19.5,Pune Warriors,Delhi Daredevils,AD Mathews,RV Gomez,S Kaul,1,0,,,,,,,,,
598067,2013,2013-05-19,Subrata Roy Sahara Stadium,1,19.6,Pune Warriors,Delhi Daredevils,RV Gomez,AD Mathews,S Kaul,4,0,,,,,,,,,
598067,2013,2013-05-19,Subrata Roy Sahara Stadium,2,0.1,Delhi Daredevils,Pune Warriors,DPMD Jayawardene,DA Warner,WD Parnell,0,5,5,,,,,,,,
598067,2013,2013-05-19,Subrata Roy Sahara Stadium,2,0.2,Delhi Daredevils,Pune Warriors,DPMD Jayawardene,DA Warner,WD Parnell,1,0,,,,,,,,,
598067,2013,2013-05-19,Subrata Roy Sahara Stadium,2,0.3,Delhi Daredevils,Pune Warriors,DA Warner,DPMD Jayawardene,WD Parnell,0,1,1,,,,,,,,
598067,2013,2013-05-19,Subrata Roy Sahara Stadium,2,0.4,Delhi Daredevils,Pune Warriors,DA Warner,DPMD Jayawardene,WD Parnell,1,0,,,,,,,,,
598067,2013,2013-05-19,Subrata Roy Sahara Stadium,2,0.5,Delhi Daredevils,Pune Warriors,DPMD Jayawardene,DA Warner,WD Parnell,4,0,,,,,,,,,
598067,2013,2013-05-19,Subrata Roy Sahara Stadium,2,0.6,Delhi Daredevils,Pune Warriors,DPMD Jayawardene,DA Warner,WD Parnell,0,0,,,,,,,,,
598067,2013,2013-05-19,Subrata Roy Sahara Stadium,2,0.7,Delhi Daredevils,Pune Warriors,DPMD Jayawardene,DA Warner,WD Parnell,0,0,,,,,,,,,
598067,2013,2013-05-19,Subrata Roy Sahara Stadium,2,0.8,Delhi Daredevils,Pune Warriors,DPMD Jayawardene,DA Warner,WD Parnell,0,0,,,,,,,,,
598067,2013,2013-05-19,Subrata Roy Sahara Stadium,2,1.1,Delhi Daredevils,Pune Warriors,DA Warner,DPMD Jayawardene,B Kumar,0,0,,,,,,,,,
598067,2013,2013-05-19,Subrata Roy Sahara Stadium,2,1.2,Delhi Daredevils,Pune Warriors,DA Warner,DPMD Jayawardene,B Kumar,0,0,,,,,,,,,
598067,2013,2013-05-19,Subrata Roy Sahara Stadium,2,1.3,Delhi Daredevils,Pune Warriors,DA Warner,DPMD Jayawardene,B Kumar,1,0,,,,,,,,,
598067,2013,2013-05-19,Subrata Roy Sahara Stadium,2,1.4,Delhi Daredevils,Pune Warriors,DPMD Jayawardene,DA Warner,B Kumar,0,0,,,,,,,,,
598067,2013,2013-05-19,Subrata Roy Sahara Stadium,2,1.5,Delhi Daredevils,Pune Warriors,DPMD Jayawardene,DA Warner,B Kumar,4,0,,,,,,,,,
598067,2013,2013-05-19,Subrata Roy Sahara Stadium,2,1.6,Delhi Daredevils,Pune Warriors,DPMD Jayawardene,DA Warner,B Kumar,0,0,,,,,,,,,
598067,2013,2013-05-19,Subrata Roy Sahara Stadium,2,2.1,Delhi Daredevils,Pune Warriors,DA Warner,DPMD Jayawardene,WD Parnell,0,0,,,,,,caught,DA Warner,,
598067,2013,2013-05-19,Subrata Roy Sahara Stadium,2,2.2,Delhi Daredevils,Pune Warriors,B Chipli,DPMD Jayawardene,WD Parnell,0,1,,1,,,,,,,
598067,2013,2013-05-19,Subrata Roy Sahara Stadium,2,2.3,Delhi Daredevils,Pune Warriors,B Chipli,DPMD Jayawardene,WD Parnell,6,0,,,,,,,,,
598067,2013,2013-05-19,Subrata Roy Sahara Stadium,2,2.4,Delhi Daredevils,Pune Warriors,B Chipli,DPMD Jayawardene,WD Parnell,0,4,,,,4,,,,,
598067,2013,2013-05-19,Subrata Roy Sahara Stadium,2,2.5,Delhi Daredevils,Pune Warriors,B Chipli,DPMD Jayawardene,WD Parnell,1,0,,,,,,,,,
598067,2013,2013-05-19,Subrata Roy Sahara Stadium,2,2.6,Delhi Daredevils,Pune Warriors,DPMD Jayawardene,B Chipli,WD Parnell,4,0,,,,,,,,,
598067,2013,2013-05-19,Subrata Roy Sahara Stadium,2,2.7,Delhi Daredevils,Pune Warriors,DPMD Jayawardene,B Chipli,WD Parnell,0,0,,,,,,,,,
598067,2013,2013-05-19,Subrata Roy Sahara Stadium,2,3.1,Delhi Daredevils,Pune Warriors,B Chipli,DPMD Jayawardene,AB Dinda,0,0,,,,,,,,,
598067,2013,2013-05-19,Subrata Roy Sahara Stadium,2,3.2,Delhi Daredevils,Pune Warriors,B Chipli,DPMD Jayawardene,AB Dinda,0,0,,,,,,,,,
598067,2013,2013-05-19,Subrata Roy Sahara Stadium,2,3.3,Delhi Daredevils,Pune Warriors,B Chipli,DPMD Jayawardene,AB Dinda,4,0,,,,,,,,,
598067,2013,2013-05-19,Subrata Roy Sahara Stadium,2,3.4,Delhi Daredevils,Pune Warriors,B Chipli,DPMD Jayawardene,AB Dinda,0,0,,,,,,,,,
598067,2013,2013-05-19,Subrata Roy Sahara Stadium,2,3.5,Delhi Daredevils,Pune Warriors,B Chipli,DPMD Jayawardene,AB Dinda,0,0,,,,,,,,,
598067,2013,2013-05-19,Subrata Roy Sahara Stadium,2,3.6,Delhi Daredevils,Pune Warriors,B Chipli,DPMD Jayawardene,AB Dinda,0,0,,,,,,,,,
598067,2013,2013-05-19,Subrata Roy Sahara Stadium,2,4.1,Delhi Daredevils,Pune Warriors,DPMD Jayawardene,B Chipli,AG Murtaza,1,0,,,,,,,,,
598067,2013,2013-05-19,Subrata Roy Sahara Stadium,2,4.2,Delhi Daredevils,Pune Warriors,B Chipli,DPMD Jayawardene,AG Murtaza,0,0,,,,,,,,,
598067,2013,2013-05-19,Subrata Roy Sahara Stadium,2,4.3,Delhi Daredevils,Pune Warriors,B Chipli,DPMD Jayawardene,AG Murtaza,0,1,1,,,,,,,,
598067,2013,2013-05-19,Subrata Roy Sahara Stadium,2,4.4,Delhi Daredevils,Pune Warriors,B Chipli,DPMD Jayawardene,AG Murtaza,1,0,,,,,,,,,
598067,2013,2013-05-19,Subrata Roy Sahara Stadium,2,4.5,Delhi Daredevils,Pune Warriors,DPMD Jayawardene,B Chipli,AG Murtaza,0,0,,,,,,,,,
598067,2013,2013-05-19,Subrata Roy Sahara Stadium,2,4.6,Delhi Daredevils,Pune Warriors,DPMD Jayawardene,B Chipli,AG Murtaza,0,0,,,,,,caught,DPMD Jayawardene,,
598067,2013,2013-05-19,Subrata Roy Sahara Stadium,2,4.7,Delhi Daredevils,Pune Warriors,V Sehwag,B Chipli,AG Murtaza,0,0,,,,,,,,,
598067,2013,2013-05-19,Subrata Roy Sahara Stadium,2,5.1,Delhi Daredevils,Pune Warriors,B Chipli,V Sehwag,B Kumar,1,0,,,,,,,,,
598067,2013,2013-05-19,Subrata Roy Sahara Stadium,2,5.2,Delhi Daredevils,Pune Warriors,V Sehwag,B Chipli,B Kumar,4,0,,,,,,,,,
598067,2013,2013-05-19,Subrata Roy Sahara Stadium,2,5.3,Delhi Daredevils,Pune Warriors,V Sehwag,B Chipli,B Kumar,0,0,,,,,,,,,
598067,2013,2013-05-19,Subrata Roy Sahara Stadium,2,5.4,Delhi Daredevils,Pune Warriors,V Sehwag,B Chipli,B Kumar,1,0,,,,,,,,,
598067,2013,2013-05-19,Subrata Roy Sahara Stadium,2,5.5,Delhi Daredevils,Pune Warriors,B Chipli,V Sehwag,B Kumar,1,0,,,,,,,,,
598067,2013,2013-05-19,Subrata Roy Sahara Stadium,2,5.6,Delhi Daredevils,Pune Warriors,V Sehwag,B Chipli,B Kumar,0,0,,,,,,,,,
598067,2013,2013-05-19,Subrata Roy Sahara Stadium,2,6.1,Delhi Daredevils,Pune Warriors,B Chipli,V Sehwag,Yuvraj Singh,1,0,,,,,,,,,
598067,2013,2013-05-19,Subrata Roy Sahara Stadium,2,6.2,Delhi Daredevils,Pune Warriors,V Sehwag,B Chipli,Yuvraj Singh,4,0,,,,,,,,,
598067,2013,2013-05-19,Subrata Roy Sahara Stadium,2,6.3,Delhi Daredevils,Pune Warriors,V Sehwag,B Chipli,Yuvraj Singh,1,0,,,,,,,,,
598067,2013,2013-05-19,Subrata Roy Sahara Stadium,2,6.4,Delhi Daredevils,Pune Warriors,B Chipli,V Sehwag,Yuvraj Singh,0,0,,,,,,,,,
598067,2013,2013-05-19,Subrata Roy Sahara Stadium,2,6.5,Delhi Daredevils,Pune Warriors,B Chipli,V Sehwag,Yuvraj Singh,1,0,,,,,,,,,
598067,2013,2013-05-19,Subrata Roy Sahara Stadium,2,6.6,Delhi Daredevils,Pune Warriors,V Sehwag,B Chipli,Yuvraj Singh,1,0,,,,,,,,,
598067,2013,2013-05-19,Subrata Roy Sahara Stadium,2,7.1,Delhi Daredevils,Pune Warriors,V Sehwag,B Chipli,AG Murtaza,0,0,,,,,,,,,
598067,2013,2013-05-19,Subrata Roy Sahara Stadium,2,7.2,Delhi Daredevils,Pune Warriors,V Sehwag,B Chipli,AG Murtaza,0,0,,,,,,caught,V Sehwag,,
598067,2013,2013-05-19,Subrata Roy Sahara Stadium,2,7.3,Delhi Daredevils,Pune Warriors,B Chipli,BJ Rohrer,AG Murtaza,0,0,,,,,,lbw,B Chipli,,
598067,2013,2013-05-19,Subrata Roy Sahara Stadium,2,7.4,Delhi Daredevils,Pune Warriors,IK Pathan,BJ Rohrer,AG Murtaza,1,0,,,,,,,,,
598067,2013,2013-05-19,Subrata Roy Sahara Stadium,2,7.5,Delhi Daredevils,Pune Warriors,BJ Rohrer,IK Pathan,AG Murtaza,1,0,,,,,,,,,
598067,2013,2013-05-19,Subrata Roy Sahara Stadium,2,7.6,Delhi Daredevils,Pune Warriors,IK Pathan,BJ Rohrer,AG Murtaza,0,0,,,,,,,,,
598067,2013,2013-05-19,Subrata Roy Sahara Stadium,2,8.1,Delhi Daredevils,Pune Warriors,BJ Rohrer,IK Pathan,AD Mathews,0,0,,,,,,,,,
598067,2013,2013-05-19,Subrata Roy Sahara Stadium,2,8.2,Delhi Daredevils,Pune Warriors,BJ Rohrer,IK Pathan,AD Mathews,0,0,,,,,,,,,
598067,2013,2013-05-19,Subrata Roy Sahara Stadium,2,8.3,Delhi Daredevils,Pune Warriors,BJ Rohrer,IK Pathan,AD Mathews,4,0,,,,,,,,,
598067,2013,2013-05-19,Subrata Roy Sahara Stadium,2,8.4,Delhi Daredevils,Pune Warriors,BJ Rohrer,IK Pathan,AD Mathews,0,0,,,,,,,,,
598067,2013,2013-05-19,Subrata Roy Sahara Stadium,2,8.5,Delhi Daredevils,Pune Warriors,BJ Rohrer,IK Pathan,AD Mathews,1,0,,,,,,,,,
598067,2013,2013-05-19,Subrata Roy Sahara Stadium,2,8.6,Delhi Daredevils,Pune Warriors,IK Pathan,BJ Rohrer,AD Mathews,0,0,,,,,,,,,
598067,2013,2013-05-19,Subrata Roy Sahara Stadium,2,9.1,Delhi Daredevils,Pune Warriors,BJ Rohrer,IK Pathan,AB Dinda,1,0,,,,,,,,,
598067,2013,2013-05-19,Subrata Roy Sahara Stadium,2,9.2,Delhi Daredevils,Pune Warriors,IK Pathan,BJ Rohrer,AB Dinda,1,0,,,,,,,,,
598067,2013,2013-05-19,Subrata Roy Sahara Stadium,2,9.3,Delhi Daredevils,Pune Warriors,BJ Rohrer,IK Pathan,AB Dinda,0,0,,,,,,,,,
598067,2013,2013-05-19,Subrata Roy Sahara Stadium,2,9.4,Delhi Daredevils,Pune Warriors,BJ Rohrer,IK Pathan,AB Dinda,0,0,,,,,,bowled,BJ Rohrer,,
598067,2013,2013-05-19,Subrata Roy Sahara Stadium,2,9.5,Delhi Daredevils,Pune Warriors,CM Gautam,IK Pathan,AB Dinda,0,0,,,,,,,,,
598067,2013,2013-05-19,Subrata Roy Sahara Stadium,2,9.6,Delhi Daredevils,Pune Warriors,CM Gautam,IK Pathan,AB Dinda,1,0,,,,,,,,,
598067,2013,2013-05-19,Subrata Roy Sahara Stadium,2,10.1,Delhi Daredevils,Pune Warriors,CM Gautam,IK Pathan,AG Murtaza,1,0,,,,,,,,,
598067,2013,2013-05-19,Subrata Roy Sahara Stadium,2,10.2,Delhi Daredevils,Pune Warriors,IK Pathan,CM Gautam,AG Murtaza,4,0,,,,,,,,,
598067,2013,2013-05-19,Subrata Roy Sahara Stadium,2,10.3,Delhi Daredevils,Pune Warriors,IK Pathan,CM Gautam,AG Murtaza,1,0,,,,,,,,,
598067,2013,2013-05-19,Subrata Roy Sahara Stadium,2,10.4,Delhi Daredevils,Pune Warriors,CM Gautam,IK Pathan,AG Murtaza,1,0,,,,,,,,,
598067,2013,2013-05-19,Subrata Roy Sahara Stadium,2,10.5,Delhi Daredevils,Pune Warriors,IK Pathan,CM Gautam,AG Murtaza,0,0,,,,,,,,,
598067,2013,2013-05-19,Subrata Roy Sahara Stadium,2,10.6,Delhi Daredevils,Pune Warriors,IK Pathan,CM Gautam,AG Murtaza,0,0,,,,,,,,,
598067,2013,2013-05-19,Subrata Roy Sahara Stadium,2,11.1,Delhi Daredevils,Pune Warriors,CM Gautam,IK Pathan,B Kumar,0,0,,,,,,,,,
598067,2013,2013-05-19,Subrata Roy Sahara Stadium,2,11.2,Delhi Daredevils,Pune Warriors,CM Gautam,IK Pathan,B Kumar,0,0,,,,,,,,,
598067,2013,2013-05-19,Subrata Roy Sahara Stadium,2,11.3,Delhi Daredevils,Pune Warriors,CM Gautam,IK Pathan,B Kumar,1,0,,,,,,,,,
598067,2013,2013-05-19,Subrata Roy Sahara Stadium,2,11.4,Delhi Daredevils,Pune Warriors,IK Pathan,CM Gautam,B Kumar,1,0,,,,,,,,,
598067,2013,2013-05-19,Subrata Roy Sahara Stadium,2,11.5,Delhi Daredevils,Pune Warriors,CM Gautam,IK Pathan,B Kumar,2,0,,,,,,,,,
598067,2013,2013-05-19,Subrata Roy Sahara Stadium,2,11.6,Delhi Daredevils,Pune Warriors,CM Gautam,IK Pathan,B Kumar,0,1,1,,,,,,,,
598067,2013,2013-05-19,Subrata Roy Sahara Stadium,2,11.7,Delhi Daredevils,Pune Warriors,CM Gautam,IK Pathan,B Kumar,6,0,,,,,,,,,
598067,2013,2013-05-19,Subrata Roy Sahara Stadium,2,12.1,Delhi Daredevils,Pune Warriors,IK Pathan,CM Gautam,Yuvraj Singh,1,0,,,,,,,,,
598067,2013,2013-05-19,Subrata Roy Sahara Stadium,2,12.2,Delhi Daredevils,Pune Warriors,CM Gautam,IK Pathan,Yuvraj Singh,1,0,,,,,,,,,
598067,2013,2013-05-19,Subrata Roy Sahara Stadium,2,12.3,Delhi Daredevils,Pune Warriors,IK Pathan,CM Gautam,Yuvraj Singh,1,0,,,,,,,,,
598067,2013,2013-05-19,Subrata Roy Sahara Stadium,2,12.4,Delhi Daredevils,Pune Warriors,CM Gautam,IK Pathan,Yuvraj Singh,3,0,,,,,,,,,
598067,2013,2013-05-19,Subrata Roy Sahara Stadium,2,12.5,Delhi Daredevils,Pune Warriors,IK Pathan,CM Gautam,Yuvraj Singh,2,0,,,,,,,,,
598067,2013,2013-05-19,Subrata Roy Sahara Stadium,2,12.6,Delhi Daredevils,Pune Warriors,IK Pathan,CM Gautam,Yuvraj Singh,1,0,,,,,,,,,
598067,2013,2013-05-19,Subrata Roy Sahara Stadium,2,13.1,Delhi Daredevils,Pune Warriors,IK Pathan,CM Gautam,AB Dinda,1,0,,,,,,,,,
598067,2013,2013-05-19,Subrata Roy Sahara Stadium,2,13.2,Delhi Daredevils,Pune Warriors,CM Gautam,IK Pathan,AB Dinda,0,0,,,,,,,,,
598067,2013,2013-05-19,Subrata Roy Sahara Stadium,2,13.3,Delhi Daredevils,Pune Warriors,CM Gautam,IK Pathan,AB Dinda,0,0,,,,,,,,,
598067,2013,2013-05-19,Subrata Roy Sahara Stadium,2,13.4,Delhi Daredevils,Pune Warriors,CM Gautam,IK Pathan,AB Dinda,4,0,,,,,,,,,
598067,2013,2013-05-19,Subrata Roy Sahara Stadium,2,13.5,Delhi Daredevils,Pune Warriors,CM Gautam,IK Pathan,AB Dinda,0,1,1,,,,,,,,
598067,2013,2013-05-19,Subrata Roy Sahara Stadium,2,13.6,Delhi Daredevils,Pune Warriors,CM Gautam,IK Pathan,AB Dinda,1,0,,,,,,,,,
598067,2013,2013-05-19,Subrata Roy Sahara Stadium,2,13.7,Delhi Daredevils,Pune Warriors,IK Pathan,CM Gautam,AB Dinda,1,0,,,,,,,,,
598067,2013,2013-05-19,Subrata Roy Sahara Stadium,2,14.1,Delhi Daredevils,Pune Warriors,IK Pathan,CM Gautam,AG Murtaza,1,0,,,,,,,,,
598067,2013,2013-05-19,Subrata Roy Sahara Stadium,2,14.2,Delhi Daredevils,Pune Warriors,CM Gautam,IK Pathan,AG Murtaza,1,0,,,,,,,,,
598067,2013,2013-05-19,Subrata Roy Sahara Stadium,2,14.3,Delhi Daredevils,Pune Warriors,IK Pathan,CM Gautam,AG Murtaza,0,1,,,,1,,,,,
598067,2013,2013-05-19,Subrata Roy Sahara Stadium,2,14.4,Delhi Daredevils,Pune Warriors,CM Gautam,IK Pathan,AG Murtaza,1,0,,,,,,,,,
598067,2013,2013-05-19,Subrata Roy Sahara Stadium,2,14.5,Delhi Daredevils,Pune Warriors,IK Pathan,CM Gautam,AG Murtaza,0,0,,,,,,,,,
598067,2013,2013-05-19,Subrata Roy Sahara Stadium,2,14.6,Delhi Daredevils,Pune Warriors,IK Pathan,CM Gautam,AG Murtaza,0,0,,,,,,,,,
598067,2013,2013-05-19,Subrata Roy Sahara Stadium,2,15.1,Delhi Daredevils,Pune Warriors,CM Gautam,IK Pathan,WD Parnell,0,1,1,,,,,,,,
598067,2013,2013-05-19,Subrata Roy Sahara Stadium,2,15.2,Delhi Daredevils,Pune Warriors,CM Gautam,IK Pathan,WD Parnell,1,0,,,,,,,,,
598067,2013,2013-05-19,Subrata Roy Sahara Stadium,2,15.3,Delhi Daredevils,Pune Warriors,IK Pathan,CM Gautam,WD Parnell,1,0,,,,,,,,,
598067,2013,2013-05-19,Subrata Roy Sahara Stadium,2,15.4,Delhi Daredevils,Pune Warriors,CM Gautam,IK Pathan,WD Parnell,4,0,,,,,,,,,
598067,2013,2013-05-19,Subrata Roy Sahara Stadium,2,15.5,Delhi Daredevils,Pune Warriors,CM Gautam,IK Pathan,WD Parnell,1,0,,,,,,,,,
598067,2013,2013-05-19,Subrata Roy Sahara Stadium,2,15.6,Delhi Daredevils,Pune Warriors,IK Pathan,CM Gautam,WD Parnell,4,0,,,,,,,,,
598067,2013,2013-05-19,Subrata Roy Sahara Stadium,2,15.7,Delhi Daredevils,Pune Warriors,IK Pathan,CM Gautam,WD Parnell,0,0,,,,,,,,,
598067,2013,2013-05-19,Subrata Roy Sahara Stadium,2,16.1,Delhi Daredevils,Pune Warriors,CM Gautam,IK Pathan,AD Mathews,0,0,,,,,,,,,
598067,2013,2013-05-19,Subrata Roy Sahara Stadium,2,16.2,Delhi Daredevils,Pune Warriors,CM Gautam,IK Pathan,AD Mathews,1,0,,,,,,,,,
598067,2013,2013-05-19,Subrata Roy Sahara Stadium,2,16.3,Delhi Daredevils,Pune Warriors,IK Pathan,CM Gautam,AD Mathews,1,0,,,,,,,,,
598067,2013,2013-05-19,Subrata Roy Sahara Stadium,2,16.4,Delhi Daredevils,Pune Warriors,CM Gautam,IK Pathan,AD Mathews,0,0,,,,,,caught,CM Gautam,,
598067,2013,2013-05-19,Subrata Roy Sahara Stadium,2,16.5,Delhi Daredevils,Pune Warriors,IK Pathan,M Morkel,AD Mathews,1,0,,,,,,,,,
598067,2013,2013-05-19,Subrata Roy Sahara Stadium,2,16.6,Delhi Daredevils,Pune Warriors,M Morkel,IK Pathan,AD Mathews,0,0,,,,,,caught,M Morkel,,
598067,2013,2013-05-19,Subrata Roy Sahara Stadium,2,17.1,Delhi Daredevils,Pune Warriors,UT Yadav,IK Pathan,B Kumar,0,0,,,,,,,,,
598067,2013,2013-05-19,Subrata Roy Sahara Stadium,2,17.2,Delhi Daredevils,Pune Warriors,UT Yadav,IK Pathan,B Kumar,1,0,,,,,,,,,
598067,2013,2013-05-19,Subrata Roy Sahara Stadium,2,17.3,Delhi Daredevils,Pune Warriors,IK Pathan,UT Yadav,B Kumar,0,0,,,,,,,,,
598067,2013,2013-05-19,Subrata Roy Sahara Stadium,2,17.4,Delhi Daredevils,Pune Warriors,IK Pathan,UT Yadav,B Kumar,0,0,,,,,,,,,
598067,2013,2013-05-19,Subrata Roy Sahara Stadium,2,17.5,Delhi Daredevils,Pune Warriors,IK Pathan,UT Yadav,B Kumar,1,0,,,,,,,,,
598067,2013,2013-05-19,Subrata Roy Sahara Stadium,2,17.6,Delhi Daredevils,Pune Warriors,UT Yadav,IK Pathan,B Kumar,1,0,,,,,,,,,
598067,2013,2013-05-19,Subrata Roy Sahara Stadium,2,18.1,Delhi Daredevils,Pune Warriors,UT Yadav,IK Pathan,AD Mathews,2,0,,,,,,,,,
598067,2013,2013-05-19,Subrata Roy Sahara Stadium,2,18.2,Delhi Daredevils,Pune Warriors,UT Yadav,IK Pathan,AD Mathews,1,0,,,,,,,,,
598067,2013,2013-05-19,Subrata Roy Sahara Stadium,2,18.3,Delhi Daredevils,Pune Warriors,IK Pathan,UT Yadav,AD Mathews,0,0,,,,,,caught,IK Pathan,,
598067,2013,2013-05-19,Subrata Roy Sahara Stadium,2,18.4,Delhi Daredevils,Pune Warriors,UT Yadav,S Nadeem,AD Mathews,1,0,,,,,,,,,
598067,2013,2013-05-19,Subrata Roy Sahara Stadium,2,18.5,Delhi Daredevils,Pune Warriors,S Nadeem,UT Yadav,AD Mathews,2,0,,,,,,,,,
598067,2013,2013-05-19,Subrata Roy Sahara Stadium,2,18.6,Delhi Daredevils,Pune Warriors,S Nadeem,UT Yadav,AD Mathews,0,0,,,,,,,,,
598067,2013,2013-05-19,Subrata Roy Sahara Stadium,2,19.1,Delhi Daredevils,Pune Warriors,UT Yadav,S Nadeem,AB Dinda,0,0,,,,,,,,,
598067,2013,2013-05-19,Subrata Roy Sahara Stadium,2,19.2,Delhi Daredevils,Pune Warriors,UT Yadav,S Nadeem,AB Dinda,1,0,,,,,,,,,
598067,2013,2013-05-19,Subrata Roy Sahara Stadium,2,19.3,Delhi Daredevils,Pune Warriors,S Nadeem,UT Yadav,AB Dinda,4,0,,,,,,,,,
598067,2013,2013-05-19,Subrata Roy Sahara Stadium,2,19.4,Delhi Daredevils,Pune Warriors,S Nadeem,UT Yadav,AB Dinda,0,0,,,,,,,,,
598067,2013,2013-05-19,Subrata Roy Sahara Stadium,2,19.5,Delhi Daredevils,Pune Warriors,S Nadeem,UT Yadav,AB Dinda,0,0,,,,,,caught,S Nadeem,,
598067,2013,2013-05-19,Subrata Roy Sahara Stadium,2,19.6,Delhi Daredevils,Pune Warriors,UT Yadav,S Kaul,AB Dinda,1,0,,,,,,,,,
