match_id,season,start_date,venue,innings,ball,batting_team,bowling_team,striker,non_striker,bowler,runs_off_bat,extras,wides,noballs,byes,legbyes,penalty,wicket_type,player_dismissed,other_wicket_type,other_player_dismissed
598030,2013,2013-04-25,"MA Chidambaram Stadium, Chepauk",1,0.1,Sunrisers Hyderabad,Chennai Super Kings,Q de Kock,S Dhawan,MM Sharma,0,0,,,,,,,,,
598030,2013,2013-04-25,"MA Chidambaram Stadium, Chepauk",1,0.2,Sunrisers Hyderabad,Chennai Super Kings,Q de Kock,S Dhawan,MM Sharma,4,0,,,,,,,,,
598030,2013,2013-04-25,"MA Chidambaram Stadium, Chepauk",1,0.3,Sunrisers Hyderabad,Chennai Super Kings,Q de Kock,S Dhawan,MM Sharma,0,0,,,,,,caught,Q de Kock,,
598030,2013,2013-04-25,"MA Chidambaram Stadium, Chepauk",1,0.4,Sunrisers Hyderabad,Chennai Super Kings,GH Vihari,S Dhawan,MM Sharma,0,0,,,,,,,,,
598030,2013,2013-04-25,"MA Chidambaram Stadium, Chepauk",1,0.5,Sunrisers Hyderabad,Chennai Super Kings,GH Vihari,S Dhawan,MM Sharma,1,0,,,,,,,,,
598030,2013,2013-04-25,"MA Chidambaram Stadium, Chepauk",1,0.6,Sunrisers Hyderabad,Chennai Super Kings,S Dhawan,GH Vihari,MM Sharma,1,0,,,,,,,,,
598030,2013,2013-04-25,"MA Chidambaram Stadium, Chepauk",1,1.1,Sunrisers Hyderabad,Chennai Super Kings,S Dhawan,GH Vihari,JO Holder,0,1,1,,,,,,,,
598030,2013,2013-04-25,"MA Chidambaram Stadium, Chepauk",1,1.2,Sunrisers Hyderabad,Chennai Super Kings,S Dhawan,GH Vihari,JO Holder,0,0,,,,,,,,,
598030,2013,2013-04-25,"MA Chidambaram Stadium, Chepauk",1,1.3,Sunrisers Hyderabad,Chennai Super Kings,S Dhawan,GH Vihari,JO Holder,0,1,1,,,,,,,,
598030,2013,2013-04-25,"MA Chidambaram Stadium, Chepauk",1,1.4,Sunrisers Hyderabad,Chennai Super Kings,S Dhawan,GH Vihari,JO Holder,1,0,,,,,,,,,
598030,2013,2013-04-25,"MA Chidambaram Stadium, Chepauk",1,1.5,Sunrisers Hyderabad,Chennai Super Kings,GH Vihari,S Dhawan,JO Holder,1,0,,,,,,,,,
598030,2013,2013-04-25,"MA Chidambaram Stadium, Chepauk",1,1.6,Sunrisers Hyderabad,Chennai Super Kings,S Dhawan,GH Vihari,JO Holder,0,0,,,,,,,,,
598030,2013,2013-04-25,"MA Chidambaram Stadium, Chepauk",1,1.7,Sunrisers Hyderabad,Chennai Super Kings,S Dhawan,GH Vihari,JO Holder,2,0,,,,,,,,,
598030,2013,2013-04-25,"MA Chidambaram Stadium, Chepauk",1,1.8,Sunrisers Hyderabad,Chennai Super Kings,S Dhawan,GH Vihari,JO Holder,0,0,,,,,,run out,GH Vihari,,
598030,2013,2013-04-25,"MA Chidambaram Stadium, Chepauk",1,2.1,Sunrisers Hyderabad,Chennai Super Kings,S Dhawan,CL White,MM Sharma,0,0,,,,,,,,,
598030,2013,2013-04-25,"MA Chidambaram Stadium, Chepauk",1,2.2,Sunrisers Hyderabad,Chennai Super Kings,S Dhawan,CL White,MM Sharma,0,0,,,,,,,,,
598030,2013,2013-04-25,"MA Chidambaram Stadium, Chepauk",1,2.3,Sunrisers Hyderabad,Chennai Super Kings,S Dhawan,CL White,MM Sharma,0,0,,,,,,,,,
598030,2013,2013-04-25,"MA Chidambaram Stadium, Chepauk",1,2.4,Sunrisers Hyderabad,Chennai Super Kings,S Dhawan,CL White,MM Sharma,0,0,,,,,,,,,
598030,2013,2013-04-25,"MA Chidambaram Stadium, Chepauk",1,2.5,Sunrisers Hyderabad,Chennai Super Kings,S Dhawan,CL White,MM Sharma,1,0,,,,,,,,,
598030,2013,2013-04-25,"MA Chidambaram Stadium, Chepauk",1,2.6,Sunrisers Hyderabad,Chennai Super Kings,CL White,S Dhawan,MM Sharma,0,0,,,,,,,,,
598030,2013,2013-04-25,"MA Chidambaram Stadium, Chepauk",1,3.1,Sunrisers Hyderabad,Chennai Super Kings,S Dhawan,CL White,JO Holder,0,4,,,,4,,,,,
598030,2013,2013-04-25,"MA Chidambaram Stadium, Chepauk",1,3.2,Sunrisers Hyderabad,Chennai Super Kings,S Dhawan,CL White,JO Holder,4,0,,,,,,,,,
598030,2013,2013-04-25,"MA Chidambaram Stadium, Chepauk",1,3.3,Sunrisers Hyderabad,Chennai Super Kings,S Dhawan,CL White,JO Holder,0,0,,,,,,,,,
598030,2013,2013-04-25,"MA Chidambaram Stadium, Chepauk",1,3.4,Sunrisers Hyderabad,Chennai Super Kings,S Dhawan,CL White,JO Holder,4,0,,,,,,,,,
598030,2013,2013-04-25,"MA Chidambaram Stadium, Chepauk",1,3.5,Sunrisers Hyderabad,Chennai Super Kings,S Dhawan,CL White,JO Holder,1,0,,,,,,,,,
598030,2013,2013-04-25,"MA Chidambaram Stadium, Chepauk",1,3.6,Sunrisers Hyderabad,Chennai Super Kings,CL White,S Dhawan,JO Holder,2,0,,,,,,,,,
598030,2013,2013-04-25,"MA Chidambaram Stadium, Chepauk",1,4.1,Sunrisers Hyderabad,Chennai Super Kings,S Dhawan,CL White,MM Sharma,4,0,,,,,,,,,
598030,2013,2013-04-25,"MA Chidambaram Stadium, Chepauk",1,4.2,Sunrisers Hyderabad,Chennai Super Kings,S Dhawan,CL White,MM Sharma,0,0,,,,,,,,,
598030,2013,2013-04-25,"MA Chidambaram Stadium, Chepauk",1,4.3,Sunrisers Hyderabad,Chennai Super Kings,S Dhawan,CL White,MM Sharma,4,0,,,,,,,,,
598030,2013,2013-04-25,"MA Chidambaram Stadium, Chepauk",1,4.4,Sunrisers Hyderabad,Chennai Super Kings,S Dhawan,CL White,MM Sharma,1,0,,,,,,,,,
598030,2013,2013-04-25,"MA Chidambaram Stadium, Chepauk",1,4.5,Sunrisers Hyderabad,Chennai Super Kings,CL White,S Dhawan,MM Sharma,0,0,,,,,,caught,CL White,,
598030,2013,2013-04-25,"MA Chidambaram Stadium, Chepauk",1,4.6,Sunrisers Hyderabad,Chennai Super Kings,A Mishra,S Dhawan,MM Sharma,0,0,,,,,,,,,
598030,2013,2013-04-25,"MA Chidambaram Stadium, Chepauk",1,5.1,Sunrisers Hyderabad,Chennai Super Kings,S Dhawan,A Mishra,R Ashwin,1,0,,,,,,,,,
598030,2013,2013-04-25,"MA Chidambaram Stadium, Chepauk",1,5.2,Sunrisers Hyderabad,Chennai Super Kings,A Mishra,S Dhawan,R Ashwin,0,0,,,,,,,,,
598030,2013,2013-04-25,"MA Chidambaram Stadium, Chepauk",1,5.3,Sunrisers Hyderabad,Chennai Super Kings,A Mishra,S Dhawan,R Ashwin,0,0,,,,,,,,,
598030,2013,2013-04-25,"MA Chidambaram Stadium, Chepauk",1,5.4,Sunrisers Hyderabad,Chennai Super Kings,A Mishra,S Dhawan,R Ashwin,1,0,,,,,,,,,
598030,2013,2013-04-25,"MA Chidambaram Stadium, Chepauk",1,5.5,Sunrisers Hyderabad,Chennai Super Kings,S Dhawan,A Mishra,R Ashwin,1,0,,,,,,,,,
598030,2013,2013-04-25,"MA Chidambaram Stadium, Chepauk",1,5.6,Sunrisers Hyderabad,Chennai Super Kings,A Mishra,S Dhawan,R Ashwin,0,0,,,,,,,,,
598030,2013,2013-04-25,"MA Chidambaram Stadium, Chepauk",1,6.1,Sunrisers Hyderabad,Chennai Super Kings,S Dhawan,A Mishra,JO Holder,1,0,,,,,,,,,
598030,2013,2013-04-25,"MA Chidambaram Stadium, Chepauk",1,6.2,Sunrisers Hyderabad,Chennai Super Kings,A Mishra,S Dhawan,JO Holder,0,0,,,,,,,,,
598030,2013,2013-04-25,"MA Chidambaram Stadium, Chepauk",1,6.3,Sunrisers Hyderabad,Chennai Super Kings,A Mishra,S Dhawan,JO Holder,0,0,,,,,,,,,
598030,2013,2013-04-25,"MA Chidambaram Stadium, Chepauk",1,6.4,Sunrisers Hyderabad,Chennai Super Kings,A Mishra,S Dhawan,JO Holder,0,0,,,,,,,,,
598030,2013,2013-04-25,"MA Chidambaram Stadium, Chepauk",1,6.5,Sunrisers Hyderabad,Chennai Super Kings,A Mishra,S Dhawan,JO Holder,4,0,,,,,,,,,
598030,2013,2013-04-25,"MA Chidambaram Stadium, Chepauk",1,6.6,Sunrisers Hyderabad,Chennai Super Kings,A Mishra,S Dhawan,JO Holder,4,0,,,,,,,,,
598030,2013,2013-04-25,"MA Chidambaram Stadium, Chepauk",1,7.1,Sunrisers Hyderabad,Chennai Super Kings,S Dhawan,A Mishra,R Ashwin,1,0,,,,,,,,,
598030,2013,2013-04-25,"MA Chidambaram Stadium, Chepauk",1,7.2,Sunrisers Hyderabad,Chennai Super Kings,A Mishra,S Dhawan,R Ashwin,1,0,,,,,,,,,
598030,2013,2013-04-25,"MA Chidambaram Stadium, Chepauk",1,7.3,Sunrisers Hyderabad,Chennai Super Kings,S Dhawan,A Mishra,R Ashwin,1,0,,,,,,,,,
598030,2013,2013-04-25,"MA Chidambaram Stadium, Chepauk",1,7.4,Sunrisers Hyderabad,Chennai Super Kings,A Mishra,S Dhawan,R Ashwin,0,0,,,,,,,,,
598030,2013,2013-04-25,"MA Chidambaram Stadium, Chepauk",1,7.5,Sunrisers Hyderabad,Chennai Super Kings,A Mishra,S Dhawan,R Ashwin,1,0,,,,,,,,,
598030,2013,2013-04-25,"MA Chidambaram Stadium, Chepauk",1,7.6,Sunrisers Hyderabad,Chennai Super Kings,S Dhawan,A Mishra,R Ashwin,0,0,,,,,,,,,
598030,2013,2013-04-25,"MA Chidambaram Stadium, Chepauk",1,8.1,Sunrisers Hyderabad,Chennai Super Kings,A Mishra,S Dhawan,CH Morris,0,0,,,,,,,,,
598030,2013,2013-04-25,"MA Chidambaram Stadium, Chepauk",1,8.2,Sunrisers Hyderabad,Chennai Super Kings,A Mishra,S Dhawan,CH Morris,1,0,,,,,,,,,
598030,2013,2013-04-25,"MA Chidambaram Stadium, Chepauk",1,8.3,Sunrisers Hyderabad,Chennai Super Kings,S Dhawan,A Mishra,CH Morris,1,0,,,,,,,,,
598030,2013,2013-04-25,"MA Chidambaram Stadium, Chepauk",1,8.4,Sunrisers Hyderabad,Chennai Super Kings,A Mishra,S Dhawan,CH Morris,0,0,,,,,,,,,
598030,2013,2013-04-25,"MA Chidambaram Stadium, Chepauk",1,8.5,Sunrisers Hyderabad,Chennai Super Kings,A Mishra,S Dhawan,CH Morris,0,0,,,,,,,,,
598030,2013,2013-04-25,"MA Chidambaram Stadium, Chepauk",1,8.6,Sunrisers Hyderabad,Chennai Super Kings,A Mishra,S Dhawan,CH Morris,2,0,,,,,,,,,
598030,2013,2013-04-25,"MA Chidambaram Stadium, Chepauk",1,9.1,Sunrisers Hyderabad,Chennai Super Kings,S Dhawan,A Mishra,R Ashwin,0,1,,,,1,,,,,
598030,2013,2013-04-25,"MA Chidambaram Stadium, Chepauk",1,9.2,Sunrisers Hyderabad,Chennai Super Kings,A Mishra,S Dhawan,R Ashwin,0,0,,,,,,,,,
598030,2013,2013-04-25,"MA Chidambaram Stadium, Chepauk",1,9.3,Sunrisers Hyderabad,Chennai Super Kings,A Mishra,S Dhawan,R Ashwin,1,0,,,,,,,,,
598030,2013,2013-04-25,"MA Chidambaram Stadium, Chepauk",1,9.4,Sunrisers Hyderabad,Chennai Super Kings,S Dhawan,A Mishra,R Ashwin,0,1,1,,,,,,,,
598030,2013,2013-04-25,"MA Chidambaram Stadium, Chepauk",1,9.5,Sunrisers Hyderabad,Chennai Super Kings,S Dhawan,A Mishra,R Ashwin,1,0,,,,,,,,,
598030,2013,2013-04-25,"MA Chidambaram Stadium, Chepauk",1,9.6,Sunrisers Hyderabad,Chennai Super Kings,A Mishra,S Dhawan,R Ashwin,0,0,,,,,,caught,A Mishra,,
598030,2013,2013-04-25,"MA Chidambaram Stadium, Chepauk",1,9.7,Sunrisers Hyderabad,Chennai Super Kings,S Dhawan,X Thalaivan Sargunam,R Ashwin,1,0,,,,,,,,,
598030,2013,2013-04-25,"MA Chidambaram Stadium, Chepauk",1,10.1,Sunrisers Hyderabad,Chennai Super Kings,S Dhawan,X Thalaivan Sargunam,CH Morris,1,0,,,,,,,,,
598030,2013,2013-04-25,"MA Chidambaram Stadium, Chepauk",1,10.2,Sunrisers Hyderabad,Chennai Super Kings,X Thalaivan Sargunam,S Dhawan,CH Morris,0,0,,,,,,,,,
598030,2013,2013-04-25,"MA Chidambaram Stadium, Chepauk",1,10.3,Sunrisers Hyderabad,Chennai Super Kings,X Thalaivan Sargunam,S Dhawan,CH Morris,2,0,,,,,,,,,
598030,2013,2013-04-25,"MA Chidambaram Stadium, Chepauk",1,10.4,Sunrisers Hyderabad,Chennai Super Kings,X Thalaivan Sargunam,S Dhawan,CH Morris,0,0,,,,,,,,,
598030,2013,2013-04-25,"MA Chidambaram Stadium, Chepauk",1,10.5,Sunrisers Hyderabad,Chennai Super Kings,X Thalaivan Sargunam,S Dhawan,CH Morris,1,0,,,,,,,,,
598030,2013,2013-04-25,"MA Chidambaram Stadium, Chepauk",1,10.6,Sunrisers Hyderabad,Chennai Super Kings,S Dhawan,X Thalaivan Sargunam,CH Morris,1,0,,,,,,,,,
598030,2013,2013-04-25,"MA Chidambaram Stadium, Chepauk",1,11.1,Sunrisers Hyderabad,Chennai Super Kings,S Dhawan,X Thalaivan Sargunam,R Ashwin,4,0,,,,,,,,,
598030,2013,2013-04-25,"MA Chidambaram Stadium, Chepauk",1,11.2,Sunrisers Hyderabad,Chennai Super Kings,S Dhawan,X Thalaivan Sargunam,R Ashwin,1,0,,,,,,,,,
598030,2013,2013-04-25,"MA Chidambaram Stadium, Chepauk",1,11.3,Sunrisers Hyderabad,Chennai Super Kings,X Thalaivan Sargunam,S Dhawan,R Ashwin,0,0,,,,,,,,,
598030,2013,2013-04-25,"MA Chidambaram Stadium, Chepauk",1,11.4,Sunrisers Hyderabad,Chennai Super Kings,X Thalaivan Sargunam,S Dhawan,R Ashwin,0,0,,,,,,,,,
598030,2013,2013-04-25,"MA Chidambaram Stadium, Chepauk",1,11.5,Sunrisers Hyderabad,Chennai Super Kings,X Thalaivan Sargunam,S Dhawan,R Ashwin,1,0,,,,,,,,,
598030,2013,2013-04-25,"MA Chidambaram Stadium, Chepauk",1,11.6,Sunrisers Hyderabad,Chennai Super Kings,S Dhawan,X Thalaivan Sargunam,R Ashwin,4,0,,,,,,,,,
598030,2013,2013-04-25,"MA Chidambaram Stadium, Chepauk",1,12.1,Sunrisers Hyderabad,Chennai Super Kings,X Thalaivan Sargunam,S Dhawan,JO Holder,1,0,,,,,,,,,
598030,2013,2013-04-25,"MA Chidambaram Stadium, Chepauk",1,12.2,Sunrisers Hyderabad,Chennai Super Kings,S Dhawan,X Thalaivan Sargunam,JO Holder,1,0,,,,,,,,,
598030,2013,2013-04-25,"MA Chidambaram Stadium, Chepauk",1,12.3,Sunrisers Hyderabad,Chennai Super Kings,X Thalaivan Sargunam,S Dhawan,JO Holder,0,0,,,,,,,,,
598030,2013,2013-04-25,"MA Chidambaram Stadium, Chepauk",1,12.4,Sunrisers Hyderabad,Chennai Super Kings,X Thalaivan Sargunam,S Dhawan,JO Holder,1,0,,,,,,,,,
598030,2013,2013-04-25,"MA Chidambaram Stadium, Chepauk",1,12.5,Sunrisers Hyderabad,Chennai Super Kings,S Dhawan,X Thalaivan Sargunam,JO Holder,1,0,,,,,,,,,
598030,2013,2013-04-25,"MA Chidambaram Stadium, Chepauk",1,12.6,Sunrisers Hyderabad,Chennai Super Kings,X Thalaivan Sargunam,S Dhawan,JO Holder,1,0,,,,,,,,,
598030,2013,2013-04-25,"MA Chidambaram Stadium, Chepauk",1,13.1,Sunrisers Hyderabad,Chennai Super Kings,X Thalaivan Sargunam,S Dhawan,DJ Bravo,0,0,,,,,,,,,
598030,2013,2013-04-25,"MA Chidambaram Stadium, Chepauk",1,13.2,Sunrisers Hyderabad,Chennai Super Kings,X Thalaivan Sargunam,S Dhawan,DJ Bravo,1,0,,,,,,,,,
598030,2013,2013-04-25,"MA Chidambaram Stadium, Chepauk",1,13.3,Sunrisers Hyderabad,Chennai Super Kings,S Dhawan,X Thalaivan Sargunam,DJ Bravo,0,0,,,,,,,,,
598030,2013,2013-04-25,"MA Chidambaram Stadium, Chepauk",1,13.4,Sunrisers Hyderabad,Chennai Super Kings,DJG Sammy,X Thalaivan Sargunam,DJ Bravo,4,0,,,,,,,,,
598030,2013,2013-04-25,"MA Chidambaram Stadium, Chepauk",1,13.5,Sunrisers Hyderabad,Chennai Super Kings,DJG Sammy,X Thalaivan Sargunam,DJ Bravo,1,0,,,,,,,,,
598030,2013,2013-04-25,"MA Chidambaram Stadium, Chepauk",1,13.6,Sunrisers Hyderabad,Chennai Super Kings,X Thalaivan Sargunam,DJG Sammy,DJ Bravo,0,0,,,,,,,,,
598030,2013,2013-04-25,"MA Chidambaram Stadium, Chepauk",1,14.1,Sunrisers Hyderabad,Chennai Super Kings,DJG Sammy,X Thalaivan Sargunam,RA Jadeja,0,0,,,,,,,,,
598030,2013,2013-04-25,"MA Chidambaram Stadium, Chepauk",1,14.2,Sunrisers Hyderabad,Chennai Super Kings,DJG Sammy,X Thalaivan Sargunam,RA Jadeja,6,0,,,,,,,,,
598030,2013,2013-04-25,"MA Chidambaram Stadium, Chepauk",1,14.3,Sunrisers Hyderabad,Chennai Super Kings,DJG Sammy,X Thalaivan Sargunam,RA Jadeja,0,0,,,,,,,,,
598030,2013,2013-04-25,"MA Chidambaram Stadium, Chepauk",1,14.4,Sunrisers Hyderabad,Chennai Super Kings,DJG Sammy,X Thalaivan Sargunam,RA Jadeja,0,0,,,,,,,,,
598030,2013,2013-04-25,"MA Chidambaram Stadium, Chepauk",1,14.5,Sunrisers Hyderabad,Chennai Super Kings,DJG Sammy,X Thalaivan Sargunam,RA Jadeja,2,0,,,,,,,,,
598030,2013,2013-04-25,"MA Chidambaram Stadium, Chepauk",1,14.6,Sunrisers Hyderabad,Chennai Super Kings,DJG Sammy,X Thalaivan Sargunam,RA Jadeja,0,0,,,,,,,,,
598030,2013,2013-04-25,"MA Chidambaram Stadium, Chepauk",1,15.1,Sunrisers Hyderabad,Chennai Super Kings,X Thalaivan Sargunam,DJG Sammy,DJ Bravo,2,0,,,,,,,,,
598030,2013,2013-04-25,"MA Chidambaram Stadium, Chepauk",1,15.2,Sunrisers Hyderabad,Chennai Super Kings,X Thalaivan Sargunam,DJG Sammy,DJ Bravo,0,0,,,,,,,,,
598030,2013,2013-04-25,"MA Chidambaram Stadium, Chepauk",1,15.3,Sunrisers Hyderabad,Chennai Super Kings,X Thalaivan Sargunam,DJG Sammy,DJ Bravo,0,0,,,,,,caught and bowled,X Thalaivan Sargunam,,
598030,2013,2013-04-25,"MA Chidambaram Stadium, Chepauk",1,15.4,Sunrisers Hyderabad,Chennai Super Kings,DJG Sammy,A Ashish Reddy,DJ Bravo,1,0,,,,,,,,,
598030,2013,2013-04-25,"MA Chidambaram Stadium, Chepauk",1,15.5,Sunrisers Hyderabad,Chennai Super Kings,A Ashish Reddy,DJG Sammy,DJ Bravo,0,0,,,,,,,,,
598030,2013,2013-04-25,"MA Chidambaram Stadium, Chepauk",1,15.6,Sunrisers Hyderabad,Chennai Super Kings,A Ashish Reddy,DJG Sammy,DJ Bravo,1,0,,,,,,,,,
598030,2013,2013-04-25,"MA Chidambaram Stadium, Chepauk",1,16.1,Sunrisers Hyderabad,Chennai Super Kings,A Ashish Reddy,DJG Sammy,CH Morris,1,0,,,,,,,,,
598030,2013,2013-04-25,"MA Chidambaram Stadium, Chepauk",1,16.2,Sunrisers Hyderabad,Chennai Super Kings,DJG Sammy,A Ashish Reddy,CH Morris,4,0,,,,,,,,,
598030,2013,2013-04-25,"MA Chidambaram Stadium, Chepauk",1,16.3,Sunrisers Hyderabad,Chennai Super Kings,DJG Sammy,A Ashish Reddy,CH Morris,1,0,,,,,,,,,
598030,2013,2013-04-25,"MA Chidambaram Stadium, Chepauk",1,16.4,Sunrisers Hyderabad,Chennai Super Kings,A Ashish Reddy,DJG Sammy,CH Morris,6,0,,,,,,,,,
598030,2013,2013-04-25,"MA Chidambaram Stadium, Chepauk",1,16.5,Sunrisers Hyderabad,Chennai Super Kings,A Ashish Reddy,DJG Sammy,CH Morris,0,0,,,,,,,,,
598030,2013,2013-04-25,"MA Chidambaram Stadium, Chepauk",1,16.6,Sunrisers Hyderabad,Chennai Super Kings,A Ashish Reddy,DJG Sammy,CH Morris,3,0,,,,,,,,,
598030,2013,2013-04-25,"MA Chidambaram Stadium, Chepauk",1,17.1,Sunrisers Hyderabad,Chennai Super Kings,A Ashish Reddy,DJG Sammy,DJ Bravo,1,0,,,,,,,,,
598030,2013,2013-04-25,"MA Chidambaram Stadium, Chepauk",1,17.2,Sunrisers Hyderabad,Chennai Super Kings,DJG Sammy,A Ashish Reddy,DJ Bravo,0,0,,,,,,caught,DJG Sammy,,
598030,2013,2013-04-25,"MA Chidambaram Stadium, Chepauk",1,17.3,Sunrisers Hyderabad,Chennai Super Kings,S Dhawan,A Ashish Reddy,DJ Bravo,1,0,,,,,,,,,
598030,2013,2013-04-25,"MA Chidambaram Stadium, Chepauk",1,17.4,Sunrisers Hyderabad,Chennai Super Kings,A Ashish Reddy,S Dhawan,DJ Bravo,1,0,,,,,,,,,
598030,2013,2013-04-25,"MA Chidambaram Stadium, Chepauk",1,17.5,Sunrisers Hyderabad,Chennai Super Kings,S Dhawan,A Ashish Reddy,DJ Bravo,4,0,,,,,,,,,
598030,2013,2013-04-25,"MA Chidambaram Stadium, Chepauk",1,17.6,Sunrisers Hyderabad,Chennai Super Kings,S Dhawan,A Ashish Reddy,DJ Bravo,4,0,,,,,,,,,
598030,2013,2013-04-25,"MA Chidambaram Stadium, Chepauk",1,18.1,Sunrisers Hyderabad,Chennai Super Kings,A Ashish Reddy,S Dhawan,MM Sharma,6,0,,,,,,,,,
598030,2013,2013-04-25,"MA Chidambaram Stadium, Chepauk",1,18.2,Sunrisers Hyderabad,Chennai Super Kings,A Ashish Reddy,S Dhawan,MM Sharma,1,0,,,,,,,,,
598030,2013,2013-04-25,"MA Chidambaram Stadium, Chepauk",1,18.3,Sunrisers Hyderabad,Chennai Super Kings,S Dhawan,A Ashish Reddy,MM Sharma,0,0,,,,,,,,,
598030,2013,2013-04-25,"MA Chidambaram Stadium, Chepauk",1,18.4,Sunrisers Hyderabad,Chennai Super Kings,S Dhawan,A Ashish Reddy,MM Sharma,2,0,,,,,,,,,
598030,2013,2013-04-25,"MA Chidambaram Stadium, Chepauk",1,18.5,Sunrisers Hyderabad,Chennai Super Kings,S Dhawan,A Ashish Reddy,MM Sharma,4,0,,,,,,,,,
598030,2013,2013-04-25,"MA Chidambaram Stadium, Chepauk",1,18.6,Sunrisers Hyderabad,Chennai Super Kings,S Dhawan,A Ashish Reddy,MM Sharma,4,0,,,,,,,,,
598030,2013,2013-04-25,"MA Chidambaram Stadium, Chepauk",1,19.1,Sunrisers Hyderabad,Chennai Super Kings,A Ashish Reddy,S Dhawan,DJ Bravo,2,0,,,,,,,,,
598030,2013,2013-04-25,"MA Chidambaram Stadium, Chepauk",1,19.2,Sunrisers Hyderabad,Chennai Super Kings,A Ashish Reddy,S Dhawan,DJ Bravo,4,0,,,,,,,,,
598030,2013,2013-04-25,"MA Chidambaram Stadium, Chepauk",1,19.3,Sunrisers Hyderabad,Chennai Super Kings,A Ashish Reddy,S Dhawan,DJ Bravo,0,0,,,,,,,,,
598030,2013,2013-04-25,"MA Chidambaram Stadium, Chepauk",1,19.4,Sunrisers Hyderabad,Chennai Super Kings,A Ashish Reddy,S Dhawan,DJ Bravo,6,0,,,,,,,,,
598030,2013,2013-04-25,"MA Chidambaram Stadium, Chepauk",1,19.5,Sunrisers Hyderabad,Chennai Super Kings,A Ashish Reddy,S Dhawan,DJ Bravo,4,0,,,,,,,,,
598030,2013,2013-04-25,"MA Chidambaram Stadium, Chepauk",1,19.6,Sunrisers Hyderabad,Chennai Super Kings,A Ashish Reddy,S Dhawan,DJ Bravo,0,0,,,,,,,,,
598030,2013,2013-04-25,"MA Chidambaram Stadium, Chepauk",2,0.1,Chennai Super Kings,Sunrisers Hyderabad,MEK Hussey,M Vijay,DJG Sammy,0,0,,,,,,,,,
598030,2013,2013-04-25,"MA Chidambaram Stadium, Chepauk",2,0.2,Chennai Super Kings,Sunrisers Hyderabad,MEK Hussey,M Vijay,DJG Sammy,1,0,,,,,,,,,
598030,2013,2013-04-25,"MA Chidambaram Stadium, Chepauk",2,0.3,Chennai Super Kings,Sunrisers Hyderabad,M Vijay,MEK Hussey,DJG Sammy,0,0,,,,,,,,,
598030,2013,2013-04-25,"MA Chidambaram Stadium, Chepauk",2,0.4,Chennai Super Kings,Sunrisers Hyderabad,M Vijay,MEK Hussey,DJG Sammy,1,0,,,,,,,,,
598030,2013,2013-04-25,"MA Chidambaram Stadium, Chepauk",2,0.5,Chennai Super Kings,Sunrisers Hyderabad,MEK Hussey,M Vijay,DJG Sammy,1,0,,,,,,,,,
598030,2013,2013-04-25,"MA Chidambaram Stadium, Chepauk",2,0.6,Chennai Super Kings,Sunrisers Hyderabad,M Vijay,MEK Hussey,DJG Sammy,1,0,,,,,,,,,
598030,2013,2013-04-25,"MA Chidambaram Stadium, Chepauk",2,1.1,Chennai Super Kings,Sunrisers Hyderabad,M Vijay,MEK Hussey,I Sharma,0,0,,,,,,,,,
598030,2013,2013-04-25,"MA Chidambaram Stadium, Chepauk",2,1.2,Chennai Super Kings,Sunrisers Hyderabad,M Vijay,MEK Hussey,I Sharma,0,1,1,,,,,,,,
598030,2013,2013-04-25,"MA Chidambaram Stadium, Chepauk",2,1.3,Chennai Super Kings,Sunrisers Hyderabad,M Vijay,MEK Hussey,I Sharma,4,0,,,,,,,,,
598030,2013,2013-04-25,"MA Chidambaram Stadium, Chepauk",2,1.4,Chennai Super Kings,Sunrisers Hyderabad,M Vijay,MEK Hussey,I Sharma,0,0,,,,,,,,,
598030,2013,2013-04-25,"MA Chidambaram Stadium, Chepauk",2,1.5,Chennai Super Kings,Sunrisers Hyderabad,M Vijay,MEK Hussey,I Sharma,3,0,,,,,,,,,
598030,2013,2013-04-25,"MA Chidambaram Stadium, Chepauk",2,1.6,Chennai Super Kings,Sunrisers Hyderabad,MEK Hussey,M Vijay,I Sharma,4,0,,,,,,,,,
598030,2013,2013-04-25,"MA Chidambaram Stadium, Chepauk",2,1.7,Chennai Super Kings,Sunrisers Hyderabad,MEK Hussey,M Vijay,I Sharma,1,0,,,,,,,,,
598030,2013,2013-04-25,"MA Chidambaram Stadium, Chepauk",2,2.1,Chennai Super Kings,Sunrisers Hyderabad,MEK Hussey,M Vijay,DW Steyn,0,1,1,,,,,,,,
598030,2013,2013-04-25,"MA Chidambaram Stadium, Chepauk",2,2.2,Chennai Super Kings,Sunrisers Hyderabad,MEK Hussey,M Vijay,DW Steyn,4,0,,,,,,,,,
598030,2013,2013-04-25,"MA Chidambaram Stadium, Chepauk",2,2.3,Chennai Super Kings,Sunrisers Hyderabad,MEK Hussey,M Vijay,DW Steyn,1,0,,,,,,,,,
598030,2013,2013-04-25,"MA Chidambaram Stadium, Chepauk",2,2.4,Chennai Super Kings,Sunrisers Hyderabad,M Vijay,MEK Hussey,DW Steyn,0,0,,,,,,,,,
598030,2013,2013-04-25,"MA Chidambaram Stadium, Chepauk",2,2.5,Chennai Super Kings,Sunrisers Hyderabad,M Vijay,MEK Hussey,DW Steyn,0,0,,,,,,,,,
598030,2013,2013-04-25,"MA Chidambaram Stadium, Chepauk",2,2.6,Chennai Super Kings,Sunrisers Hyderabad,M Vijay,MEK Hussey,DW Steyn,4,0,,,,,,,,,
598030,2013,2013-04-25,"MA Chidambaram Stadium, Chepauk",2,2.7,Chennai Super Kings,Sunrisers Hyderabad,M Vijay,MEK Hussey,DW Steyn,0,0,,,,,,,,,
598030,2013,2013-04-25,"MA Chidambaram Stadium, Chepauk",2,3.1,Chennai Super Kings,Sunrisers Hyderabad,MEK Hussey,M Vijay,DJG Sammy,6,0,,,,,,,,,
598030,2013,2013-04-25,"MA Chidambaram Stadium, Chepauk",2,3.2,Chennai Super Kings,Sunrisers Hyderabad,MEK Hussey,M Vijay,DJG Sammy,1,0,,,,,,,,,
598030,2013,2013-04-25,"MA Chidambaram Stadium, Chepauk",2,3.3,Chennai Super Kings,Sunrisers Hyderabad,M Vijay,MEK Hussey,DJG Sammy,0,0,,,,,,,,,
598030,2013,2013-04-25,"MA Chidambaram Stadium, Chepauk",2,3.4,Chennai Super Kings,Sunrisers Hyderabad,M Vijay,MEK Hussey,DJG Sammy,1,0,,,,,,,,,
598030,2013,2013-04-25,"MA Chidambaram Stadium, Chepauk",2,3.5,Chennai Super Kings,Sunrisers Hyderabad,MEK Hussey,M Vijay,DJG Sammy,0,1,1,,,,,,,,
598030,2013,2013-04-25,"MA Chidambaram Stadium, Chepauk",2,3.6,Chennai Super Kings,Sunrisers Hyderabad,MEK Hussey,M Vijay,DJG Sammy,2,0,,,,,,,,,
598030,2013,2013-04-25,"MA Chidambaram Stadium, Chepauk",2,3.7,Chennai Super Kings,Sunrisers Hyderabad,MEK Hussey,M Vijay,DJG Sammy,4,0,,,,,,,,,
598030,2013,2013-04-25,"MA Chidambaram Stadium, Chepauk",2,4.1,Chennai Super Kings,Sunrisers Hyderabad,M Vijay,MEK Hussey,KV Sharma,0,0,,,,,,,,,
598030,2013,2013-04-25,"MA Chidambaram Stadium, Chepauk",2,4.2,Chennai Super Kings,Sunrisers Hyderabad,M Vijay,MEK Hussey,KV Sharma,0,0,,,,,,,,,
598030,2013,2013-04-25,"MA Chidambaram Stadium, Chepauk",2,4.3,Chennai Super Kings,Sunrisers Hyderabad,M Vijay,MEK Hussey,KV Sharma,1,0,,,,,,,,,
598030,2013,2013-04-25,"MA Chidambaram Stadium, Chepauk",2,4.4,Chennai Super Kings,Sunrisers Hyderabad,MEK Hussey,M Vijay,KV Sharma,1,0,,,,,,,,,
598030,2013,2013-04-25,"MA Chidambaram Stadium, Chepauk",2,4.5,Chennai Super Kings,Sunrisers Hyderabad,M Vijay,MEK Hussey,KV Sharma,1,0,,,,,,,,,
598030,2013,2013-04-25,"MA Chidambaram Stadium, Chepauk",2,4.6,Chennai Super Kings,Sunrisers Hyderabad,MEK Hussey,M Vijay,KV Sharma,1,0,,,,,,,,,
598030,2013,2013-04-25,"MA Chidambaram Stadium, Chepauk",2,5.1,Chennai Super Kings,Sunrisers Hyderabad,MEK Hussey,M Vijay,A Mishra,0,0,,,,,,,,,
598030,2013,2013-04-25,"MA Chidambaram Stadium, Chepauk",2,5.2,Chennai Super Kings,Sunrisers Hyderabad,MEK Hussey,M Vijay,A Mishra,6,0,,,,,,,,,
598030,2013,2013-04-25,"MA Chidambaram Stadium, Chepauk",2,5.3,Chennai Super Kings,Sunrisers Hyderabad,MEK Hussey,M Vijay,A Mishra,1,0,,,,,,,,,
598030,2013,2013-04-25,"MA Chidambaram Stadium, Chepauk",2,5.4,Chennai Super Kings,Sunrisers Hyderabad,M Vijay,MEK Hussey,A Mishra,1,0,,,,,,,,,
598030,2013,2013-04-25,"MA Chidambaram Stadium, Chepauk",2,5.5,Chennai Super Kings,Sunrisers Hyderabad,MEK Hussey,M Vijay,A Mishra,4,0,,,,,,,,,
598030,2013,2013-04-25,"MA Chidambaram Stadium, Chepauk",2,5.6,Chennai Super Kings,Sunrisers Hyderabad,MEK Hussey,M Vijay,A Mishra,0,0,,,,,,,,,
598030,2013,2013-04-25,"MA Chidambaram Stadium, Chepauk",2,6.1,Chennai Super Kings,Sunrisers Hyderabad,M Vijay,MEK Hussey,KV Sharma,0,0,,,,,,,,,
598030,2013,2013-04-25,"MA Chidambaram Stadium, Chepauk",2,6.2,Chennai Super Kings,Sunrisers Hyderabad,M Vijay,MEK Hussey,KV Sharma,0,0,,,,,,,,,
598030,2013,2013-04-25,"MA Chidambaram Stadium, Chepauk",2,6.3,Chennai Super Kings,Sunrisers Hyderabad,M Vijay,MEK Hussey,KV Sharma,1,0,,,,,,,,,
598030,2013,2013-04-25,"MA Chidambaram Stadium, Chepauk",2,6.4,Chennai Super Kings,Sunrisers Hyderabad,MEK Hussey,M Vijay,KV Sharma,0,0,,,,,,,,,
598030,2013,2013-04-25,"MA Chidambaram Stadium, Chepauk",2,6.5,Chennai Super Kings,Sunrisers Hyderabad,MEK Hussey,M Vijay,KV Sharma,0,0,,,,,,,,,
598030,2013,2013-04-25,"MA Chidambaram Stadium, Chepauk",2,6.6,Chennai Super Kings,Sunrisers Hyderabad,MEK Hussey,M Vijay,KV Sharma,1,0,,,,,,,,,
598030,2013,2013-04-25,"MA Chidambaram Stadium, Chepauk",2,7.1,Chennai Super Kings,Sunrisers Hyderabad,MEK Hussey,M Vijay,A Mishra,4,0,,,,,,,,,
598030,2013,2013-04-25,"MA Chidambaram Stadium, Chepauk",2,7.2,Chennai Super Kings,Sunrisers Hyderabad,MEK Hussey,M Vijay,A Mishra,1,0,,,,,,,,,
598030,2013,2013-04-25,"MA Chidambaram Stadium, Chepauk",2,7.3,Chennai Super Kings,Sunrisers Hyderabad,M Vijay,MEK Hussey,A Mishra,0,0,,,,,,stumped,M Vijay,,
598030,2013,2013-04-25,"MA Chidambaram Stadium, Chepauk",2,7.4,Chennai Super Kings,Sunrisers Hyderabad,SK Raina,MEK Hussey,A Mishra,2,0,,,,,,,,,
598030,2013,2013-04-25,"MA Chidambaram Stadium, Chepauk",2,7.5,Chennai Super Kings,Sunrisers Hyderabad,SK Raina,MEK Hussey,A Mishra,1,0,,,,,,,,,
598030,2013,2013-04-25,"MA Chidambaram Stadium, Chepauk",2,7.6,Chennai Super Kings,Sunrisers Hyderabad,MEK Hussey,SK Raina,A Mishra,0,0,,,,,,,,,
598030,2013,2013-04-25,"MA Chidambaram Stadium, Chepauk",2,8.1,Chennai Super Kings,Sunrisers Hyderabad,SK Raina,MEK Hussey,I Sharma,1,0,,,,,,,,,
598030,2013,2013-04-25,"MA Chidambaram Stadium, Chepauk",2,8.2,Chennai Super Kings,Sunrisers Hyderabad,MEK Hussey,SK Raina,I Sharma,1,0,,,,,,,,,
598030,2013,2013-04-25,"MA Chidambaram Stadium, Chepauk",2,8.3,Chennai Super Kings,Sunrisers Hyderabad,SK Raina,MEK Hussey,I Sharma,2,0,,,,,,,,,
598030,2013,2013-04-25,"MA Chidambaram Stadium, Chepauk",2,8.4,Chennai Super Kings,Sunrisers Hyderabad,SK Raina,MEK Hussey,I Sharma,2,0,,,,,,,,,
598030,2013,2013-04-25,"MA Chidambaram Stadium, Chepauk",2,8.5,Chennai Super Kings,Sunrisers Hyderabad,SK Raina,MEK Hussey,I Sharma,0,0,,,,,,,,,
598030,2013,2013-04-25,"MA Chidambaram Stadium, Chepauk",2,8.6,Chennai Super Kings,Sunrisers Hyderabad,SK Raina,MEK Hussey,I Sharma,0,1,,,,1,,,,,
598030,2013,2013-04-25,"MA Chidambaram Stadium, Chepauk",2,9.1,Chennai Super Kings,Sunrisers Hyderabad,SK Raina,MEK Hussey,A Mishra,1,0,,,,,,,,,
598030,2013,2013-04-25,"MA Chidambaram Stadium, Chepauk",2,9.2,Chennai Super Kings,Sunrisers Hyderabad,MEK Hussey,SK Raina,A Mishra,0,0,,,,,,caught,MEK Hussey,,
598030,2013,2013-04-25,"MA Chidambaram Stadium, Chepauk",2,9.3,Chennai Super Kings,Sunrisers Hyderabad,MS Dhoni,SK Raina,A Mishra,0,0,,,,,,,,,
598030,2013,2013-04-25,"MA Chidambaram Stadium, Chepauk",2,9.4,Chennai Super Kings,Sunrisers Hyderabad,MS Dhoni,SK Raina,A Mishra,0,0,,,,,,,,,
598030,2013,2013-04-25,"MA Chidambaram Stadium, Chepauk",2,9.5,Chennai Super Kings,Sunrisers Hyderabad,MS Dhoni,SK Raina,A Mishra,0,0,,,,,,,,,
598030,2013,2013-04-25,"MA Chidambaram Stadium, Chepauk",2,9.6,Chennai Super Kings,Sunrisers Hyderabad,MS Dhoni,SK Raina,A Mishra,0,0,,,,,,,,,
598030,2013,2013-04-25,"MA Chidambaram Stadium, Chepauk",2,10.1,Chennai Super Kings,Sunrisers Hyderabad,SK Raina,MS Dhoni,DW Steyn,4,0,,,,,,,,,
598030,2013,2013-04-25,"MA Chidambaram Stadium, Chepauk",2,10.2,Chennai Super Kings,Sunrisers Hyderabad,SK Raina,MS Dhoni,DW Steyn,1,0,,,,,,,,,
598030,2013,2013-04-25,"MA Chidambaram Stadium, Chepauk",2,10.3,Chennai Super Kings,Sunrisers Hyderabad,MS Dhoni,SK Raina,DW Steyn,0,0,,,,,,,,,
598030,2013,2013-04-25,"MA Chidambaram Stadium, Chepauk",2,10.4,Chennai Super Kings,Sunrisers Hyderabad,MS Dhoni,SK Raina,DW Steyn,0,0,,,,,,,,,
598030,2013,2013-04-25,"MA Chidambaram Stadium, Chepauk",2,10.5,Chennai Super Kings,Sunrisers Hyderabad,MS Dhoni,SK Raina,DW Steyn,2,0,,,,,,,,,
598030,2013,2013-04-25,"MA Chidambaram Stadium, Chepauk",2,10.6,Chennai Super Kings,Sunrisers Hyderabad,MS Dhoni,SK Raina,DW Steyn,1,0,,,,,,,,,
598030,2013,2013-04-25,"MA Chidambaram Stadium, Chepauk",2,11.1,Chennai Super Kings,Sunrisers Hyderabad,MS Dhoni,SK Raina,KV Sharma,0,0,,,,,,,,,
598030,2013,2013-04-25,"MA Chidambaram Stadium, Chepauk",2,11.2,Chennai Super Kings,Sunrisers Hyderabad,MS Dhoni,SK Raina,KV Sharma,0,0,,,,,,,,,
598030,2013,2013-04-25,"MA Chidambaram Stadium, Chepauk",2,11.3,Chennai Super Kings,Sunrisers Hyderabad,MS Dhoni,SK Raina,KV Sharma,1,0,,,,,,,,,
598030,2013,2013-04-25,"MA Chidambaram Stadium, Chepauk",2,11.4,Chennai Super Kings,Sunrisers Hyderabad,SK Raina,MS Dhoni,KV Sharma,1,0,,,,,,,,,
598030,2013,2013-04-25,"MA Chidambaram Stadium, Chepauk",2,11.5,Chennai Super Kings,Sunrisers Hyderabad,MS Dhoni,SK Raina,KV Sharma,0,0,,,,,,,,,
598030,2013,2013-04-25,"MA Chidambaram Stadium, Chepauk",2,11.6,Chennai Super Kings,Sunrisers Hyderabad,MS Dhoni,SK Raina,KV Sharma,0,0,,,,,,,,,
598030,2013,2013-04-25,"MA Chidambaram Stadium, Chepauk",2,12.1,Chennai Super Kings,Sunrisers Hyderabad,SK Raina,MS Dhoni,DJG Sammy,1,0,,,,,,,,,
598030,2013,2013-04-25,"MA Chidambaram Stadium, Chepauk",2,12.2,Chennai Super Kings,Sunrisers Hyderabad,MS Dhoni,SK Raina,DJG Sammy,4,0,,,,,,,,,
598030,2013,2013-04-25,"MA Chidambaram Stadium, Chepauk",2,12.3,Chennai Super Kings,Sunrisers Hyderabad,MS Dhoni,SK Raina,DJG Sammy,2,0,,,,,,,,,
598030,2013,2013-04-25,"MA Chidambaram Stadium, Chepauk",2,12.4,Chennai Super Kings,Sunrisers Hyderabad,MS Dhoni,SK Raina,DJG Sammy,0,0,,,,,,,,,
598030,2013,2013-04-25,"MA Chidambaram Stadium, Chepauk",2,12.5,Chennai Super Kings,Sunrisers Hyderabad,MS Dhoni,SK Raina,DJG Sammy,4,0,,,,,,,,,
598030,2013,2013-04-25,"MA Chidambaram Stadium, Chepauk",2,12.6,Chennai Super Kings,Sunrisers Hyderabad,MS Dhoni,SK Raina,DJG Sammy,1,0,,,,,,,,,
598030,2013,2013-04-25,"MA Chidambaram Stadium, Chepauk",2,13.1,Chennai Super Kings,Sunrisers Hyderabad,MS Dhoni,SK Raina,A Mishra,1,0,,,,,,,,,
598030,2013,2013-04-25,"MA Chidambaram Stadium, Chepauk",2,13.2,Chennai Super Kings,Sunrisers Hyderabad,SK Raina,MS Dhoni,A Mishra,0,0,,,,,,caught,SK Raina,,
598030,2013,2013-04-25,"MA Chidambaram Stadium, Chepauk",2,13.3,Chennai Super Kings,Sunrisers Hyderabad,DJ Bravo,MS Dhoni,A Mishra,0,0,,,,,,,,,
598030,2013,2013-04-25,"MA Chidambaram Stadium, Chepauk",2,13.4,Chennai Super Kings,Sunrisers Hyderabad,DJ Bravo,MS Dhoni,A Mishra,2,0,,,,,,,,,
598030,2013,2013-04-25,"MA Chidambaram Stadium, Chepauk",2,13.5,Chennai Super Kings,Sunrisers Hyderabad,DJ Bravo,MS Dhoni,A Mishra,1,0,,,,,,,,,
598030,2013,2013-04-25,"MA Chidambaram Stadium, Chepauk",2,13.6,Chennai Super Kings,Sunrisers Hyderabad,MS Dhoni,DJ Bravo,A Mishra,1,0,,,,,,,,,
598030,2013,2013-04-25,"MA Chidambaram Stadium, Chepauk",2,14.1,Chennai Super Kings,Sunrisers Hyderabad,MS Dhoni,DJ Bravo,I Sharma,0,1,,1,,,,,,,
598030,2013,2013-04-25,"MA Chidambaram Stadium, Chepauk",2,14.2,Chennai Super Kings,Sunrisers Hyderabad,MS Dhoni,DJ Bravo,I Sharma,0,0,,,,,,,,,
598030,2013,2013-04-25,"MA Chidambaram Stadium, Chepauk",2,14.3,Chennai Super Kings,Sunrisers Hyderabad,MS Dhoni,DJ Bravo,I Sharma,4,0,,,,,,,,,
598030,2013,2013-04-25,"MA Chidambaram Stadium, Chepauk",2,14.4,Chennai Super Kings,Sunrisers Hyderabad,MS Dhoni,DJ Bravo,I Sharma,4,0,,,,,,,,,
598030,2013,2013-04-25,"MA Chidambaram Stadium, Chepauk",2,14.5,Chennai Super Kings,Sunrisers Hyderabad,MS Dhoni,DJ Bravo,I Sharma,1,0,,,,,,,,,
598030,2013,2013-04-25,"MA Chidambaram Stadium, Chepauk",2,14.6,Chennai Super Kings,Sunrisers Hyderabad,DJ Bravo,MS Dhoni,I Sharma,0,0,,,,,,,,,
598030,2013,2013-04-25,"MA Chidambaram Stadium, Chepauk",2,14.7,Chennai Super Kings,Sunrisers Hyderabad,DJ Bravo,MS Dhoni,I Sharma,1,0,,,,,,,,,
598030,2013,2013-04-25,"MA Chidambaram Stadium, Chepauk",2,15.1,Chennai Super Kings,Sunrisers Hyderabad,DJ Bravo,MS Dhoni,KV Sharma,0,0,,,,,,,,,
598030,2013,2013-04-25,"MA Chidambaram Stadium, Chepauk",2,15.2,Chennai Super Kings,Sunrisers Hyderabad,DJ Bravo,MS Dhoni,KV Sharma,0,0,,,,,,,,,
598030,2013,2013-04-25,"MA Chidambaram Stadium, Chepauk",2,15.3,Chennai Super Kings,Sunrisers Hyderabad,DJ Bravo,MS Dhoni,KV Sharma,0,0,,,,,,,,,
598030,2013,2013-04-25,"MA Chidambaram Stadium, Chepauk",2,15.4,Chennai Super Kings,Sunrisers Hyderabad,DJ Bravo,MS Dhoni,KV Sharma,0,0,,,,,,,,,
598030,2013,2013-04-25,"MA Chidambaram Stadium, Chepauk",2,15.5,Chennai Super Kings,Sunrisers Hyderabad,DJ Bravo,MS Dhoni,KV Sharma,0,0,,,,,,,,,
598030,2013,2013-04-25,"MA Chidambaram Stadium, Chepauk",2,15.6,Chennai Super Kings,Sunrisers Hyderabad,DJ Bravo,MS Dhoni,KV Sharma,0,0,,,,,,,,,
598030,2013,2013-04-25,"MA Chidambaram Stadium, Chepauk",2,16.1,Chennai Super Kings,Sunrisers Hyderabad,MS Dhoni,DJ Bravo,DW Steyn,6,0,,,,,,,,,
598030,2013,2013-04-25,"MA Chidambaram Stadium, Chepauk",2,16.2,Chennai Super Kings,Sunrisers Hyderabad,MS Dhoni,DJ Bravo,DW Steyn,6,0,,,,,,,,,
598030,2013,2013-04-25,"MA Chidambaram Stadium, Chepauk",2,16.3,Chennai Super Kings,Sunrisers Hyderabad,MS Dhoni,DJ Bravo,DW Steyn,1,0,,,,,,,,,
598030,2013,2013-04-25,"MA Chidambaram Stadium, Chepauk",2,16.4,Chennai Super Kings,Sunrisers Hyderabad,DJ Bravo,MS Dhoni,DW Steyn,0,0,,,,,,,,,
598030,2013,2013-04-25,"MA Chidambaram Stadium, Chepauk",2,16.5,Chennai Super Kings,Sunrisers Hyderabad,DJ Bravo,MS Dhoni,DW Steyn,0,0,,,,,,,,,
598030,2013,2013-04-25,"MA Chidambaram Stadium, Chepauk",2,16.6,Chennai Super Kings,Sunrisers Hyderabad,DJ Bravo,MS Dhoni,DW Steyn,1,0,,,,,,,,,
598030,2013,2013-04-25,"MA Chidambaram Stadium, Chepauk",2,17.1,Chennai Super Kings,Sunrisers Hyderabad,DJ Bravo,MS Dhoni,I Sharma,2,0,,,,,,,,,
598030,2013,2013-04-25,"MA Chidambaram Stadium, Chepauk",2,17.2,Chennai Super Kings,Sunrisers Hyderabad,DJ Bravo,MS Dhoni,I Sharma,0,0,,,,,,caught,DJ Bravo,,
598030,2013,2013-04-25,"MA Chidambaram Stadium, Chepauk",2,17.3,Chennai Super Kings,Sunrisers Hyderabad,RA Jadeja,MS Dhoni,I Sharma,0,0,,,,,,,,,
598030,2013,2013-04-25,"MA Chidambaram Stadium, Chepauk",2,17.4,Chennai Super Kings,Sunrisers Hyderabad,RA Jadeja,MS Dhoni,I Sharma,1,0,,,,,,,,,
598030,2013,2013-04-25,"MA Chidambaram Stadium, Chepauk",2,17.5,Chennai Super Kings,Sunrisers Hyderabad,MS Dhoni,RA Jadeja,I Sharma,1,0,,,,,,,,,
598030,2013,2013-04-25,"MA Chidambaram Stadium, Chepauk",2,17.6,Chennai Super Kings,Sunrisers Hyderabad,RA Jadeja,MS Dhoni,I Sharma,0,0,,,,,,,,,
598030,2013,2013-04-25,"MA Chidambaram Stadium, Chepauk",2,18.1,Chennai Super Kings,Sunrisers Hyderabad,MS Dhoni,RA Jadeja,DW Steyn,2,0,,,,,,,,,
598030,2013,2013-04-25,"MA Chidambaram Stadium, Chepauk",2,18.2,Chennai Super Kings,Sunrisers Hyderabad,MS Dhoni,RA Jadeja,DW Steyn,4,0,,,,,,,,,
598030,2013,2013-04-25,"MA Chidambaram Stadium, Chepauk",2,18.3,Chennai Super Kings,Sunrisers Hyderabad,MS Dhoni,RA Jadeja,DW Steyn,6,0,,,,,,,,,
598030,2013,2013-04-25,"MA Chidambaram Stadium, Chepauk",2,18.4,Chennai Super Kings,Sunrisers Hyderabad,MS Dhoni,RA Jadeja,DW Steyn,1,0,,,,,,,,,
598030,2013,2013-04-25,"MA Chidambaram Stadium, Chepauk",2,18.5,Chennai Super Kings,Sunrisers Hyderabad,RA Jadeja,MS Dhoni,DW Steyn,0,0,,,,,,caught,RA Jadeja,,
598030,2013,2013-04-25,"MA Chidambaram Stadium, Chepauk",2,18.6,Chennai Super Kings,Sunrisers Hyderabad,CH Morris,MS Dhoni,DW Steyn,0,0,,,,,,,,,
598030,2013,2013-04-25,"MA Chidambaram Stadium, Chepauk",2,19.1,Chennai Super Kings,Sunrisers Hyderabad,MS Dhoni,CH Morris,A Ashish Reddy,0,1,1,,,,,,,,
598030,2013,2013-04-25,"MA Chidambaram Stadium, Chepauk",2,19.2,Chennai Super Kings,Sunrisers Hyderabad,MS Dhoni,CH Morris,A Ashish Reddy,0,0,,,,,,,,,
598030,2013,2013-04-25,"MA Chidambaram Stadium, Chepauk",2,19.3,Chennai Super Kings,Sunrisers Hyderabad,MS Dhoni,CH Morris,A Ashish Reddy,6,0,,,,,,,,,
598030,2013,2013-04-25,"MA Chidambaram Stadium, Chepauk",2,19.4,Chennai Super Kings,Sunrisers Hyderabad,MS Dhoni,CH Morris,A Ashish Reddy,4,0,,,,,,,,,
598030,2013,2013-04-25,"MA Chidambaram Stadium, Chepauk",2,19.5,Chennai Super Kings,Sunrisers Hyderabad,MS Dhoni,CH Morris,A Ashish Reddy,4,0,,,,,,,,,
