match_id,season,start_date,venue,innings,ball,batting_team,bowling_team,striker,non_striker,bowler,runs_off_bat,extras,wides,noballs,byes,legbyes,penalty,wicket_type,player_dismissed,other_wicket_type,other_player_dismissed
598028,2013,2013-05-16,Himachal Pradesh Cricket Association Stadium,1,0.1,Kings XI Punjab,Delhi Daredevils,AC Gilchrist,SE Marsh,IK Pathan,0,0,,,,,,,,,
598028,2013,2013-05-16,Himachal Pradesh Cricket Association Stadium,1,0.2,Kings XI Punjab,Delhi Daredevils,AC Gilchrist,SE Marsh,IK Pathan,1,0,,,,,,,,,
598028,2013,2013-05-16,Himachal Pradesh Cricket Association Stadium,1,0.3,Kings XI Punjab,Delhi Daredevils,SE Marsh,AC Gilchrist,IK Pathan,0,0,,,,,,,,,
598028,2013,2013-05-16,Himachal Pradesh Cricket Association Stadium,1,0.4,Kings XI Punjab,Delhi Daredevils,SE Marsh,AC Gilchrist,IK Pathan,0,0,,,,,,,,,
598028,2013,2013-05-16,Himachal Pradesh Cricket Association Stadium,1,0.5,Kings XI Punjab,Delhi Daredevils,SE Marsh,AC Gilchrist,IK Pathan,4,0,,,,,,,,,
598028,2013,2013-05-16,Himachal Pradesh Cricket Association Stadium,1,0.6,Kings XI Punjab,Delhi Daredevils,SE Marsh,AC Gilchrist,IK Pathan,4,0,,,,,,,,,
598028,2013,2013-05-16,Himachal Pradesh Cricket Association Stadium,1,1.1,Kings XI Punjab,Delhi Daredevils,AC Gilchrist,SE Marsh,S Kaul,1,0,,,,,,,,,
598028,2013,2013-05-16,Himachal Pradesh Cricket Association Stadium,1,1.2,Kings XI Punjab,Delhi Daredevils,SE Marsh,AC Gilchrist,S Kaul,0,0,,,,,,,,,
598028,2013,2013-05-16,Himachal Pradesh Cricket Association Stadium,1,1.3,Kings XI Punjab,Delhi Daredevils,SE Marsh,AC Gilchrist,S Kaul,0,0,,,,,,,,,
598028,2013,2013-05-16,Himachal Pradesh Cricket Association Stadium,1,1.4,Kings XI Punjab,Delhi Daredevils,SE Marsh,AC Gilchrist,S Kaul,0,1,1,,,,,,,,
598028,2013,2013-05-16,Himachal Pradesh Cricket Association Stadium,1,1.5,Kings XI Punjab,Delhi Daredevils,SE Marsh,AC Gilchrist,S Kaul,0,1,,,,1,,,,,
598028,2013,2013-05-16,Himachal Pradesh Cricket Association Stadium,1,1.6,Kings XI Punjab,Delhi Daredevils,AC Gilchrist,SE Marsh,S Kaul,4,0,,,,,,,,,
598028,2013,2013-05-16,Himachal Pradesh Cricket Association Stadium,1,1.7,Kings XI Punjab,Delhi Daredevils,AC Gilchrist,SE Marsh,S Kaul,1,0,,,,,,,,,
598028,2013,2013-05-16,Himachal Pradesh Cricket Association Stadium,1,2.1,Kings XI Punjab,Delhi Daredevils,AC Gilchrist,SE Marsh,M Morkel,1,0,,,,,,,,,
598028,2013,2013-05-16,Himachal Pradesh Cricket Association Stadium,1,2.2,Kings XI Punjab,Delhi Daredevils,SE Marsh,AC Gilchrist,M Morkel,4,0,,,,,,,,,
598028,2013,2013-05-16,Himachal Pradesh Cricket Association Stadium,1,2.3,Kings XI Punjab,Delhi Daredevils,SE Marsh,AC Gilchrist,M Morkel,1,0,,,,,,,,,
598028,2013,2013-05-16,Himachal Pradesh Cricket Association Stadium,1,2.4,Kings XI Punjab,Delhi Daredevils,AC Gilchrist,SE Marsh,M Morkel,1,0,,,,,,,,,
598028,2013,2013-05-16,Himachal Pradesh Cricket Association Stadium,1,2.5,Kings XI Punjab,Delhi Daredevils,SE Marsh,AC Gilchrist,M Morkel,0,0,,,,,,,,,
598028,2013,2013-05-16,Himachal Pradesh Cricket Association Stadium,1,2.6,Kings XI Punjab,Delhi Daredevils,SE Marsh,AC Gilchrist,M Morkel,0,0,,,,,,,,,
598028,2013,2013-05-16,Himachal Pradesh Cricket Association Stadium,1,3.1,Kings XI Punjab,Delhi Daredevils,AC Gilchrist,SE Marsh,A Nehra,0,0,,,,,,,,,
598028,2013,2013-05-16,Himachal Pradesh Cricket Association Stadium,1,3.2,Kings XI Punjab,Delhi Daredevils,AC Gilchrist,SE Marsh,A Nehra,4,0,,,,,,,,,
598028,2013,2013-05-16,Himachal Pradesh Cricket Association Stadium,1,3.3,Kings XI Punjab,Delhi Daredevils,AC Gilchrist,SE Marsh,A Nehra,2,0,,,,,,,,,
598028,2013,2013-05-16,Himachal Pradesh Cricket Association Stadium,1,3.4,Kings XI Punjab,Delhi Daredevils,AC Gilchrist,SE Marsh,A Nehra,4,0,,,,,,,,,
598028,2013,2013-05-16,Himachal Pradesh Cricket Association Stadium,1,3.5,Kings XI Punjab,Delhi Daredevils,AC Gilchrist,SE Marsh,A Nehra,0,0,,,,,,,,,
598028,2013,2013-05-16,Himachal Pradesh Cricket Association Stadium,1,3.6,Kings XI Punjab,Delhi Daredevils,AC Gilchrist,SE Marsh,A Nehra,0,0,,,,,,,,,
598028,2013,2013-05-16,Himachal Pradesh Cricket Association Stadium,1,4.1,Kings XI Punjab,Delhi Daredevils,SE Marsh,AC Gilchrist,M Morkel,0,0,,,,,,,,,
598028,2013,2013-05-16,Himachal Pradesh Cricket Association Stadium,1,4.2,Kings XI Punjab,Delhi Daredevils,SE Marsh,AC Gilchrist,M Morkel,0,0,,,,,,,,,
598028,2013,2013-05-16,Himachal Pradesh Cricket Association Stadium,1,4.3,Kings XI Punjab,Delhi Daredevils,SE Marsh,AC Gilchrist,M Morkel,0,0,,,,,,,,,
598028,2013,2013-05-16,Himachal Pradesh Cricket Association Stadium,1,4.4,Kings XI Punjab,Delhi Daredevils,SE Marsh,AC Gilchrist,M Morkel,1,0,,,,,,,,,
598028,2013,2013-05-16,Himachal Pradesh Cricket Association Stadium,1,4.5,Kings XI Punjab,Delhi Daredevils,AC Gilchrist,SE Marsh,M Morkel,0,0,,,,,,,,,
598028,2013,2013-05-16,Himachal Pradesh Cricket Association Stadium,1,4.6,Kings XI Punjab,Delhi Daredevils,AC Gilchrist,SE Marsh,M Morkel,1,0,,,,,,,,,
598028,2013,2013-05-16,Himachal Pradesh Cricket Association Stadium,1,5.1,Kings XI Punjab,Delhi Daredevils,AC Gilchrist,SE Marsh,A Nehra,0,0,,,,,,,,,
598028,2013,2013-05-16,Himachal Pradesh Cricket Association Stadium,1,5.2,Kings XI Punjab,Delhi Daredevils,AC Gilchrist,SE Marsh,A Nehra,6,0,,,,,,,,,
598028,2013,2013-05-16,Himachal Pradesh Cricket Association Stadium,1,5.3,Kings XI Punjab,Delhi Daredevils,AC Gilchrist,SE Marsh,A Nehra,4,0,,,,,,,,,
598028,2013,2013-05-16,Himachal Pradesh Cricket Association Stadium,1,5.4,Kings XI Punjab,Delhi Daredevils,AC Gilchrist,SE Marsh,A Nehra,6,0,,,,,,,,,
598028,2013,2013-05-16,Himachal Pradesh Cricket Association Stadium,1,5.5,Kings XI Punjab,Delhi Daredevils,AC Gilchrist,SE Marsh,A Nehra,1,0,,,,,,,,,
598028,2013,2013-05-16,Himachal Pradesh Cricket Association Stadium,1,5.6,Kings XI Punjab,Delhi Daredevils,SE Marsh,AC Gilchrist,A Nehra,0,0,,,,,,,,,
598028,2013,2013-05-16,Himachal Pradesh Cricket Association Stadium,1,6.1,Kings XI Punjab,Delhi Daredevils,AC Gilchrist,SE Marsh,UT Yadav,0,0,,,,,,,,,
598028,2013,2013-05-16,Himachal Pradesh Cricket Association Stadium,1,6.2,Kings XI Punjab,Delhi Daredevils,AC Gilchrist,SE Marsh,UT Yadav,0,1,,,,1,,,,,
598028,2013,2013-05-16,Himachal Pradesh Cricket Association Stadium,1,6.3,Kings XI Punjab,Delhi Daredevils,SE Marsh,AC Gilchrist,UT Yadav,0,1,,,,1,,,,,
598028,2013,2013-05-16,Himachal Pradesh Cricket Association Stadium,1,6.4,Kings XI Punjab,Delhi Daredevils,AC Gilchrist,SE Marsh,UT Yadav,1,0,,,,,,,,,
598028,2013,2013-05-16,Himachal Pradesh Cricket Association Stadium,1,6.5,Kings XI Punjab,Delhi Daredevils,SE Marsh,AC Gilchrist,UT Yadav,0,0,,,,,,,,,
598028,2013,2013-05-16,Himachal Pradesh Cricket Association Stadium,1,6.6,Kings XI Punjab,Delhi Daredevils,SE Marsh,AC Gilchrist,UT Yadav,0,0,,,,,,,,,
598028,2013,2013-05-16,Himachal Pradesh Cricket Association Stadium,1,7.1,Kings XI Punjab,Delhi Daredevils,AC Gilchrist,SE Marsh,IK Pathan,0,0,,,,,,,,,
598028,2013,2013-05-16,Himachal Pradesh Cricket Association Stadium,1,7.2,Kings XI Punjab,Delhi Daredevils,AC Gilchrist,SE Marsh,IK Pathan,4,0,,,,,,,,,
598028,2013,2013-05-16,Himachal Pradesh Cricket Association Stadium,1,7.3,Kings XI Punjab,Delhi Daredevils,AC Gilchrist,SE Marsh,IK Pathan,0,0,,,,,,caught and bowled,AC Gilchrist,,
598028,2013,2013-05-16,Himachal Pradesh Cricket Association Stadium,1,7.4,Kings XI Punjab,Delhi Daredevils,SE Marsh,Azhar Mahmood,IK Pathan,1,0,,,,,,,,,
598028,2013,2013-05-16,Himachal Pradesh Cricket Association Stadium,1,7.5,Kings XI Punjab,Delhi Daredevils,Azhar Mahmood,SE Marsh,IK Pathan,0,1,1,,,,,,,,
598028,2013,2013-05-16,Himachal Pradesh Cricket Association Stadium,1,7.6,Kings XI Punjab,Delhi Daredevils,Azhar Mahmood,SE Marsh,IK Pathan,1,0,,,,,,,,,
598028,2013,2013-05-16,Himachal Pradesh Cricket Association Stadium,1,7.7,Kings XI Punjab,Delhi Daredevils,SE Marsh,Azhar Mahmood,IK Pathan,0,0,,,,,,,,,
598028,2013,2013-05-16,Himachal Pradesh Cricket Association Stadium,1,8.1,Kings XI Punjab,Delhi Daredevils,Azhar Mahmood,SE Marsh,UT Yadav,0,0,,,,,,,,,
598028,2013,2013-05-16,Himachal Pradesh Cricket Association Stadium,1,8.2,Kings XI Punjab,Delhi Daredevils,Azhar Mahmood,SE Marsh,UT Yadav,0,0,,,,,,,,,
598028,2013,2013-05-16,Himachal Pradesh Cricket Association Stadium,1,8.3,Kings XI Punjab,Delhi Daredevils,Azhar Mahmood,SE Marsh,UT Yadav,0,0,,,,,,,,,
598028,2013,2013-05-16,Himachal Pradesh Cricket Association Stadium,1,8.4,Kings XI Punjab,Delhi Daredevils,Azhar Mahmood,SE Marsh,UT Yadav,0,0,,,,,,,,,
598028,2013,2013-05-16,Himachal Pradesh Cricket Association Stadium,1,8.5,Kings XI Punjab,Delhi Daredevils,Azhar Mahmood,SE Marsh,UT Yadav,0,1,,,,1,,,,,
598028,2013,2013-05-16,Himachal Pradesh Cricket Association Stadium,1,8.6,Kings XI Punjab,Delhi Daredevils,SE Marsh,Azhar Mahmood,UT Yadav,4,0,,,,,,,,,
598028,2013,2013-05-16,Himachal Pradesh Cricket Association Stadium,1,9.1,Kings XI Punjab,Delhi Daredevils,Azhar Mahmood,SE Marsh,IK Pathan,1,0,,,,,,,,,
598028,2013,2013-05-16,Himachal Pradesh Cricket Association Stadium,1,9.2,Kings XI Punjab,Delhi Daredevils,SE Marsh,Azhar Mahmood,IK Pathan,1,0,,,,,,,,,
598028,2013,2013-05-16,Himachal Pradesh Cricket Association Stadium,1,9.3,Kings XI Punjab,Delhi Daredevils,Azhar Mahmood,SE Marsh,IK Pathan,0,2,,,,2,,,,,
598028,2013,2013-05-16,Himachal Pradesh Cricket Association Stadium,1,9.4,Kings XI Punjab,Delhi Daredevils,Azhar Mahmood,SE Marsh,IK Pathan,1,0,,,,,,,,,
598028,2013,2013-05-16,Himachal Pradesh Cricket Association Stadium,1,9.5,Kings XI Punjab,Delhi Daredevils,SE Marsh,Azhar Mahmood,IK Pathan,2,0,,,,,,,,,
598028,2013,2013-05-16,Himachal Pradesh Cricket Association Stadium,1,9.6,Kings XI Punjab,Delhi Daredevils,SE Marsh,Azhar Mahmood,IK Pathan,1,0,,,,,,,,,
598028,2013,2013-05-16,Himachal Pradesh Cricket Association Stadium,1,10.1,Kings XI Punjab,Delhi Daredevils,SE Marsh,Azhar Mahmood,S Kaul,1,0,,,,,,,,,
598028,2013,2013-05-16,Himachal Pradesh Cricket Association Stadium,1,10.2,Kings XI Punjab,Delhi Daredevils,Azhar Mahmood,SE Marsh,S Kaul,1,0,,,,,,,,,
598028,2013,2013-05-16,Himachal Pradesh Cricket Association Stadium,1,10.3,Kings XI Punjab,Delhi Daredevils,SE Marsh,Azhar Mahmood,S Kaul,0,0,,,,,,,,,
598028,2013,2013-05-16,Himachal Pradesh Cricket Association Stadium,1,10.4,Kings XI Punjab,Delhi Daredevils,SE Marsh,Azhar Mahmood,S Kaul,1,0,,,,,,,,,
598028,2013,2013-05-16,Himachal Pradesh Cricket Association Stadium,1,10.5,Kings XI Punjab,Delhi Daredevils,Azhar Mahmood,SE Marsh,S Kaul,1,0,,,,,,,,,
598028,2013,2013-05-16,Himachal Pradesh Cricket Association Stadium,1,10.6,Kings XI Punjab,Delhi Daredevils,SE Marsh,Azhar Mahmood,S Kaul,1,0,,,,,,,,,
598028,2013,2013-05-16,Himachal Pradesh Cricket Association Stadium,1,11.1,Kings XI Punjab,Delhi Daredevils,SE Marsh,Azhar Mahmood,A Nehra,1,0,,,,,,,,,
598028,2013,2013-05-16,Himachal Pradesh Cricket Association Stadium,1,11.2,Kings XI Punjab,Delhi Daredevils,Azhar Mahmood,SE Marsh,A Nehra,4,0,,,,,,,,,
598028,2013,2013-05-16,Himachal Pradesh Cricket Association Stadium,1,11.3,Kings XI Punjab,Delhi Daredevils,Azhar Mahmood,SE Marsh,A Nehra,0,0,,,,,,caught,Azhar Mahmood,,
598028,2013,2013-05-16,Himachal Pradesh Cricket Association Stadium,1,11.4,Kings XI Punjab,Delhi Daredevils,SE Marsh,DA Miller,A Nehra,0,0,,,,,,,,,
598028,2013,2013-05-16,Himachal Pradesh Cricket Association Stadium,1,11.5,Kings XI Punjab,Delhi Daredevils,SE Marsh,DA Miller,A Nehra,0,0,,,,,,,,,
598028,2013,2013-05-16,Himachal Pradesh Cricket Association Stadium,1,11.6,Kings XI Punjab,Delhi Daredevils,SE Marsh,DA Miller,A Nehra,0,0,,,,,,,,,
598028,2013,2013-05-16,Himachal Pradesh Cricket Association Stadium,1,12.1,Kings XI Punjab,Delhi Daredevils,DA Miller,SE Marsh,M Morkel,1,0,,,,,,,,,
598028,2013,2013-05-16,Himachal Pradesh Cricket Association Stadium,1,12.2,Kings XI Punjab,Delhi Daredevils,SE Marsh,DA Miller,M Morkel,1,0,,,,,,,,,
598028,2013,2013-05-16,Himachal Pradesh Cricket Association Stadium,1,12.3,Kings XI Punjab,Delhi Daredevils,DA Miller,SE Marsh,M Morkel,0,0,,,,,,,,,
598028,2013,2013-05-16,Himachal Pradesh Cricket Association Stadium,1,12.4,Kings XI Punjab,Delhi Daredevils,DA Miller,SE Marsh,M Morkel,0,0,,,,,,,,,
598028,2013,2013-05-16,Himachal Pradesh Cricket Association Stadium,1,12.5,Kings XI Punjab,Delhi Daredevils,DA Miller,SE Marsh,M Morkel,0,0,,,,,,,,,
598028,2013,2013-05-16,Himachal Pradesh Cricket Association Stadium,1,12.6,Kings XI Punjab,Delhi Daredevils,DA Miller,SE Marsh,M Morkel,0,0,,,,,,,,,
598028,2013,2013-05-16,Himachal Pradesh Cricket Association Stadium,1,13.1,Kings XI Punjab,Delhi Daredevils,SE Marsh,DA Miller,S Kaul,1,0,,,,,,,,,
598028,2013,2013-05-16,Himachal Pradesh Cricket Association Stadium,1,13.2,Kings XI Punjab,Delhi Daredevils,DA Miller,SE Marsh,S Kaul,4,0,,,,,,,,,
598028,2013,2013-05-16,Himachal Pradesh Cricket Association Stadium,1,13.3,Kings XI Punjab,Delhi Daredevils,DA Miller,SE Marsh,S Kaul,1,0,,,,,,,,,
598028,2013,2013-05-16,Himachal Pradesh Cricket Association Stadium,1,13.4,Kings XI Punjab,Delhi Daredevils,SE Marsh,DA Miller,S Kaul,1,0,,,,,,,,,
598028,2013,2013-05-16,Himachal Pradesh Cricket Association Stadium,1,13.5,Kings XI Punjab,Delhi Daredevils,DA Miller,SE Marsh,S Kaul,1,0,,,,,,,,,
598028,2013,2013-05-16,Himachal Pradesh Cricket Association Stadium,1,13.6,Kings XI Punjab,Delhi Daredevils,SE Marsh,DA Miller,S Kaul,1,0,,,,,,,,,
598028,2013,2013-05-16,Himachal Pradesh Cricket Association Stadium,1,14.1,Kings XI Punjab,Delhi Daredevils,SE Marsh,DA Miller,IK Pathan,0,1,1,,,,,,,,
598028,2013,2013-05-16,Himachal Pradesh Cricket Association Stadium,1,14.2,Kings XI Punjab,Delhi Daredevils,SE Marsh,DA Miller,IK Pathan,4,0,,,,,,,,,
598028,2013,2013-05-16,Himachal Pradesh Cricket Association Stadium,1,14.3,Kings XI Punjab,Delhi Daredevils,SE Marsh,DA Miller,IK Pathan,1,0,,,,,,,,,
598028,2013,2013-05-16,Himachal Pradesh Cricket Association Stadium,1,14.4,Kings XI Punjab,Delhi Daredevils,DA Miller,SE Marsh,IK Pathan,0,0,,,,,,,,,
598028,2013,2013-05-16,Himachal Pradesh Cricket Association Stadium,1,14.5,Kings XI Punjab,Delhi Daredevils,DA Miller,SE Marsh,IK Pathan,0,0,,,,,,,,,
598028,2013,2013-05-16,Himachal Pradesh Cricket Association Stadium,1,14.6,Kings XI Punjab,Delhi Daredevils,DA Miller,SE Marsh,IK Pathan,0,0,,,,,,,,,
598028,2013,2013-05-16,Himachal Pradesh Cricket Association Stadium,1,14.7,Kings XI Punjab,Delhi Daredevils,DA Miller,SE Marsh,IK Pathan,0,0,,,,,,,,,
598028,2013,2013-05-16,Himachal Pradesh Cricket Association Stadium,1,15.1,Kings XI Punjab,Delhi Daredevils,SE Marsh,DA Miller,UT Yadav,4,0,,,,,,,,,
598028,2013,2013-05-16,Himachal Pradesh Cricket Association Stadium,1,15.2,Kings XI Punjab,Delhi Daredevils,SE Marsh,DA Miller,UT Yadav,4,0,,,,,,,,,
598028,2013,2013-05-16,Himachal Pradesh Cricket Association Stadium,1,15.3,Kings XI Punjab,Delhi Daredevils,SE Marsh,DA Miller,UT Yadav,1,0,,,,,,,,,
598028,2013,2013-05-16,Himachal Pradesh Cricket Association Stadium,1,15.4,Kings XI Punjab,Delhi Daredevils,DA Miller,SE Marsh,UT Yadav,6,0,,,,,,,,,
598028,2013,2013-05-16,Himachal Pradesh Cricket Association Stadium,1,15.5,Kings XI Punjab,Delhi Daredevils,DA Miller,SE Marsh,UT Yadav,1,0,,,,,,,,,
598028,2013,2013-05-16,Himachal Pradesh Cricket Association Stadium,1,15.6,Kings XI Punjab,Delhi Daredevils,SE Marsh,DA Miller,UT Yadav,0,0,,,,,,,,,
598028,2013,2013-05-16,Himachal Pradesh Cricket Association Stadium,1,16.1,Kings XI Punjab,Delhi Daredevils,DA Miller,SE Marsh,M Morkel,1,0,,,,,,,,,
598028,2013,2013-05-16,Himachal Pradesh Cricket Association Stadium,1,16.2,Kings XI Punjab,Delhi Daredevils,SE Marsh,DA Miller,M Morkel,0,0,,,,,,caught,SE Marsh,,
598028,2013,2013-05-16,Himachal Pradesh Cricket Association Stadium,1,16.3,Kings XI Punjab,Delhi Daredevils,R Sathish,DA Miller,M Morkel,2,0,,,,,,,,,
598028,2013,2013-05-16,Himachal Pradesh Cricket Association Stadium,1,16.4,Kings XI Punjab,Delhi Daredevils,R Sathish,DA Miller,M Morkel,0,0,,,,,,,,,
598028,2013,2013-05-16,Himachal Pradesh Cricket Association Stadium,1,16.5,Kings XI Punjab,Delhi Daredevils,R Sathish,DA Miller,M Morkel,6,0,,,,,,,,,
598028,2013,2013-05-16,Himachal Pradesh Cricket Association Stadium,1,16.6,Kings XI Punjab,Delhi Daredevils,R Sathish,DA Miller,M Morkel,2,0,,,,,,,,,
598028,2013,2013-05-16,Himachal Pradesh Cricket Association Stadium,1,17.1,Kings XI Punjab,Delhi Daredevils,DA Miller,R Sathish,S Kaul,1,0,,,,,,,,,
598028,2013,2013-05-16,Himachal Pradesh Cricket Association Stadium,1,17.2,Kings XI Punjab,Delhi Daredevils,R Sathish,DA Miller,S Kaul,1,0,,,,,,,,,
598028,2013,2013-05-16,Himachal Pradesh Cricket Association Stadium,1,17.3,Kings XI Punjab,Delhi Daredevils,DA Miller,R Sathish,S Kaul,4,0,,,,,,,,,
598028,2013,2013-05-16,Himachal Pradesh Cricket Association Stadium,1,17.4,Kings XI Punjab,Delhi Daredevils,DA Miller,R Sathish,S Kaul,6,0,,,,,,,,,
598028,2013,2013-05-16,Himachal Pradesh Cricket Association Stadium,1,17.5,Kings XI Punjab,Delhi Daredevils,DA Miller,R Sathish,S Kaul,0,0,,,,,,,,,
598028,2013,2013-05-16,Himachal Pradesh Cricket Association Stadium,1,17.6,Kings XI Punjab,Delhi Daredevils,DA Miller,R Sathish,S Kaul,6,0,,,,,,,,,
598028,2013,2013-05-16,Himachal Pradesh Cricket Association Stadium,1,18.1,Kings XI Punjab,Delhi Daredevils,R Sathish,DA Miller,UT Yadav,4,0,,,,,,,,,
598028,2013,2013-05-16,Himachal Pradesh Cricket Association Stadium,1,18.2,Kings XI Punjab,Delhi Daredevils,R Sathish,DA Miller,UT Yadav,1,0,,,,,,,,,
598028,2013,2013-05-16,Himachal Pradesh Cricket Association Stadium,1,18.3,Kings XI Punjab,Delhi Daredevils,DA Miller,R Sathish,UT Yadav,6,0,,,,,,,,,
598028,2013,2013-05-16,Himachal Pradesh Cricket Association Stadium,1,18.4,Kings XI Punjab,Delhi Daredevils,DA Miller,R Sathish,UT Yadav,1,0,,,,,,,,,
598028,2013,2013-05-16,Himachal Pradesh Cricket Association Stadium,1,18.5,Kings XI Punjab,Delhi Daredevils,R Sathish,DA Miller,UT Yadav,4,0,,,,,,,,,
598028,2013,2013-05-16,Himachal Pradesh Cricket Association Stadium,1,18.6,Kings XI Punjab,Delhi Daredevils,R Sathish,DA Miller,UT Yadav,1,0,,,,,,,,,
598028,2013,2013-05-16,Himachal Pradesh Cricket Association Stadium,1,19.1,Kings XI Punjab,Delhi Daredevils,R Sathish,DA Miller,A Nehra,0,0,,,,,,,,,
598028,2013,2013-05-16,Himachal Pradesh Cricket Association Stadium,1,19.2,Kings XI Punjab,Delhi Daredevils,R Sathish,DA Miller,A Nehra,0,0,,,,,,,,,
598028,2013,2013-05-16,Himachal Pradesh Cricket Association Stadium,1,19.3,Kings XI Punjab,Delhi Daredevils,R Sathish,DA Miller,A Nehra,1,0,,,,,,,,,
598028,2013,2013-05-16,Himachal Pradesh Cricket Association Stadium,1,19.4,Kings XI Punjab,Delhi Daredevils,DA Miller,R Sathish,A Nehra,1,0,,,,,,,,,
598028,2013,2013-05-16,Himachal Pradesh Cricket Association Stadium,1,19.5,Kings XI Punjab,Delhi Daredevils,R Sathish,DA Miller,A Nehra,0,0,,,,,,caught,R Sathish,,
598028,2013,2013-05-16,Himachal Pradesh Cricket Association Stadium,1,19.6,Kings XI Punjab,Delhi Daredevils,DA Miller,PP Chawla,A Nehra,4,0,,,,,,,,,
598028,2013,2013-05-16,Himachal Pradesh Cricket Association Stadium,2,0.1,Delhi Daredevils,Kings XI Punjab,DPMD Jayawardene,UBT Chand,P Kumar,0,0,,,,,,,,,
598028,2013,2013-05-16,Himachal Pradesh Cricket Association Stadium,2,0.2,Delhi Daredevils,Kings XI Punjab,DPMD Jayawardene,UBT Chand,P Kumar,0,0,,,,,,,,,
598028,2013,2013-05-16,Himachal Pradesh Cricket Association Stadium,2,0.3,Delhi Daredevils,Kings XI Punjab,DPMD Jayawardene,UBT Chand,P Kumar,0,0,,,,,,,,,
598028,2013,2013-05-16,Himachal Pradesh Cricket Association Stadium,2,0.4,Delhi Daredevils,Kings XI Punjab,DPMD Jayawardene,UBT Chand,P Kumar,0,0,,,,,,,,,
598028,2013,2013-05-16,Himachal Pradesh Cricket Association Stadium,2,0.5,Delhi Daredevils,Kings XI Punjab,DPMD Jayawardene,UBT Chand,P Kumar,0,0,,,,,,,,,
598028,2013,2013-05-16,Himachal Pradesh Cricket Association Stadium,2,0.6,Delhi Daredevils,Kings XI Punjab,DPMD Jayawardene,UBT Chand,P Kumar,1,0,,,,,,,,,
598028,2013,2013-05-16,Himachal Pradesh Cricket Association Stadium,2,1.1,Delhi Daredevils,Kings XI Punjab,DPMD Jayawardene,UBT Chand,Azhar Mahmood,2,0,,,,,,,,,
598028,2013,2013-05-16,Himachal Pradesh Cricket Association Stadium,2,1.2,Delhi Daredevils,Kings XI Punjab,DPMD Jayawardene,UBT Chand,Azhar Mahmood,1,0,,,,,,,,,
598028,2013,2013-05-16,Himachal Pradesh Cricket Association Stadium,2,1.3,Delhi Daredevils,Kings XI Punjab,UBT Chand,DPMD Jayawardene,Azhar Mahmood,0,0,,,,,,,,,
598028,2013,2013-05-16,Himachal Pradesh Cricket Association Stadium,2,1.4,Delhi Daredevils,Kings XI Punjab,UBT Chand,DPMD Jayawardene,Azhar Mahmood,0,0,,,,,,,,,
598028,2013,2013-05-16,Himachal Pradesh Cricket Association Stadium,2,1.5,Delhi Daredevils,Kings XI Punjab,UBT Chand,DPMD Jayawardene,Azhar Mahmood,0,0,,,,,,,,,
598028,2013,2013-05-16,Himachal Pradesh Cricket Association Stadium,2,1.6,Delhi Daredevils,Kings XI Punjab,UBT Chand,DPMD Jayawardene,Azhar Mahmood,1,0,,,,,,,,,
598028,2013,2013-05-16,Himachal Pradesh Cricket Association Stadium,2,2.1,Delhi Daredevils,Kings XI Punjab,UBT Chand,DPMD Jayawardene,P Kumar,0,0,,,,,,,,,
598028,2013,2013-05-16,Himachal Pradesh Cricket Association Stadium,2,2.2,Delhi Daredevils,Kings XI Punjab,UBT Chand,DPMD Jayawardene,P Kumar,6,0,,,,,,,,,
598028,2013,2013-05-16,Himachal Pradesh Cricket Association Stadium,2,2.3,Delhi Daredevils,Kings XI Punjab,UBT Chand,DPMD Jayawardene,P Kumar,0,0,,,,,,,,,
598028,2013,2013-05-16,Himachal Pradesh Cricket Association Stadium,2,2.4,Delhi Daredevils,Kings XI Punjab,UBT Chand,DPMD Jayawardene,P Kumar,0,0,,,,,,bowled,UBT Chand,,
598028,2013,2013-05-16,Himachal Pradesh Cricket Association Stadium,2,2.5,Delhi Daredevils,Kings XI Punjab,IK Pathan,DPMD Jayawardene,P Kumar,0,0,,,,,,,,,
598028,2013,2013-05-16,Himachal Pradesh Cricket Association Stadium,2,2.6,Delhi Daredevils,Kings XI Punjab,IK Pathan,DPMD Jayawardene,P Kumar,1,0,,,,,,,,,
598028,2013,2013-05-16,Himachal Pradesh Cricket Association Stadium,2,3.1,Delhi Daredevils,Kings XI Punjab,IK Pathan,DPMD Jayawardene,Sandeep Sharma,0,0,,,,,,,,,
598028,2013,2013-05-16,Himachal Pradesh Cricket Association Stadium,2,3.2,Delhi Daredevils,Kings XI Punjab,IK Pathan,DPMD Jayawardene,Sandeep Sharma,0,0,,,,,,,,,
598028,2013,2013-05-16,Himachal Pradesh Cricket Association Stadium,2,3.3,Delhi Daredevils,Kings XI Punjab,IK Pathan,DPMD Jayawardene,Sandeep Sharma,0,0,,,,,,,,,
598028,2013,2013-05-16,Himachal Pradesh Cricket Association Stadium,2,3.4,Delhi Daredevils,Kings XI Punjab,IK Pathan,DPMD Jayawardene,Sandeep Sharma,0,0,,,,,,,,,
598028,2013,2013-05-16,Himachal Pradesh Cricket Association Stadium,2,3.5,Delhi Daredevils,Kings XI Punjab,IK Pathan,DPMD Jayawardene,Sandeep Sharma,0,0,,,,,,caught,IK Pathan,,
598028,2013,2013-05-16,Himachal Pradesh Cricket Association Stadium,2,3.6,Delhi Daredevils,Kings XI Punjab,DA Warner,DPMD Jayawardene,Sandeep Sharma,0,0,,,,,,caught,DA Warner,,
598028,2013,2013-05-16,Himachal Pradesh Cricket Association Stadium,2,4.1,Delhi Daredevils,Kings XI Punjab,DPMD Jayawardene,V Sehwag,P Kumar,1,0,,,,,,,,,
598028,2013,2013-05-16,Himachal Pradesh Cricket Association Stadium,2,4.2,Delhi Daredevils,Kings XI Punjab,V Sehwag,DPMD Jayawardene,P Kumar,0,0,,,,,,,,,
598028,2013,2013-05-16,Himachal Pradesh Cricket Association Stadium,2,4.3,Delhi Daredevils,Kings XI Punjab,V Sehwag,DPMD Jayawardene,P Kumar,1,0,,,,,,,,,
598028,2013,2013-05-16,Himachal Pradesh Cricket Association Stadium,2,4.4,Delhi Daredevils,Kings XI Punjab,DPMD Jayawardene,V Sehwag,P Kumar,0,0,,,,,,,,,
598028,2013,2013-05-16,Himachal Pradesh Cricket Association Stadium,2,4.5,Delhi Daredevils,Kings XI Punjab,DPMD Jayawardene,V Sehwag,P Kumar,0,0,,,,,,,,,
598028,2013,2013-05-16,Himachal Pradesh Cricket Association Stadium,2,4.6,Delhi Daredevils,Kings XI Punjab,DPMD Jayawardene,V Sehwag,P Kumar,0,0,,,,,,,,,
598028,2013,2013-05-16,Himachal Pradesh Cricket Association Stadium,2,5.1,Delhi Daredevils,Kings XI Punjab,V Sehwag,DPMD Jayawardene,Sandeep Sharma,0,0,,,,,,,,,
598028,2013,2013-05-16,Himachal Pradesh Cricket Association Stadium,2,5.2,Delhi Daredevils,Kings XI Punjab,V Sehwag,DPMD Jayawardene,Sandeep Sharma,0,0,,,,,,,,,
598028,2013,2013-05-16,Himachal Pradesh Cricket Association Stadium,2,5.3,Delhi Daredevils,Kings XI Punjab,V Sehwag,DPMD Jayawardene,Sandeep Sharma,4,0,,,,,,,,,
598028,2013,2013-05-16,Himachal Pradesh Cricket Association Stadium,2,5.4,Delhi Daredevils,Kings XI Punjab,V Sehwag,DPMD Jayawardene,Sandeep Sharma,1,0,,,,,,,,,
598028,2013,2013-05-16,Himachal Pradesh Cricket Association Stadium,2,5.5,Delhi Daredevils,Kings XI Punjab,DPMD Jayawardene,V Sehwag,Sandeep Sharma,2,0,,,,,,,,,
598028,2013,2013-05-16,Himachal Pradesh Cricket Association Stadium,2,5.6,Delhi Daredevils,Kings XI Punjab,DPMD Jayawardene,V Sehwag,Sandeep Sharma,0,0,,,,,,,,,
598028,2013,2013-05-16,Himachal Pradesh Cricket Association Stadium,2,6.1,Delhi Daredevils,Kings XI Punjab,V Sehwag,DPMD Jayawardene,Azhar Mahmood,4,0,,,,,,,,,
598028,2013,2013-05-16,Himachal Pradesh Cricket Association Stadium,2,6.2,Delhi Daredevils,Kings XI Punjab,V Sehwag,DPMD Jayawardene,Azhar Mahmood,1,0,,,,,,,,,
598028,2013,2013-05-16,Himachal Pradesh Cricket Association Stadium,2,6.3,Delhi Daredevils,Kings XI Punjab,DPMD Jayawardene,V Sehwag,Azhar Mahmood,0,1,,,,1,,,,,
598028,2013,2013-05-16,Himachal Pradesh Cricket Association Stadium,2,6.4,Delhi Daredevils,Kings XI Punjab,V Sehwag,DPMD Jayawardene,Azhar Mahmood,1,0,,,,,,,,,
598028,2013,2013-05-16,Himachal Pradesh Cricket Association Stadium,2,6.5,Delhi Daredevils,Kings XI Punjab,DPMD Jayawardene,V Sehwag,Azhar Mahmood,0,0,,,,,,,,,
598028,2013,2013-05-16,Himachal Pradesh Cricket Association Stadium,2,6.6,Delhi Daredevils,Kings XI Punjab,DPMD Jayawardene,V Sehwag,Azhar Mahmood,0,0,,,,,,,,,
598028,2013,2013-05-16,Himachal Pradesh Cricket Association Stadium,2,7.1,Delhi Daredevils,Kings XI Punjab,V Sehwag,DPMD Jayawardene,Sandeep Sharma,4,0,,,,,,,,,
598028,2013,2013-05-16,Himachal Pradesh Cricket Association Stadium,2,7.2,Delhi Daredevils,Kings XI Punjab,V Sehwag,DPMD Jayawardene,Sandeep Sharma,0,0,,,,,,,,,
598028,2013,2013-05-16,Himachal Pradesh Cricket Association Stadium,2,7.3,Delhi Daredevils,Kings XI Punjab,V Sehwag,DPMD Jayawardene,Sandeep Sharma,0,1,,,,1,,,,,
598028,2013,2013-05-16,Himachal Pradesh Cricket Association Stadium,2,7.4,Delhi Daredevils,Kings XI Punjab,DPMD Jayawardene,V Sehwag,Sandeep Sharma,0,0,,,,,,,,,
598028,2013,2013-05-16,Himachal Pradesh Cricket Association Stadium,2,7.5,Delhi Daredevils,Kings XI Punjab,DPMD Jayawardene,V Sehwag,Sandeep Sharma,0,4,,,,4,,,,,
598028,2013,2013-05-16,Himachal Pradesh Cricket Association Stadium,2,7.6,Delhi Daredevils,Kings XI Punjab,DPMD Jayawardene,V Sehwag,Sandeep Sharma,1,0,,,,,,,,,
598028,2013,2013-05-16,Himachal Pradesh Cricket Association Stadium,2,8.1,Delhi Daredevils,Kings XI Punjab,DPMD Jayawardene,V Sehwag,P Awana,1,0,,,,,,,,,
598028,2013,2013-05-16,Himachal Pradesh Cricket Association Stadium,2,8.2,Delhi Daredevils,Kings XI Punjab,V Sehwag,DPMD Jayawardene,P Awana,1,0,,,,,,,,,
598028,2013,2013-05-16,Himachal Pradesh Cricket Association Stadium,2,8.3,Delhi Daredevils,Kings XI Punjab,DPMD Jayawardene,V Sehwag,P Awana,2,0,,,,,,,,,
598028,2013,2013-05-16,Himachal Pradesh Cricket Association Stadium,2,8.4,Delhi Daredevils,Kings XI Punjab,DPMD Jayawardene,V Sehwag,P Awana,0,0,,,,,,,,,
598028,2013,2013-05-16,Himachal Pradesh Cricket Association Stadium,2,8.5,Delhi Daredevils,Kings XI Punjab,DPMD Jayawardene,V Sehwag,P Awana,0,0,,,,,,,,,
598028,2013,2013-05-16,Himachal Pradesh Cricket Association Stadium,2,8.6,Delhi Daredevils,Kings XI Punjab,DPMD Jayawardene,V Sehwag,P Awana,0,0,,,,,,,,,
598028,2013,2013-05-16,Himachal Pradesh Cricket Association Stadium,2,9.1,Delhi Daredevils,Kings XI Punjab,V Sehwag,DPMD Jayawardene,PP Chawla,4,0,,,,,,,,,
598028,2013,2013-05-16,Himachal Pradesh Cricket Association Stadium,2,9.2,Delhi Daredevils,Kings XI Punjab,V Sehwag,DPMD Jayawardene,PP Chawla,0,4,,,4,,,,,,
598028,2013,2013-05-16,Himachal Pradesh Cricket Association Stadium,2,9.3,Delhi Daredevils,Kings XI Punjab,V Sehwag,DPMD Jayawardene,PP Chawla,0,0,,,,,,,,,
598028,2013,2013-05-16,Himachal Pradesh Cricket Association Stadium,2,9.4,Delhi Daredevils,Kings XI Punjab,V Sehwag,DPMD Jayawardene,PP Chawla,4,0,,,,,,,,,
598028,2013,2013-05-16,Himachal Pradesh Cricket Association Stadium,2,9.5,Delhi Daredevils,Kings XI Punjab,V Sehwag,DPMD Jayawardene,PP Chawla,1,0,,,,,,,,,
598028,2013,2013-05-16,Himachal Pradesh Cricket Association Stadium,2,9.6,Delhi Daredevils,Kings XI Punjab,DPMD Jayawardene,V Sehwag,PP Chawla,2,0,,,,,,,,,
598028,2013,2013-05-16,Himachal Pradesh Cricket Association Stadium,2,10.1,Delhi Daredevils,Kings XI Punjab,V Sehwag,DPMD Jayawardene,P Awana,0,0,,,,,,,,,
598028,2013,2013-05-16,Himachal Pradesh Cricket Association Stadium,2,10.2,Delhi Daredevils,Kings XI Punjab,V Sehwag,DPMD Jayawardene,P Awana,0,0,,,,,,,,,
598028,2013,2013-05-16,Himachal Pradesh Cricket Association Stadium,2,10.3,Delhi Daredevils,Kings XI Punjab,V Sehwag,DPMD Jayawardene,P Awana,4,0,,,,,,,,,
598028,2013,2013-05-16,Himachal Pradesh Cricket Association Stadium,2,10.4,Delhi Daredevils,Kings XI Punjab,V Sehwag,DPMD Jayawardene,P Awana,0,0,,,,,,caught,V Sehwag,,
598028,2013,2013-05-16,Himachal Pradesh Cricket Association Stadium,2,10.5,Delhi Daredevils,Kings XI Punjab,BJ Rohrer,DPMD Jayawardene,P Awana,0,0,,,,,,,,,
598028,2013,2013-05-16,Himachal Pradesh Cricket Association Stadium,2,10.6,Delhi Daredevils,Kings XI Punjab,BJ Rohrer,DPMD Jayawardene,P Awana,0,0,,,,,,,,,
598028,2013,2013-05-16,Himachal Pradesh Cricket Association Stadium,2,11.1,Delhi Daredevils,Kings XI Punjab,DPMD Jayawardene,BJ Rohrer,PP Chawla,1,0,,,,,,,,,
598028,2013,2013-05-16,Himachal Pradesh Cricket Association Stadium,2,11.2,Delhi Daredevils,Kings XI Punjab,BJ Rohrer,DPMD Jayawardene,PP Chawla,2,0,,,,,,,,,
598028,2013,2013-05-16,Himachal Pradesh Cricket Association Stadium,2,11.3,Delhi Daredevils,Kings XI Punjab,BJ Rohrer,DPMD Jayawardene,PP Chawla,0,0,,,,,,,,,
598028,2013,2013-05-16,Himachal Pradesh Cricket Association Stadium,2,11.4,Delhi Daredevils,Kings XI Punjab,BJ Rohrer,DPMD Jayawardene,PP Chawla,1,0,,,,,,,,,
598028,2013,2013-05-16,Himachal Pradesh Cricket Association Stadium,2,11.5,Delhi Daredevils,Kings XI Punjab,DPMD Jayawardene,BJ Rohrer,PP Chawla,1,0,,,,,,,,,
598028,2013,2013-05-16,Himachal Pradesh Cricket Association Stadium,2,11.6,Delhi Daredevils,Kings XI Punjab,BJ Rohrer,DPMD Jayawardene,PP Chawla,0,0,,,,,,,,,
598028,2013,2013-05-16,Himachal Pradesh Cricket Association Stadium,2,12.1,Delhi Daredevils,Kings XI Punjab,DPMD Jayawardene,BJ Rohrer,P Awana,1,0,,,,,,,,,
598028,2013,2013-05-16,Himachal Pradesh Cricket Association Stadium,2,12.2,Delhi Daredevils,Kings XI Punjab,BJ Rohrer,DPMD Jayawardene,P Awana,0,0,,,,,,,,,
598028,2013,2013-05-16,Himachal Pradesh Cricket Association Stadium,2,12.3,Delhi Daredevils,Kings XI Punjab,BJ Rohrer,DPMD Jayawardene,P Awana,0,0,,,,,,,,,
598028,2013,2013-05-16,Himachal Pradesh Cricket Association Stadium,2,12.4,Delhi Daredevils,Kings XI Punjab,BJ Rohrer,DPMD Jayawardene,P Awana,0,0,,,,,,,,,
598028,2013,2013-05-16,Himachal Pradesh Cricket Association Stadium,2,12.5,Delhi Daredevils,Kings XI Punjab,BJ Rohrer,DPMD Jayawardene,P Awana,4,0,,,,,,,,,
598028,2013,2013-05-16,Himachal Pradesh Cricket Association Stadium,2,12.6,Delhi Daredevils,Kings XI Punjab,BJ Rohrer,DPMD Jayawardene,P Awana,1,0,,,,,,,,,
598028,2013,2013-05-16,Himachal Pradesh Cricket Association Stadium,2,13.1,Delhi Daredevils,Kings XI Punjab,BJ Rohrer,DPMD Jayawardene,PP Chawla,2,0,,,,,,,,,
598028,2013,2013-05-16,Himachal Pradesh Cricket Association Stadium,2,13.2,Delhi Daredevils,Kings XI Punjab,BJ Rohrer,DPMD Jayawardene,PP Chawla,1,0,,,,,,,,,
598028,2013,2013-05-16,Himachal Pradesh Cricket Association Stadium,2,13.3,Delhi Daredevils,Kings XI Punjab,DPMD Jayawardene,BJ Rohrer,PP Chawla,0,0,,,,,,,,,
598028,2013,2013-05-16,Himachal Pradesh Cricket Association Stadium,2,13.4,Delhi Daredevils,Kings XI Punjab,DPMD Jayawardene,BJ Rohrer,PP Chawla,6,0,,,,,,,,,
598028,2013,2013-05-16,Himachal Pradesh Cricket Association Stadium,2,13.5,Delhi Daredevils,Kings XI Punjab,DPMD Jayawardene,BJ Rohrer,PP Chawla,4,0,,,,,,,,,
598028,2013,2013-05-16,Himachal Pradesh Cricket Association Stadium,2,13.6,Delhi Daredevils,Kings XI Punjab,DPMD Jayawardene,BJ Rohrer,PP Chawla,1,0,,,,,,,,,
598028,2013,2013-05-16,Himachal Pradesh Cricket Association Stadium,2,14.1,Delhi Daredevils,Kings XI Punjab,DPMD Jayawardene,BJ Rohrer,P Awana,4,0,,,,,,,,,
598028,2013,2013-05-16,Himachal Pradesh Cricket Association Stadium,2,14.2,Delhi Daredevils,Kings XI Punjab,DPMD Jayawardene,BJ Rohrer,P Awana,1,0,,,,,,,,,
598028,2013,2013-05-16,Himachal Pradesh Cricket Association Stadium,2,14.3,Delhi Daredevils,Kings XI Punjab,BJ Rohrer,DPMD Jayawardene,P Awana,1,0,,,,,,,,,
598028,2013,2013-05-16,Himachal Pradesh Cricket Association Stadium,2,14.4,Delhi Daredevils,Kings XI Punjab,DPMD Jayawardene,BJ Rohrer,P Awana,0,0,,,,,,,,,
598028,2013,2013-05-16,Himachal Pradesh Cricket Association Stadium,2,14.5,Delhi Daredevils,Kings XI Punjab,DPMD Jayawardene,BJ Rohrer,P Awana,0,3,,3,,,,,,,
598028,2013,2013-05-16,Himachal Pradesh Cricket Association Stadium,2,14.6,Delhi Daredevils,Kings XI Punjab,DPMD Jayawardene,BJ Rohrer,P Awana,1,0,,,,,,,,,
598028,2013,2013-05-16,Himachal Pradesh Cricket Association Stadium,2,14.7,Delhi Daredevils,Kings XI Punjab,BJ Rohrer,DPMD Jayawardene,P Awana,4,0,,,,,,,,,
598028,2013,2013-05-16,Himachal Pradesh Cricket Association Stadium,2,15.1,Delhi Daredevils,Kings XI Punjab,DPMD Jayawardene,BJ Rohrer,Azhar Mahmood,1,0,,,,,,,,,
598028,2013,2013-05-16,Himachal Pradesh Cricket Association Stadium,2,15.2,Delhi Daredevils,Kings XI Punjab,BJ Rohrer,DPMD Jayawardene,Azhar Mahmood,1,0,,,,,,,,,
598028,2013,2013-05-16,Himachal Pradesh Cricket Association Stadium,2,15.3,Delhi Daredevils,Kings XI Punjab,DPMD Jayawardene,BJ Rohrer,Azhar Mahmood,4,0,,,,,,,,,
598028,2013,2013-05-16,Himachal Pradesh Cricket Association Stadium,2,15.4,Delhi Daredevils,Kings XI Punjab,DPMD Jayawardene,BJ Rohrer,Azhar Mahmood,1,0,,,,,,,,,
598028,2013,2013-05-16,Himachal Pradesh Cricket Association Stadium,2,15.5,Delhi Daredevils,Kings XI Punjab,BJ Rohrer,DPMD Jayawardene,Azhar Mahmood,0,0,,,,,,,,,
598028,2013,2013-05-16,Himachal Pradesh Cricket Association Stadium,2,15.6,Delhi Daredevils,Kings XI Punjab,BJ Rohrer,DPMD Jayawardene,Azhar Mahmood,4,0,,,,,,,,,
598028,2013,2013-05-16,Himachal Pradesh Cricket Association Stadium,2,16.1,Delhi Daredevils,Kings XI Punjab,DPMD Jayawardene,BJ Rohrer,Sandeep Sharma,0,0,,,,,,caught,DPMD Jayawardene,,
598028,2013,2013-05-16,Himachal Pradesh Cricket Association Stadium,2,16.2,Delhi Daredevils,Kings XI Punjab,BJ Rohrer,CM Gautam,Sandeep Sharma,6,0,,,,,,,,,
598028,2013,2013-05-16,Himachal Pradesh Cricket Association Stadium,2,16.3,Delhi Daredevils,Kings XI Punjab,BJ Rohrer,CM Gautam,Sandeep Sharma,1,0,,,,,,,,,
598028,2013,2013-05-16,Himachal Pradesh Cricket Association Stadium,2,16.4,Delhi Daredevils,Kings XI Punjab,CM Gautam,BJ Rohrer,Sandeep Sharma,0,0,,,,,,,,,
598028,2013,2013-05-16,Himachal Pradesh Cricket Association Stadium,2,16.5,Delhi Daredevils,Kings XI Punjab,CM Gautam,BJ Rohrer,Sandeep Sharma,0,0,,,,,,,,,
598028,2013,2013-05-16,Himachal Pradesh Cricket Association Stadium,2,16.6,Delhi Daredevils,Kings XI Punjab,CM Gautam,BJ Rohrer,Sandeep Sharma,4,0,,,,,,,,,
598028,2013,2013-05-16,Himachal Pradesh Cricket Association Stadium,2,17.1,Delhi Daredevils,Kings XI Punjab,BJ Rohrer,CM Gautam,P Kumar,1,0,,,,,,,,,
598028,2013,2013-05-16,Himachal Pradesh Cricket Association Stadium,2,17.2,Delhi Daredevils,Kings XI Punjab,CM Gautam,BJ Rohrer,P Kumar,1,0,,,,,,,,,
598028,2013,2013-05-16,Himachal Pradesh Cricket Association Stadium,2,17.3,Delhi Daredevils,Kings XI Punjab,BJ Rohrer,CM Gautam,P Kumar,1,0,,,,,,,,,
598028,2013,2013-05-16,Himachal Pradesh Cricket Association Stadium,2,17.4,Delhi Daredevils,Kings XI Punjab,CM Gautam,BJ Rohrer,P Kumar,4,0,,,,,,,,,
598028,2013,2013-05-16,Himachal Pradesh Cricket Association Stadium,2,17.5,Delhi Daredevils,Kings XI Punjab,CM Gautam,BJ Rohrer,P Kumar,1,0,,,,,,,,,
598028,2013,2013-05-16,Himachal Pradesh Cricket Association Stadium,2,17.6,Delhi Daredevils,Kings XI Punjab,BJ Rohrer,CM Gautam,P Kumar,1,0,,,,,,,,,
598028,2013,2013-05-16,Himachal Pradesh Cricket Association Stadium,2,18.1,Delhi Daredevils,Kings XI Punjab,BJ Rohrer,CM Gautam,Azhar Mahmood,6,0,,,,,,,,,
598028,2013,2013-05-16,Himachal Pradesh Cricket Association Stadium,2,18.2,Delhi Daredevils,Kings XI Punjab,BJ Rohrer,CM Gautam,Azhar Mahmood,6,0,,,,,,,,,
598028,2013,2013-05-16,Himachal Pradesh Cricket Association Stadium,2,18.3,Delhi Daredevils,Kings XI Punjab,BJ Rohrer,CM Gautam,Azhar Mahmood,1,0,,,,,,,,,
598028,2013,2013-05-16,Himachal Pradesh Cricket Association Stadium,2,18.4,Delhi Daredevils,Kings XI Punjab,CM Gautam,BJ Rohrer,Azhar Mahmood,1,0,,,,,,,,,
598028,2013,2013-05-16,Himachal Pradesh Cricket Association Stadium,2,18.5,Delhi Daredevils,Kings XI Punjab,BJ Rohrer,CM Gautam,Azhar Mahmood,4,0,,,,,,,,,
598028,2013,2013-05-16,Himachal Pradesh Cricket Association Stadium,2,18.6,Delhi Daredevils,Kings XI Punjab,BJ Rohrer,CM Gautam,Azhar Mahmood,1,0,,,,,,,,,
598028,2013,2013-05-16,Himachal Pradesh Cricket Association Stadium,2,19.1,Delhi Daredevils,Kings XI Punjab,BJ Rohrer,CM Gautam,PP Chawla,0,0,,,,,,bowled,BJ Rohrer,,
598028,2013,2013-05-16,Himachal Pradesh Cricket Association Stadium,2,19.2,Delhi Daredevils,Kings XI Punjab,M Morkel,CM Gautam,PP Chawla,6,0,,,,,,,,,
598028,2013,2013-05-16,Himachal Pradesh Cricket Association Stadium,2,19.3,Delhi Daredevils,Kings XI Punjab,M Morkel,CM Gautam,PP Chawla,1,0,,,,,,,,,
598028,2013,2013-05-16,Himachal Pradesh Cricket Association Stadium,2,19.4,Delhi Daredevils,Kings XI Punjab,CM Gautam,M Morkel,PP Chawla,1,0,,,,,,,,,
598028,2013,2013-05-16,Himachal Pradesh Cricket Association Stadium,2,19.5,Delhi Daredevils,Kings XI Punjab,M Morkel,CM Gautam,PP Chawla,6,0,,,,,,,,,
598028,2013,2013-05-16,Himachal Pradesh Cricket Association Stadium,2,19.6,Delhi Daredevils,Kings XI Punjab,M Morkel,CM Gautam,PP Chawla,0,0,,,,,,caught,M Morkel,,
