match_id,season,start_date,venue,innings,ball,batting_team,bowling_team,striker,non_striker,bowler,runs_off_bat,extras,wides,noballs,byes,legbyes,penalty,wicket_type,player_dismissed,other_wicket_type,other_player_dismissed
733993,2014,2014-05-10,Feroz Shah Kotla,1,0.1,Delhi Daredevils,Sunrisers Hyderabad,Q de Kock,KP Pietersen,DW Steyn,0,0,,,,,,,,,
733993,2014,2014-05-10,Feroz Shah Kotla,1,0.2,Delhi Daredevils,Sunrisers Hyderabad,Q de Kock,KP Pietersen,DW Steyn,2,0,,,,,,,,,
733993,2014,2014-05-10,Feroz Shah Kotla,1,0.3,Delhi Daredevils,Sunrisers Hyderabad,Q de Kock,KP Pietersen,DW Steyn,1,0,,,,,,,,,
733993,2014,2014-05-10,Feroz Shah Kotla,1,0.4,Delhi Daredevils,Sunrisers Hyderabad,KP Pietersen,Q de Kock,DW Steyn,0,0,,,,,,,,,
733993,2014,2014-05-10,Feroz Shah Kotla,1,0.5,Delhi Daredevils,Sunrisers Hyderabad,KP Pietersen,Q de Kock,DW Steyn,1,0,,,,,,,,,
733993,2014,2014-05-10,Feroz Shah Kotla,1,0.6,Delhi Daredevils,Sunrisers Hyderabad,Q de Kock,KP Pietersen,DW Steyn,0,0,,,,,,,,,
733993,2014,2014-05-10,Feroz Shah Kotla,1,1.1,Delhi Daredevils,Sunrisers Hyderabad,KP Pietersen,Q de Kock,B Kumar,1,0,,,,,,,,,
733993,2014,2014-05-10,Feroz Shah Kotla,1,1.2,Delhi Daredevils,Sunrisers Hyderabad,Q de Kock,KP Pietersen,B Kumar,3,0,,,,,,,,,
733993,2014,2014-05-10,Feroz Shah Kotla,1,1.3,Delhi Daredevils,Sunrisers Hyderabad,KP Pietersen,Q de Kock,B Kumar,0,1,,,,1,,,,,
733993,2014,2014-05-10,Feroz Shah Kotla,1,1.4,Delhi Daredevils,Sunrisers Hyderabad,Q de Kock,KP Pietersen,B Kumar,0,0,,,,,,,,,
733993,2014,2014-05-10,Feroz Shah Kotla,1,1.5,Delhi Daredevils,Sunrisers Hyderabad,Q de Kock,KP Pietersen,B Kumar,0,0,,,,,,,,,
733993,2014,2014-05-10,Feroz Shah Kotla,1,1.6,Delhi Daredevils,Sunrisers Hyderabad,Q de Kock,KP Pietersen,B Kumar,1,0,,,,,,,,,
733993,2014,2014-05-10,Feroz Shah Kotla,1,2.1,Delhi Daredevils,Sunrisers Hyderabad,Q de Kock,KP Pietersen,DW Steyn,0,0,,,,,,,,,
733993,2014,2014-05-10,Feroz Shah Kotla,1,2.2,Delhi Daredevils,Sunrisers Hyderabad,Q de Kock,KP Pietersen,DW Steyn,0,0,,,,,,,,,
733993,2014,2014-05-10,Feroz Shah Kotla,1,2.3,Delhi Daredevils,Sunrisers Hyderabad,Q de Kock,KP Pietersen,DW Steyn,0,0,,,,,,,,,
733993,2014,2014-05-10,Feroz Shah Kotla,1,2.4,Delhi Daredevils,Sunrisers Hyderabad,Q de Kock,KP Pietersen,DW Steyn,0,0,,,,,,caught,Q de Kock,,
733993,2014,2014-05-10,Feroz Shah Kotla,1,2.5,Delhi Daredevils,Sunrisers Hyderabad,MA Agarwal,KP Pietersen,DW Steyn,0,0,,,,,,,,,
733993,2014,2014-05-10,Feroz Shah Kotla,1,2.6,Delhi Daredevils,Sunrisers Hyderabad,MA Agarwal,KP Pietersen,DW Steyn,4,0,,,,,,,,,
733993,2014,2014-05-10,Feroz Shah Kotla,1,3.1,Delhi Daredevils,Sunrisers Hyderabad,KP Pietersen,MA Agarwal,B Kumar,4,0,,,,,,,,,
733993,2014,2014-05-10,Feroz Shah Kotla,1,3.2,Delhi Daredevils,Sunrisers Hyderabad,KP Pietersen,MA Agarwal,B Kumar,4,0,,,,,,,,,
733993,2014,2014-05-10,Feroz Shah Kotla,1,3.3,Delhi Daredevils,Sunrisers Hyderabad,KP Pietersen,MA Agarwal,B Kumar,0,0,,,,,,,,,
733993,2014,2014-05-10,Feroz Shah Kotla,1,3.4,Delhi Daredevils,Sunrisers Hyderabad,KP Pietersen,MA Agarwal,B Kumar,0,0,,,,,,,,,
733993,2014,2014-05-10,Feroz Shah Kotla,1,3.5,Delhi Daredevils,Sunrisers Hyderabad,KP Pietersen,MA Agarwal,B Kumar,1,0,,,,,,,,,
733993,2014,2014-05-10,Feroz Shah Kotla,1,3.6,Delhi Daredevils,Sunrisers Hyderabad,MA Agarwal,KP Pietersen,B Kumar,0,0,,,,,,,,,
733993,2014,2014-05-10,Feroz Shah Kotla,1,4.1,Delhi Daredevils,Sunrisers Hyderabad,KP Pietersen,MA Agarwal,KV Sharma,1,0,,,,,,,,,
733993,2014,2014-05-10,Feroz Shah Kotla,1,4.2,Delhi Daredevils,Sunrisers Hyderabad,MA Agarwal,KP Pietersen,KV Sharma,1,0,,,,,,,,,
733993,2014,2014-05-10,Feroz Shah Kotla,1,4.3,Delhi Daredevils,Sunrisers Hyderabad,KP Pietersen,MA Agarwal,KV Sharma,6,0,,,,,,,,,
733993,2014,2014-05-10,Feroz Shah Kotla,1,4.4,Delhi Daredevils,Sunrisers Hyderabad,KP Pietersen,MA Agarwal,KV Sharma,0,0,,,,,,,,,
733993,2014,2014-05-10,Feroz Shah Kotla,1,4.5,Delhi Daredevils,Sunrisers Hyderabad,KP Pietersen,MA Agarwal,KV Sharma,4,0,,,,,,,,,
733993,2014,2014-05-10,Feroz Shah Kotla,1,4.6,Delhi Daredevils,Sunrisers Hyderabad,KP Pietersen,MA Agarwal,KV Sharma,0,1,1,,,,,,,,
733993,2014,2014-05-10,Feroz Shah Kotla,1,4.7,Delhi Daredevils,Sunrisers Hyderabad,KP Pietersen,MA Agarwal,KV Sharma,1,0,,,,,,,,,
733993,2014,2014-05-10,Feroz Shah Kotla,1,5.1,Delhi Daredevils,Sunrisers Hyderabad,KP Pietersen,MA Agarwal,MC Henriques,6,0,,,,,,,,,
733993,2014,2014-05-10,Feroz Shah Kotla,1,5.2,Delhi Daredevils,Sunrisers Hyderabad,KP Pietersen,MA Agarwal,MC Henriques,4,0,,,,,,,,,
733993,2014,2014-05-10,Feroz Shah Kotla,1,5.3,Delhi Daredevils,Sunrisers Hyderabad,KP Pietersen,MA Agarwal,MC Henriques,1,0,,,,,,,,,
733993,2014,2014-05-10,Feroz Shah Kotla,1,5.4,Delhi Daredevils,Sunrisers Hyderabad,MA Agarwal,KP Pietersen,MC Henriques,0,0,,,,,,,,,
733993,2014,2014-05-10,Feroz Shah Kotla,1,5.5,Delhi Daredevils,Sunrisers Hyderabad,MA Agarwal,KP Pietersen,MC Henriques,4,0,,,,,,,,,
733993,2014,2014-05-10,Feroz Shah Kotla,1,5.6,Delhi Daredevils,Sunrisers Hyderabad,MA Agarwal,KP Pietersen,MC Henriques,0,0,,,,,,,,,
733993,2014,2014-05-10,Feroz Shah Kotla,1,6.1,Delhi Daredevils,Sunrisers Hyderabad,KP Pietersen,MA Agarwal,A Mishra,1,0,,,,,,,,,
733993,2014,2014-05-10,Feroz Shah Kotla,1,6.2,Delhi Daredevils,Sunrisers Hyderabad,MA Agarwal,KP Pietersen,A Mishra,1,0,,,,,,,,,
733993,2014,2014-05-10,Feroz Shah Kotla,1,6.3,Delhi Daredevils,Sunrisers Hyderabad,KP Pietersen,MA Agarwal,A Mishra,0,0,,,,,,caught,KP Pietersen,,
733993,2014,2014-05-10,Feroz Shah Kotla,1,6.4,Delhi Daredevils,Sunrisers Hyderabad,KD Karthik,MA Agarwal,A Mishra,1,0,,,,,,,,,
733993,2014,2014-05-10,Feroz Shah Kotla,1,6.5,Delhi Daredevils,Sunrisers Hyderabad,MA Agarwal,KD Karthik,A Mishra,4,0,,,,,,,,,
733993,2014,2014-05-10,Feroz Shah Kotla,1,6.6,Delhi Daredevils,Sunrisers Hyderabad,MA Agarwal,KD Karthik,A Mishra,1,0,,,,,,,,,
733993,2014,2014-05-10,Feroz Shah Kotla,1,7.1,Delhi Daredevils,Sunrisers Hyderabad,MA Agarwal,KD Karthik,MC Henriques,1,0,,,,,,,,,
733993,2014,2014-05-10,Feroz Shah Kotla,1,7.2,Delhi Daredevils,Sunrisers Hyderabad,KD Karthik,MA Agarwal,MC Henriques,1,0,,,,,,,,,
733993,2014,2014-05-10,Feroz Shah Kotla,1,7.3,Delhi Daredevils,Sunrisers Hyderabad,MA Agarwal,KD Karthik,MC Henriques,1,0,,,,,,,,,
733993,2014,2014-05-10,Feroz Shah Kotla,1,7.4,Delhi Daredevils,Sunrisers Hyderabad,KD Karthik,MA Agarwal,MC Henriques,1,0,,,,,,,,,
733993,2014,2014-05-10,Feroz Shah Kotla,1,7.5,Delhi Daredevils,Sunrisers Hyderabad,MA Agarwal,KD Karthik,MC Henriques,2,0,,,,,,,,,
733993,2014,2014-05-10,Feroz Shah Kotla,1,7.6,Delhi Daredevils,Sunrisers Hyderabad,MA Agarwal,KD Karthik,MC Henriques,1,0,,,,,,,,,
733993,2014,2014-05-10,Feroz Shah Kotla,1,8.1,Delhi Daredevils,Sunrisers Hyderabad,MA Agarwal,KD Karthik,A Mishra,4,0,,,,,,,,,
733993,2014,2014-05-10,Feroz Shah Kotla,1,8.2,Delhi Daredevils,Sunrisers Hyderabad,MA Agarwal,KD Karthik,A Mishra,0,0,,,,,,,,,
733993,2014,2014-05-10,Feroz Shah Kotla,1,8.3,Delhi Daredevils,Sunrisers Hyderabad,MA Agarwal,KD Karthik,A Mishra,1,0,,,,,,,,,
733993,2014,2014-05-10,Feroz Shah Kotla,1,8.4,Delhi Daredevils,Sunrisers Hyderabad,KD Karthik,MA Agarwal,A Mishra,1,0,,,,,,,,,
733993,2014,2014-05-10,Feroz Shah Kotla,1,8.5,Delhi Daredevils,Sunrisers Hyderabad,MA Agarwal,KD Karthik,A Mishra,0,0,,,,,,caught,MA Agarwal,,
733993,2014,2014-05-10,Feroz Shah Kotla,1,8.6,Delhi Daredevils,Sunrisers Hyderabad,LR Shukla,KD Karthik,A Mishra,0,0,,,,,,,,,
733993,2014,2014-05-10,Feroz Shah Kotla,1,9.1,Delhi Daredevils,Sunrisers Hyderabad,KD Karthik,LR Shukla,KV Sharma,0,0,,,,,,,,,
733993,2014,2014-05-10,Feroz Shah Kotla,1,9.2,Delhi Daredevils,Sunrisers Hyderabad,KD Karthik,LR Shukla,KV Sharma,1,0,,,,,,,,,
733993,2014,2014-05-10,Feroz Shah Kotla,1,9.3,Delhi Daredevils,Sunrisers Hyderabad,LR Shukla,KD Karthik,KV Sharma,0,0,,,,,,,,,
733993,2014,2014-05-10,Feroz Shah Kotla,1,9.4,Delhi Daredevils,Sunrisers Hyderabad,LR Shukla,KD Karthik,KV Sharma,1,0,,,,,,,,,
733993,2014,2014-05-10,Feroz Shah Kotla,1,9.5,Delhi Daredevils,Sunrisers Hyderabad,KD Karthik,LR Shukla,KV Sharma,0,0,,,,,,,,,
733993,2014,2014-05-10,Feroz Shah Kotla,1,9.6,Delhi Daredevils,Sunrisers Hyderabad,KD Karthik,LR Shukla,KV Sharma,0,0,,,,,,,,,
733993,2014,2014-05-10,Feroz Shah Kotla,1,10.1,Delhi Daredevils,Sunrisers Hyderabad,LR Shukla,KD Karthik,A Mishra,1,0,,,,,,,,,
733993,2014,2014-05-10,Feroz Shah Kotla,1,10.2,Delhi Daredevils,Sunrisers Hyderabad,KD Karthik,LR Shukla,A Mishra,0,0,,,,,,,,,
733993,2014,2014-05-10,Feroz Shah Kotla,1,10.3,Delhi Daredevils,Sunrisers Hyderabad,KD Karthik,LR Shukla,A Mishra,1,0,,,,,,,,,
733993,2014,2014-05-10,Feroz Shah Kotla,1,10.4,Delhi Daredevils,Sunrisers Hyderabad,LR Shukla,KD Karthik,A Mishra,0,0,,,,,,,,,
733993,2014,2014-05-10,Feroz Shah Kotla,1,10.5,Delhi Daredevils,Sunrisers Hyderabad,LR Shukla,KD Karthik,A Mishra,6,0,,,,,,,,,
733993,2014,2014-05-10,Feroz Shah Kotla,1,10.6,Delhi Daredevils,Sunrisers Hyderabad,LR Shukla,KD Karthik,A Mishra,1,0,,,,,,,,,
733993,2014,2014-05-10,Feroz Shah Kotla,1,11.1,Delhi Daredevils,Sunrisers Hyderabad,LR Shukla,KD Karthik,IK Pathan,1,0,,,,,,,,,
733993,2014,2014-05-10,Feroz Shah Kotla,1,11.2,Delhi Daredevils,Sunrisers Hyderabad,KD Karthik,LR Shukla,IK Pathan,2,0,,,,,,,,,
733993,2014,2014-05-10,Feroz Shah Kotla,1,11.3,Delhi Daredevils,Sunrisers Hyderabad,KD Karthik,LR Shukla,IK Pathan,1,0,,,,,,,,,
733993,2014,2014-05-10,Feroz Shah Kotla,1,11.4,Delhi Daredevils,Sunrisers Hyderabad,LR Shukla,KD Karthik,IK Pathan,1,0,,,,,,,,,
733993,2014,2014-05-10,Feroz Shah Kotla,1,11.5,Delhi Daredevils,Sunrisers Hyderabad,KD Karthik,LR Shukla,IK Pathan,1,0,,,,,,,,,
733993,2014,2014-05-10,Feroz Shah Kotla,1,11.6,Delhi Daredevils,Sunrisers Hyderabad,LR Shukla,KD Karthik,IK Pathan,1,0,,,,,,,,,
733993,2014,2014-05-10,Feroz Shah Kotla,1,12.1,Delhi Daredevils,Sunrisers Hyderabad,LR Shukla,KD Karthik,DW Steyn,0,1,,,,1,,,,,
733993,2014,2014-05-10,Feroz Shah Kotla,1,12.2,Delhi Daredevils,Sunrisers Hyderabad,KD Karthik,LR Shukla,DW Steyn,6,0,,,,,,,,,
733993,2014,2014-05-10,Feroz Shah Kotla,1,12.3,Delhi Daredevils,Sunrisers Hyderabad,KD Karthik,LR Shukla,DW Steyn,1,0,,,,,,,,,
733993,2014,2014-05-10,Feroz Shah Kotla,1,12.4,Delhi Daredevils,Sunrisers Hyderabad,LR Shukla,KD Karthik,DW Steyn,0,0,,,,,,,,,
733993,2014,2014-05-10,Feroz Shah Kotla,1,12.5,Delhi Daredevils,Sunrisers Hyderabad,LR Shukla,KD Karthik,DW Steyn,0,2,,,,2,,,,,
733993,2014,2014-05-10,Feroz Shah Kotla,1,12.6,Delhi Daredevils,Sunrisers Hyderabad,LR Shukla,KD Karthik,DW Steyn,1,0,,,,,,,,,
733993,2014,2014-05-10,Feroz Shah Kotla,1,13.1,Delhi Daredevils,Sunrisers Hyderabad,LR Shukla,KD Karthik,KV Sharma,1,0,,,,,,,,,
733993,2014,2014-05-10,Feroz Shah Kotla,1,13.2,Delhi Daredevils,Sunrisers Hyderabad,KD Karthik,LR Shukla,KV Sharma,0,0,,,,,,,,,
733993,2014,2014-05-10,Feroz Shah Kotla,1,13.3,Delhi Daredevils,Sunrisers Hyderabad,KD Karthik,LR Shukla,KV Sharma,0,0,,,,,,,,,
733993,2014,2014-05-10,Feroz Shah Kotla,1,13.4,Delhi Daredevils,Sunrisers Hyderabad,KD Karthik,LR Shukla,KV Sharma,6,0,,,,,,,,,
733993,2014,2014-05-10,Feroz Shah Kotla,1,13.5,Delhi Daredevils,Sunrisers Hyderabad,KD Karthik,LR Shukla,KV Sharma,4,0,,,,,,,,,
733993,2014,2014-05-10,Feroz Shah Kotla,1,13.6,Delhi Daredevils,Sunrisers Hyderabad,KD Karthik,LR Shukla,KV Sharma,2,0,,,,,,,,,
733993,2014,2014-05-10,Feroz Shah Kotla,1,14.1,Delhi Daredevils,Sunrisers Hyderabad,LR Shukla,KD Karthik,IK Pathan,1,0,,,,,,,,,
733993,2014,2014-05-10,Feroz Shah Kotla,1,14.2,Delhi Daredevils,Sunrisers Hyderabad,KD Karthik,LR Shukla,IK Pathan,0,0,,,,,,,,,
733993,2014,2014-05-10,Feroz Shah Kotla,1,14.3,Delhi Daredevils,Sunrisers Hyderabad,KD Karthik,LR Shukla,IK Pathan,1,0,,,,,,,,,
733993,2014,2014-05-10,Feroz Shah Kotla,1,14.4,Delhi Daredevils,Sunrisers Hyderabad,LR Shukla,KD Karthik,IK Pathan,1,0,,,,,,,,,
733993,2014,2014-05-10,Feroz Shah Kotla,1,14.5,Delhi Daredevils,Sunrisers Hyderabad,KD Karthik,LR Shukla,IK Pathan,2,0,,,,,,,,,
733993,2014,2014-05-10,Feroz Shah Kotla,1,14.6,Delhi Daredevils,Sunrisers Hyderabad,KD Karthik,LR Shukla,IK Pathan,1,0,,,,,,,,,
733993,2014,2014-05-10,Feroz Shah Kotla,1,15.1,Delhi Daredevils,Sunrisers Hyderabad,KD Karthik,LR Shukla,B Kumar,1,0,,,,,,,,,
733993,2014,2014-05-10,Feroz Shah Kotla,1,15.2,Delhi Daredevils,Sunrisers Hyderabad,LR Shukla,KD Karthik,B Kumar,1,0,,,,,,,,,
733993,2014,2014-05-10,Feroz Shah Kotla,1,15.3,Delhi Daredevils,Sunrisers Hyderabad,KD Karthik,LR Shukla,B Kumar,2,0,,,,,,,,,
733993,2014,2014-05-10,Feroz Shah Kotla,1,15.4,Delhi Daredevils,Sunrisers Hyderabad,KD Karthik,LR Shukla,B Kumar,0,0,,,,,,,,,
733993,2014,2014-05-10,Feroz Shah Kotla,1,15.5,Delhi Daredevils,Sunrisers Hyderabad,KD Karthik,LR Shukla,B Kumar,2,0,,,,,,,,,
733993,2014,2014-05-10,Feroz Shah Kotla,1,15.6,Delhi Daredevils,Sunrisers Hyderabad,KD Karthik,LR Shukla,B Kumar,1,0,,,,,,,,,
733993,2014,2014-05-10,Feroz Shah Kotla,1,16.1,Delhi Daredevils,Sunrisers Hyderabad,KD Karthik,LR Shukla,MC Henriques,0,0,,,,,,caught,KD Karthik,,
733993,2014,2014-05-10,Feroz Shah Kotla,1,16.2,Delhi Daredevils,Sunrisers Hyderabad,LR Shukla,JP Duminy,MC Henriques,4,0,,,,,,,,,
733993,2014,2014-05-10,Feroz Shah Kotla,1,16.3,Delhi Daredevils,Sunrisers Hyderabad,LR Shukla,JP Duminy,MC Henriques,0,0,,,,,,,,,
733993,2014,2014-05-10,Feroz Shah Kotla,1,16.4,Delhi Daredevils,Sunrisers Hyderabad,LR Shukla,JP Duminy,MC Henriques,0,0,,,,,,,,,
733993,2014,2014-05-10,Feroz Shah Kotla,1,16.5,Delhi Daredevils,Sunrisers Hyderabad,LR Shukla,JP Duminy,MC Henriques,0,0,,,,,,caught,LR Shukla,,
733993,2014,2014-05-10,Feroz Shah Kotla,1,16.6,Delhi Daredevils,Sunrisers Hyderabad,KM Jadhav,JP Duminy,MC Henriques,0,0,,,,,,,,,
733993,2014,2014-05-10,Feroz Shah Kotla,1,17.1,Delhi Daredevils,Sunrisers Hyderabad,JP Duminy,KM Jadhav,IK Pathan,1,0,,,,,,,,,
733993,2014,2014-05-10,Feroz Shah Kotla,1,17.2,Delhi Daredevils,Sunrisers Hyderabad,KM Jadhav,JP Duminy,IK Pathan,1,0,,,,,,,,,
733993,2014,2014-05-10,Feroz Shah Kotla,1,17.3,Delhi Daredevils,Sunrisers Hyderabad,JP Duminy,KM Jadhav,IK Pathan,1,0,,,,,,,,,
733993,2014,2014-05-10,Feroz Shah Kotla,1,17.4,Delhi Daredevils,Sunrisers Hyderabad,KM Jadhav,JP Duminy,IK Pathan,0,0,,,,,,,,,
733993,2014,2014-05-10,Feroz Shah Kotla,1,17.5,Delhi Daredevils,Sunrisers Hyderabad,KM Jadhav,JP Duminy,IK Pathan,1,0,,,,,,,,,
733993,2014,2014-05-10,Feroz Shah Kotla,1,17.6,Delhi Daredevils,Sunrisers Hyderabad,JP Duminy,KM Jadhav,IK Pathan,1,0,,,,,,,,,
733993,2014,2014-05-10,Feroz Shah Kotla,1,18.1,Delhi Daredevils,Sunrisers Hyderabad,JP Duminy,KM Jadhav,B Kumar,1,0,,,,,,,,,
733993,2014,2014-05-10,Feroz Shah Kotla,1,18.2,Delhi Daredevils,Sunrisers Hyderabad,KM Jadhav,JP Duminy,B Kumar,0,0,,,,,,,,,
733993,2014,2014-05-10,Feroz Shah Kotla,1,18.3,Delhi Daredevils,Sunrisers Hyderabad,KM Jadhav,JP Duminy,B Kumar,0,0,,,,,,,,,
733993,2014,2014-05-10,Feroz Shah Kotla,1,18.4,Delhi Daredevils,Sunrisers Hyderabad,KM Jadhav,JP Duminy,B Kumar,0,0,,,,,,,,,
733993,2014,2014-05-10,Feroz Shah Kotla,1,18.5,Delhi Daredevils,Sunrisers Hyderabad,KM Jadhav,JP Duminy,B Kumar,1,0,,,,,,,,,
733993,2014,2014-05-10,Feroz Shah Kotla,1,18.6,Delhi Daredevils,Sunrisers Hyderabad,JP Duminy,KM Jadhav,B Kumar,0,0,,,,,,bowled,JP Duminy,,
733993,2014,2014-05-10,Feroz Shah Kotla,1,19.1,Delhi Daredevils,Sunrisers Hyderabad,KM Jadhav,R Shukla,DW Steyn,1,0,,,,,,,,,
733993,2014,2014-05-10,Feroz Shah Kotla,1,19.2,Delhi Daredevils,Sunrisers Hyderabad,R Shukla,KM Jadhav,DW Steyn,0,0,,,,,,,,,
733993,2014,2014-05-10,Feroz Shah Kotla,1,19.3,Delhi Daredevils,Sunrisers Hyderabad,R Shukla,KM Jadhav,DW Steyn,1,0,,,,,,,,,
733993,2014,2014-05-10,Feroz Shah Kotla,1,19.4,Delhi Daredevils,Sunrisers Hyderabad,KM Jadhav,R Shukla,DW Steyn,1,0,,,,,,,,,
733993,2014,2014-05-10,Feroz Shah Kotla,1,19.5,Delhi Daredevils,Sunrisers Hyderabad,R Shukla,KM Jadhav,DW Steyn,1,0,,,,,,,,,
733993,2014,2014-05-10,Feroz Shah Kotla,1,19.6,Delhi Daredevils,Sunrisers Hyderabad,KM Jadhav,R Shukla,DW Steyn,0,0,,,,,,caught,KM Jadhav,,
733993,2014,2014-05-10,Feroz Shah Kotla,2,0.1,Sunrisers Hyderabad,Delhi Daredevils,AJ Finch,S Dhawan,Mohammed Shami,0,0,,,,,,,,,
733993,2014,2014-05-10,Feroz Shah Kotla,2,0.2,Sunrisers Hyderabad,Delhi Daredevils,AJ Finch,S Dhawan,Mohammed Shami,1,0,,,,,,,,,
733993,2014,2014-05-10,Feroz Shah Kotla,2,0.3,Sunrisers Hyderabad,Delhi Daredevils,S Dhawan,AJ Finch,Mohammed Shami,0,4,,,4,,,,,,
733993,2014,2014-05-10,Feroz Shah Kotla,2,0.4,Sunrisers Hyderabad,Delhi Daredevils,S Dhawan,AJ Finch,Mohammed Shami,4,0,,,,,,,,,
733993,2014,2014-05-10,Feroz Shah Kotla,2,0.5,Sunrisers Hyderabad,Delhi Daredevils,S Dhawan,AJ Finch,Mohammed Shami,0,1,,1,,,,,,,
733993,2014,2014-05-10,Feroz Shah Kotla,2,0.6,Sunrisers Hyderabad,Delhi Daredevils,S Dhawan,AJ Finch,Mohammed Shami,0,0,,,,,,,,,
733993,2014,2014-05-10,Feroz Shah Kotla,2,0.7,Sunrisers Hyderabad,Delhi Daredevils,S Dhawan,AJ Finch,Mohammed Shami,0,0,,,,,,,,,
733993,2014,2014-05-10,Feroz Shah Kotla,2,1.1,Sunrisers Hyderabad,Delhi Daredevils,AJ Finch,S Dhawan,S Kaul,1,0,,,,,,,,,
733993,2014,2014-05-10,Feroz Shah Kotla,2,1.2,Sunrisers Hyderabad,Delhi Daredevils,S Dhawan,AJ Finch,S Kaul,0,0,,,,,,,,,
733993,2014,2014-05-10,Feroz Shah Kotla,2,1.3,Sunrisers Hyderabad,Delhi Daredevils,S Dhawan,AJ Finch,S Kaul,0,2,,,,2,,,,,
733993,2014,2014-05-10,Feroz Shah Kotla,2,1.4,Sunrisers Hyderabad,Delhi Daredevils,S Dhawan,AJ Finch,S Kaul,0,0,,,,,,caught,S Dhawan,,
733993,2014,2014-05-10,Feroz Shah Kotla,2,1.5,Sunrisers Hyderabad,Delhi Daredevils,DA Warner,AJ Finch,S Kaul,0,0,,,,,,,,,
733993,2014,2014-05-10,Feroz Shah Kotla,2,1.6,Sunrisers Hyderabad,Delhi Daredevils,DA Warner,AJ Finch,S Kaul,0,1,1,,,,,,,,
733993,2014,2014-05-10,Feroz Shah Kotla,2,1.7,Sunrisers Hyderabad,Delhi Daredevils,DA Warner,AJ Finch,S Kaul,0,1,1,,,,,,,,
733993,2014,2014-05-10,Feroz Shah Kotla,2,1.8,Sunrisers Hyderabad,Delhi Daredevils,DA Warner,AJ Finch,S Kaul,2,0,,,,,,,,,
733993,2014,2014-05-10,Feroz Shah Kotla,2,2.1,Sunrisers Hyderabad,Delhi Daredevils,AJ Finch,DA Warner,Imran Tahir,1,0,,,,,,,,,
733993,2014,2014-05-10,Feroz Shah Kotla,2,2.2,Sunrisers Hyderabad,Delhi Daredevils,DA Warner,AJ Finch,Imran Tahir,1,0,,,,,,,,,
733993,2014,2014-05-10,Feroz Shah Kotla,2,2.3,Sunrisers Hyderabad,Delhi Daredevils,AJ Finch,DA Warner,Imran Tahir,1,0,,,,,,,,,
733993,2014,2014-05-10,Feroz Shah Kotla,2,2.4,Sunrisers Hyderabad,Delhi Daredevils,DA Warner,AJ Finch,Imran Tahir,1,0,,,,,,,,,
733993,2014,2014-05-10,Feroz Shah Kotla,2,2.5,Sunrisers Hyderabad,Delhi Daredevils,AJ Finch,DA Warner,Imran Tahir,0,2,2,,,,,,,,
733993,2014,2014-05-10,Feroz Shah Kotla,2,2.6,Sunrisers Hyderabad,Delhi Daredevils,DA Warner,AJ Finch,Imran Tahir,1,0,,,,,,,,,
733993,2014,2014-05-10,Feroz Shah Kotla,2,2.7,Sunrisers Hyderabad,Delhi Daredevils,AJ Finch,DA Warner,Imran Tahir,0,0,,,,,,,,,
733993,2014,2014-05-10,Feroz Shah Kotla,2,3.1,Sunrisers Hyderabad,Delhi Daredevils,DA Warner,AJ Finch,R Shukla,1,0,,,,,,,,,
733993,2014,2014-05-10,Feroz Shah Kotla,2,3.2,Sunrisers Hyderabad,Delhi Daredevils,AJ Finch,DA Warner,R Shukla,0,0,,,,,,bowled,AJ Finch,,
733993,2014,2014-05-10,Feroz Shah Kotla,2,3.3,Sunrisers Hyderabad,Delhi Daredevils,NV Ojha,DA Warner,R Shukla,1,0,,,,,,,,,
733993,2014,2014-05-10,Feroz Shah Kotla,2,3.4,Sunrisers Hyderabad,Delhi Daredevils,DA Warner,NV Ojha,R Shukla,4,0,,,,,,,,,
733993,2014,2014-05-10,Feroz Shah Kotla,2,3.5,Sunrisers Hyderabad,Delhi Daredevils,DA Warner,NV Ojha,R Shukla,1,0,,,,,,,,,
733993,2014,2014-05-10,Feroz Shah Kotla,2,3.6,Sunrisers Hyderabad,Delhi Daredevils,NV Ojha,DA Warner,R Shukla,6,0,,,,,,,,,
733993,2014,2014-05-10,Feroz Shah Kotla,2,4.1,Sunrisers Hyderabad,Delhi Daredevils,DA Warner,NV Ojha,LR Shukla,1,0,,,,,,,,,
733993,2014,2014-05-10,Feroz Shah Kotla,2,4.2,Sunrisers Hyderabad,Delhi Daredevils,NV Ojha,DA Warner,LR Shukla,6,0,,,,,,,,,
