match_id,season,start_date,venue,innings,ball,batting_team,bowling_team,striker,non_striker,bowler,runs_off_bat,extras,wides,noballs,byes,legbyes,penalty,wicket_type,player_dismissed,other_wicket_type,other_player_dismissed
733997,2014,2014-05-11,Barabati Stadium,1,0.1,Kings XI Punjab,Kolkata Knight Riders,V Sehwag,Mandeep Singh,JH Kallis,4,0,,,,,,,,,
733997,2014,2014-05-11,Barabati Stadium,1,0.2,Kings XI Punjab,Kolkata Knight Riders,V Sehwag,Mandeep Singh,JH Kallis,0,0,,,,,,,,,
733997,2014,2014-05-11,Barabati Stadium,1,0.3,Kings XI Punjab,Kolkata Knight Riders,V Sehwag,Mandeep Singh,JH Kallis,0,1,1,,,,,,,,
733997,2014,2014-05-11,Barabati Stadium,1,0.4,Kings XI Punjab,Kolkata Knight Riders,V Sehwag,Mandeep Singh,JH Kallis,4,0,,,,,,,,,
733997,2014,2014-05-11,Barabati Stadium,1,0.5,Kings XI Punjab,Kolkata Knight Riders,V Sehwag,Mandeep Singh,JH Kallis,0,0,,,,,,,,,
733997,2014,2014-05-11,Barabati Stadium,1,0.6,Kings XI Punjab,Kolkata Knight Riders,V Sehwag,Mandeep Singh,JH Kallis,4,0,,,,,,,,,
733997,2014,2014-05-11,Barabati Stadium,1,0.7,Kings XI Punjab,Kolkata Knight Riders,V Sehwag,Mandeep Singh,JH Kallis,4,0,,,,,,,,,
733997,2014,2014-05-11,Barabati Stadium,1,1.1,Kings XI Punjab,Kolkata Knight Riders,Mandeep Singh,V Sehwag,M Morkel,0,0,,,,,,,,,
733997,2014,2014-05-11,Barabati Stadium,1,1.2,Kings XI Punjab,Kolkata Knight Riders,Mandeep Singh,V Sehwag,M Morkel,0,0,,,,,,,,,
733997,2014,2014-05-11,Barabati Stadium,1,1.3,Kings XI Punjab,Kolkata Knight Riders,Mandeep Singh,V Sehwag,M Morkel,0,0,,,,,,caught,Mandeep Singh,,
733997,2014,2014-05-11,Barabati Stadium,1,1.4,Kings XI Punjab,Kolkata Knight Riders,WP Saha,V Sehwag,M Morkel,0,0,,,,,,,,,
733997,2014,2014-05-11,Barabati Stadium,1,1.5,Kings XI Punjab,Kolkata Knight Riders,WP Saha,V Sehwag,M Morkel,0,0,,,,,,,,,
733997,2014,2014-05-11,Barabati Stadium,1,1.6,Kings XI Punjab,Kolkata Knight Riders,WP Saha,V Sehwag,M Morkel,4,0,,,,,,,,,
733997,2014,2014-05-11,Barabati Stadium,1,2.1,Kings XI Punjab,Kolkata Knight Riders,V Sehwag,WP Saha,UT Yadav,2,0,,,,,,,,,
733997,2014,2014-05-11,Barabati Stadium,1,2.2,Kings XI Punjab,Kolkata Knight Riders,V Sehwag,WP Saha,UT Yadav,4,0,,,,,,,,,
733997,2014,2014-05-11,Barabati Stadium,1,2.3,Kings XI Punjab,Kolkata Knight Riders,V Sehwag,WP Saha,UT Yadav,0,0,,,,,,,,,
733997,2014,2014-05-11,Barabati Stadium,1,2.4,Kings XI Punjab,Kolkata Knight Riders,V Sehwag,WP Saha,UT Yadav,1,0,,,,,,,,,
733997,2014,2014-05-11,Barabati Stadium,1,2.5,Kings XI Punjab,Kolkata Knight Riders,WP Saha,V Sehwag,UT Yadav,1,0,,,,,,,,,
733997,2014,2014-05-11,Barabati Stadium,1,2.6,Kings XI Punjab,Kolkata Knight Riders,V Sehwag,WP Saha,UT Yadav,0,1,,,,1,,,,,
733997,2014,2014-05-11,Barabati Stadium,1,3.1,Kings XI Punjab,Kolkata Knight Riders,V Sehwag,WP Saha,M Morkel,0,0,,,,,,,,,
733997,2014,2014-05-11,Barabati Stadium,1,3.2,Kings XI Punjab,Kolkata Knight Riders,V Sehwag,WP Saha,M Morkel,4,0,,,,,,,,,
733997,2014,2014-05-11,Barabati Stadium,1,3.3,Kings XI Punjab,Kolkata Knight Riders,V Sehwag,WP Saha,M Morkel,0,0,,,,,,,,,
733997,2014,2014-05-11,Barabati Stadium,1,3.4,Kings XI Punjab,Kolkata Knight Riders,V Sehwag,WP Saha,M Morkel,0,0,,,,,,,,,
733997,2014,2014-05-11,Barabati Stadium,1,3.5,Kings XI Punjab,Kolkata Knight Riders,V Sehwag,WP Saha,M Morkel,0,0,,,,,,,,,
733997,2014,2014-05-11,Barabati Stadium,1,3.6,Kings XI Punjab,Kolkata Knight Riders,V Sehwag,WP Saha,M Morkel,1,0,,,,,,,,,
733997,2014,2014-05-11,Barabati Stadium,1,4.1,Kings XI Punjab,Kolkata Knight Riders,V Sehwag,WP Saha,UT Yadav,1,0,,,,,,,,,
733997,2014,2014-05-11,Barabati Stadium,1,4.2,Kings XI Punjab,Kolkata Knight Riders,WP Saha,V Sehwag,UT Yadav,1,0,,,,,,,,,
733997,2014,2014-05-11,Barabati Stadium,1,4.3,Kings XI Punjab,Kolkata Knight Riders,V Sehwag,WP Saha,UT Yadav,0,1,1,,,,,,,,
733997,2014,2014-05-11,Barabati Stadium,1,4.4,Kings XI Punjab,Kolkata Knight Riders,V Sehwag,WP Saha,UT Yadav,1,0,,,,,,,,,
733997,2014,2014-05-11,Barabati Stadium,1,4.5,Kings XI Punjab,Kolkata Knight Riders,WP Saha,V Sehwag,UT Yadav,4,0,,,,,,,,,
733997,2014,2014-05-11,Barabati Stadium,1,4.6,Kings XI Punjab,Kolkata Knight Riders,WP Saha,V Sehwag,UT Yadav,4,0,,,,,,,,,
733997,2014,2014-05-11,Barabati Stadium,1,4.7,Kings XI Punjab,Kolkata Knight Riders,WP Saha,V Sehwag,UT Yadav,1,0,,,,,,,,,
733997,2014,2014-05-11,Barabati Stadium,1,5.1,Kings XI Punjab,Kolkata Knight Riders,WP Saha,V Sehwag,M Morkel,0,0,,,,,,bowled,WP Saha,,
733997,2014,2014-05-11,Barabati Stadium,1,5.2,Kings XI Punjab,Kolkata Knight Riders,GJ Maxwell,V Sehwag,M Morkel,0,0,,,,,,,,,
733997,2014,2014-05-11,Barabati Stadium,1,5.3,Kings XI Punjab,Kolkata Knight Riders,GJ Maxwell,V Sehwag,M Morkel,1,0,,,,,,,,,
733997,2014,2014-05-11,Barabati Stadium,1,5.4,Kings XI Punjab,Kolkata Knight Riders,V Sehwag,GJ Maxwell,M Morkel,0,0,,,,,,,,,
733997,2014,2014-05-11,Barabati Stadium,1,5.5,Kings XI Punjab,Kolkata Knight Riders,V Sehwag,GJ Maxwell,M Morkel,0,0,,,,,,,,,
733997,2014,2014-05-11,Barabati Stadium,1,5.6,Kings XI Punjab,Kolkata Knight Riders,V Sehwag,GJ Maxwell,M Morkel,0,0,,,,,,,,,
733997,2014,2014-05-11,Barabati Stadium,1,6.1,Kings XI Punjab,Kolkata Knight Riders,GJ Maxwell,V Sehwag,SP Narine,1,0,,,,,,,,,
733997,2014,2014-05-11,Barabati Stadium,1,6.2,Kings XI Punjab,Kolkata Knight Riders,V Sehwag,GJ Maxwell,SP Narine,1,0,,,,,,,,,
733997,2014,2014-05-11,Barabati Stadium,1,6.3,Kings XI Punjab,Kolkata Knight Riders,GJ Maxwell,V Sehwag,SP Narine,1,0,,,,,,,,,
733997,2014,2014-05-11,Barabati Stadium,1,6.4,Kings XI Punjab,Kolkata Knight Riders,V Sehwag,GJ Maxwell,SP Narine,1,0,,,,,,,,,
733997,2014,2014-05-11,Barabati Stadium,1,6.5,Kings XI Punjab,Kolkata Knight Riders,GJ Maxwell,V Sehwag,SP Narine,0,0,,,,,,,,,
733997,2014,2014-05-11,Barabati Stadium,1,6.6,Kings XI Punjab,Kolkata Knight Riders,GJ Maxwell,V Sehwag,SP Narine,0,0,,,,,,,,,
733997,2014,2014-05-11,Barabati Stadium,1,7.1,Kings XI Punjab,Kolkata Knight Riders,V Sehwag,GJ Maxwell,JH Kallis,0,0,,,,,,,,,
733997,2014,2014-05-11,Barabati Stadium,1,7.2,Kings XI Punjab,Kolkata Knight Riders,V Sehwag,GJ Maxwell,JH Kallis,1,0,,,,,,,,,
733997,2014,2014-05-11,Barabati Stadium,1,7.3,Kings XI Punjab,Kolkata Knight Riders,GJ Maxwell,V Sehwag,JH Kallis,1,0,,,,,,,,,
733997,2014,2014-05-11,Barabati Stadium,1,7.4,Kings XI Punjab,Kolkata Knight Riders,V Sehwag,GJ Maxwell,JH Kallis,0,0,,,,,,,,,
733997,2014,2014-05-11,Barabati Stadium,1,7.5,Kings XI Punjab,Kolkata Knight Riders,V Sehwag,GJ Maxwell,JH Kallis,6,0,,,,,,,,,
733997,2014,2014-05-11,Barabati Stadium,1,7.6,Kings XI Punjab,Kolkata Knight Riders,V Sehwag,GJ Maxwell,JH Kallis,1,0,,,,,,,,,
733997,2014,2014-05-11,Barabati Stadium,1,8.1,Kings XI Punjab,Kolkata Knight Riders,V Sehwag,GJ Maxwell,SP Narine,4,0,,,,,,,,,
733997,2014,2014-05-11,Barabati Stadium,1,8.2,Kings XI Punjab,Kolkata Knight Riders,V Sehwag,GJ Maxwell,SP Narine,2,0,,,,,,,,,
733997,2014,2014-05-11,Barabati Stadium,1,8.3,Kings XI Punjab,Kolkata Knight Riders,V Sehwag,GJ Maxwell,SP Narine,1,0,,,,,,,,,
733997,2014,2014-05-11,Barabati Stadium,1,8.4,Kings XI Punjab,Kolkata Knight Riders,GJ Maxwell,V Sehwag,SP Narine,1,0,,,,,,,,,
733997,2014,2014-05-11,Barabati Stadium,1,8.5,Kings XI Punjab,Kolkata Knight Riders,V Sehwag,GJ Maxwell,SP Narine,1,0,,,,,,,,,
733997,2014,2014-05-11,Barabati Stadium,1,8.6,Kings XI Punjab,Kolkata Knight Riders,GJ Maxwell,V Sehwag,SP Narine,2,0,,,,,,,,,
733997,2014,2014-05-11,Barabati Stadium,1,9.1,Kings XI Punjab,Kolkata Knight Riders,V Sehwag,GJ Maxwell,JH Kallis,1,0,,,,,,,,,
733997,2014,2014-05-11,Barabati Stadium,1,9.2,Kings XI Punjab,Kolkata Knight Riders,GJ Maxwell,V Sehwag,JH Kallis,4,0,,,,,,,,,
733997,2014,2014-05-11,Barabati Stadium,1,9.3,Kings XI Punjab,Kolkata Knight Riders,GJ Maxwell,V Sehwag,JH Kallis,1,0,,,,,,,,,
733997,2014,2014-05-11,Barabati Stadium,1,9.4,Kings XI Punjab,Kolkata Knight Riders,V Sehwag,GJ Maxwell,JH Kallis,1,0,,,,,,,,,
733997,2014,2014-05-11,Barabati Stadium,1,9.5,Kings XI Punjab,Kolkata Knight Riders,GJ Maxwell,V Sehwag,JH Kallis,1,0,,,,,,,,,
733997,2014,2014-05-11,Barabati Stadium,1,9.6,Kings XI Punjab,Kolkata Knight Riders,V Sehwag,GJ Maxwell,JH Kallis,4,0,,,,,,,,,
733997,2014,2014-05-11,Barabati Stadium,1,10.1,Kings XI Punjab,Kolkata Knight Riders,GJ Maxwell,V Sehwag,PP Chawla,1,0,,,,,,,,,
733997,2014,2014-05-11,Barabati Stadium,1,10.2,Kings XI Punjab,Kolkata Knight Riders,V Sehwag,GJ Maxwell,PP Chawla,1,0,,,,,,,,,
733997,2014,2014-05-11,Barabati Stadium,1,10.3,Kings XI Punjab,Kolkata Knight Riders,GJ Maxwell,V Sehwag,PP Chawla,0,0,,,,,,caught,GJ Maxwell,,
733997,2014,2014-05-11,Barabati Stadium,1,10.4,Kings XI Punjab,Kolkata Knight Riders,DA Miller,V Sehwag,PP Chawla,1,0,,,,,,,,,
733997,2014,2014-05-11,Barabati Stadium,1,10.5,Kings XI Punjab,Kolkata Knight Riders,V Sehwag,DA Miller,PP Chawla,1,0,,,,,,,,,
733997,2014,2014-05-11,Barabati Stadium,1,10.6,Kings XI Punjab,Kolkata Knight Riders,DA Miller,V Sehwag,PP Chawla,1,0,,,,,,,,,
733997,2014,2014-05-11,Barabati Stadium,1,11.1,Kings XI Punjab,Kolkata Knight Riders,DA Miller,V Sehwag,RN ten Doeschate,0,0,,,,,,,,,
733997,2014,2014-05-11,Barabati Stadium,1,11.2,Kings XI Punjab,Kolkata Knight Riders,DA Miller,V Sehwag,RN ten Doeschate,1,0,,,,,,,,,
733997,2014,2014-05-11,Barabati Stadium,1,11.3,Kings XI Punjab,Kolkata Knight Riders,V Sehwag,DA Miller,RN ten Doeschate,4,0,,,,,,,,,
733997,2014,2014-05-11,Barabati Stadium,1,11.4,Kings XI Punjab,Kolkata Knight Riders,V Sehwag,DA Miller,RN ten Doeschate,0,0,,,,,,,,,
733997,2014,2014-05-11,Barabati Stadium,1,11.5,Kings XI Punjab,Kolkata Knight Riders,V Sehwag,DA Miller,RN ten Doeschate,0,0,,,,,,,,,
733997,2014,2014-05-11,Barabati Stadium,1,11.6,Kings XI Punjab,Kolkata Knight Riders,V Sehwag,DA Miller,RN ten Doeschate,1,0,,,,,,,,,
733997,2014,2014-05-11,Barabati Stadium,1,12.1,Kings XI Punjab,Kolkata Knight Riders,V Sehwag,DA Miller,PP Chawla,1,0,,,,,,,,,
733997,2014,2014-05-11,Barabati Stadium,1,12.2,Kings XI Punjab,Kolkata Knight Riders,DA Miller,V Sehwag,PP Chawla,0,0,,,,,,,,,
733997,2014,2014-05-11,Barabati Stadium,1,12.3,Kings XI Punjab,Kolkata Knight Riders,DA Miller,V Sehwag,PP Chawla,2,0,,,,,,,,,
733997,2014,2014-05-11,Barabati Stadium,1,12.4,Kings XI Punjab,Kolkata Knight Riders,DA Miller,V Sehwag,PP Chawla,1,0,,,,,,,,,
733997,2014,2014-05-11,Barabati Stadium,1,12.5,Kings XI Punjab,Kolkata Knight Riders,V Sehwag,DA Miller,PP Chawla,1,0,,,,,,,,,
733997,2014,2014-05-11,Barabati Stadium,1,12.6,Kings XI Punjab,Kolkata Knight Riders,DA Miller,V Sehwag,PP Chawla,1,0,,,,,,,,,
733997,2014,2014-05-11,Barabati Stadium,1,13.1,Kings XI Punjab,Kolkata Knight Riders,DA Miller,V Sehwag,M Morkel,0,0,,,,,,,,,
733997,2014,2014-05-11,Barabati Stadium,1,13.2,Kings XI Punjab,Kolkata Knight Riders,DA Miller,V Sehwag,M Morkel,1,0,,,,,,,,,
733997,2014,2014-05-11,Barabati Stadium,1,13.3,Kings XI Punjab,Kolkata Knight Riders,V Sehwag,DA Miller,M Morkel,4,0,,,,,,,,,
733997,2014,2014-05-11,Barabati Stadium,1,13.4,Kings XI Punjab,Kolkata Knight Riders,V Sehwag,DA Miller,M Morkel,4,0,,,,,,,,,
733997,2014,2014-05-11,Barabati Stadium,1,13.5,Kings XI Punjab,Kolkata Knight Riders,V Sehwag,DA Miller,M Morkel,1,0,,,,,,,,,
733997,2014,2014-05-11,Barabati Stadium,1,13.6,Kings XI Punjab,Kolkata Knight Riders,DA Miller,V Sehwag,M Morkel,0,0,,,,,,,,,
733997,2014,2014-05-11,Barabati Stadium,1,14.1,Kings XI Punjab,Kolkata Knight Riders,V Sehwag,DA Miller,PP Chawla,0,0,,,,,,,,,
733997,2014,2014-05-11,Barabati Stadium,1,14.2,Kings XI Punjab,Kolkata Knight Riders,V Sehwag,DA Miller,PP Chawla,0,0,,,,,,,,,
733997,2014,2014-05-11,Barabati Stadium,1,14.3,Kings XI Punjab,Kolkata Knight Riders,V Sehwag,DA Miller,PP Chawla,0,0,,,,,,bowled,V Sehwag,,
733997,2014,2014-05-11,Barabati Stadium,1,14.4,Kings XI Punjab,Kolkata Knight Riders,GJ Bailey,DA Miller,PP Chawla,1,0,,,,,,,,,
733997,2014,2014-05-11,Barabati Stadium,1,14.5,Kings XI Punjab,Kolkata Knight Riders,DA Miller,GJ Bailey,PP Chawla,1,0,,,,,,,,,
733997,2014,2014-05-11,Barabati Stadium,1,14.6,Kings XI Punjab,Kolkata Knight Riders,GJ Bailey,DA Miller,PP Chawla,2,0,,,,,,,,,
733997,2014,2014-05-11,Barabati Stadium,1,15.1,Kings XI Punjab,Kolkata Knight Riders,DA Miller,GJ Bailey,UT Yadav,4,0,,,,,,,,,
733997,2014,2014-05-11,Barabati Stadium,1,15.2,Kings XI Punjab,Kolkata Knight Riders,DA Miller,GJ Bailey,UT Yadav,0,0,,,,,,bowled,DA Miller,,
733997,2014,2014-05-11,Barabati Stadium,1,15.3,Kings XI Punjab,Kolkata Knight Riders,R Dhawan,GJ Bailey,UT Yadav,1,0,,,,,,,,,
733997,2014,2014-05-11,Barabati Stadium,1,15.4,Kings XI Punjab,Kolkata Knight Riders,GJ Bailey,R Dhawan,UT Yadav,1,0,,,,,,,,,
733997,2014,2014-05-11,Barabati Stadium,1,15.5,Kings XI Punjab,Kolkata Knight Riders,R Dhawan,GJ Bailey,UT Yadav,0,0,,,,,,,,,
733997,2014,2014-05-11,Barabati Stadium,1,15.6,Kings XI Punjab,Kolkata Knight Riders,R Dhawan,GJ Bailey,UT Yadav,1,0,,,,,,,,,
733997,2014,2014-05-11,Barabati Stadium,1,16.1,Kings XI Punjab,Kolkata Knight Riders,R Dhawan,GJ Bailey,PP Chawla,1,0,,,,,,,,,
733997,2014,2014-05-11,Barabati Stadium,1,16.2,Kings XI Punjab,Kolkata Knight Riders,GJ Bailey,R Dhawan,PP Chawla,0,0,,,,,,,,,
733997,2014,2014-05-11,Barabati Stadium,1,16.3,Kings XI Punjab,Kolkata Knight Riders,GJ Bailey,R Dhawan,PP Chawla,1,0,,,,,,,,,
733997,2014,2014-05-11,Barabati Stadium,1,16.4,Kings XI Punjab,Kolkata Knight Riders,R Dhawan,GJ Bailey,PP Chawla,1,0,,,,,,,,,
733997,2014,2014-05-11,Barabati Stadium,1,16.5,Kings XI Punjab,Kolkata Knight Riders,GJ Bailey,R Dhawan,PP Chawla,1,0,,,,,,,,,
733997,2014,2014-05-11,Barabati Stadium,1,16.6,Kings XI Punjab,Kolkata Knight Riders,R Dhawan,GJ Bailey,PP Chawla,0,0,,,,,,bowled,R Dhawan,,
733997,2014,2014-05-11,Barabati Stadium,1,17.1,Kings XI Punjab,Kolkata Knight Riders,GJ Bailey,MG Johnson,SP Narine,2,0,,,,,,,,,
733997,2014,2014-05-11,Barabati Stadium,1,17.2,Kings XI Punjab,Kolkata Knight Riders,GJ Bailey,MG Johnson,SP Narine,0,0,,,,,,,,,
733997,2014,2014-05-11,Barabati Stadium,1,17.3,Kings XI Punjab,Kolkata Knight Riders,GJ Bailey,MG Johnson,SP Narine,1,0,,,,,,,,,
733997,2014,2014-05-11,Barabati Stadium,1,17.4,Kings XI Punjab,Kolkata Knight Riders,MG Johnson,GJ Bailey,SP Narine,0,0,,,,,,,,,
733997,2014,2014-05-11,Barabati Stadium,1,17.5,Kings XI Punjab,Kolkata Knight Riders,MG Johnson,GJ Bailey,SP Narine,0,0,,,,,,,,,
733997,2014,2014-05-11,Barabati Stadium,1,17.6,Kings XI Punjab,Kolkata Knight Riders,MG Johnson,GJ Bailey,SP Narine,1,0,,,,,,,,,
733997,2014,2014-05-11,Barabati Stadium,1,18.1,Kings XI Punjab,Kolkata Knight Riders,MG Johnson,GJ Bailey,UT Yadav,2,0,,,,,,,,,
733997,2014,2014-05-11,Barabati Stadium,1,18.2,Kings XI Punjab,Kolkata Knight Riders,MG Johnson,GJ Bailey,UT Yadav,0,0,,,,,,,,,
733997,2014,2014-05-11,Barabati Stadium,1,18.3,Kings XI Punjab,Kolkata Knight Riders,MG Johnson,GJ Bailey,UT Yadav,1,0,,,,,,,,,
733997,2014,2014-05-11,Barabati Stadium,1,18.4,Kings XI Punjab,Kolkata Knight Riders,GJ Bailey,MG Johnson,UT Yadav,1,0,,,,,,,,,
733997,2014,2014-05-11,Barabati Stadium,1,18.5,Kings XI Punjab,Kolkata Knight Riders,MG Johnson,GJ Bailey,UT Yadav,0,1,,,1,,,,,,
733997,2014,2014-05-11,Barabati Stadium,1,18.6,Kings XI Punjab,Kolkata Knight Riders,GJ Bailey,MG Johnson,UT Yadav,2,0,,,,,,,,,
733997,2014,2014-05-11,Barabati Stadium,1,19.1,Kings XI Punjab,Kolkata Knight Riders,MG Johnson,GJ Bailey,SP Narine,0,0,,,,,,,,,
733997,2014,2014-05-11,Barabati Stadium,1,19.2,Kings XI Punjab,Kolkata Knight Riders,MG Johnson,GJ Bailey,SP Narine,0,0,,,,,,,,,
733997,2014,2014-05-11,Barabati Stadium,1,19.3,Kings XI Punjab,Kolkata Knight Riders,MG Johnson,GJ Bailey,SP Narine,4,0,,,,,,,,,
733997,2014,2014-05-11,Barabati Stadium,1,19.4,Kings XI Punjab,Kolkata Knight Riders,MG Johnson,GJ Bailey,SP Narine,6,0,,,,,,,,,
733997,2014,2014-05-11,Barabati Stadium,1,19.5,Kings XI Punjab,Kolkata Knight Riders,MG Johnson,GJ Bailey,SP Narine,0,0,,,,,,stumped,MG Johnson,,
733997,2014,2014-05-11,Barabati Stadium,1,19.6,Kings XI Punjab,Kolkata Knight Riders,AR Patel,GJ Bailey,SP Narine,1,0,,,,,,run out,AR Patel,,
733997,2014,2014-05-11,Barabati Stadium,2,0.1,Kolkata Knight Riders,Kings XI Punjab,RV Uthappa,G Gambhir,Sandeep Sharma,0,0,,,,,,,,,
733997,2014,2014-05-11,Barabati Stadium,2,0.2,Kolkata Knight Riders,Kings XI Punjab,RV Uthappa,G Gambhir,Sandeep Sharma,0,0,,,,,,,,,
733997,2014,2014-05-11,Barabati Stadium,2,0.3,Kolkata Knight Riders,Kings XI Punjab,RV Uthappa,G Gambhir,Sandeep Sharma,1,0,,,,,,,,,
733997,2014,2014-05-11,Barabati Stadium,2,0.4,Kolkata Knight Riders,Kings XI Punjab,G Gambhir,RV Uthappa,Sandeep Sharma,1,0,,,,,,,,,
733997,2014,2014-05-11,Barabati Stadium,2,0.5,Kolkata Knight Riders,Kings XI Punjab,RV Uthappa,G Gambhir,Sandeep Sharma,0,0,,,,,,,,,
733997,2014,2014-05-11,Barabati Stadium,2,0.6,Kolkata Knight Riders,Kings XI Punjab,RV Uthappa,G Gambhir,Sandeep Sharma,0,0,,,,,,,,,
733997,2014,2014-05-11,Barabati Stadium,2,1.1,Kolkata Knight Riders,Kings XI Punjab,G Gambhir,RV Uthappa,MG Johnson,1,0,,,,,,,,,
733997,2014,2014-05-11,Barabati Stadium,2,1.2,Kolkata Knight Riders,Kings XI Punjab,RV Uthappa,G Gambhir,MG Johnson,0,2,,,,2,,,,,
733997,2014,2014-05-11,Barabati Stadium,2,1.3,Kolkata Knight Riders,Kings XI Punjab,RV Uthappa,G Gambhir,MG Johnson,1,0,,,,,,,,,
733997,2014,2014-05-11,Barabati Stadium,2,1.4,Kolkata Knight Riders,Kings XI Punjab,G Gambhir,RV Uthappa,MG Johnson,0,0,,,,,,,,,
733997,2014,2014-05-11,Barabati Stadium,2,1.5,Kolkata Knight Riders,Kings XI Punjab,G Gambhir,RV Uthappa,MG Johnson,0,0,,,,,,,,,
733997,2014,2014-05-11,Barabati Stadium,2,1.6,Kolkata Knight Riders,Kings XI Punjab,G Gambhir,RV Uthappa,MG Johnson,4,0,,,,,,,,,
733997,2014,2014-05-11,Barabati Stadium,2,2.1,Kolkata Knight Riders,Kings XI Punjab,RV Uthappa,G Gambhir,Sandeep Sharma,4,0,,,,,,,,,
733997,2014,2014-05-11,Barabati Stadium,2,2.2,Kolkata Knight Riders,Kings XI Punjab,RV Uthappa,G Gambhir,Sandeep Sharma,0,0,,,,,,,,,
733997,2014,2014-05-11,Barabati Stadium,2,2.3,Kolkata Knight Riders,Kings XI Punjab,RV Uthappa,G Gambhir,Sandeep Sharma,4,0,,,,,,,,,
733997,2014,2014-05-11,Barabati Stadium,2,2.4,Kolkata Knight Riders,Kings XI Punjab,RV Uthappa,G Gambhir,Sandeep Sharma,0,0,,,,,,,,,
733997,2014,2014-05-11,Barabati Stadium,2,2.5,Kolkata Knight Riders,Kings XI Punjab,RV Uthappa,G Gambhir,Sandeep Sharma,4,0,,,,,,,,,
733997,2014,2014-05-11,Barabati Stadium,2,2.6,Kolkata Knight Riders,Kings XI Punjab,RV Uthappa,G Gambhir,Sandeep Sharma,0,0,,,,,,,,,
733997,2014,2014-05-11,Barabati Stadium,2,3.1,Kolkata Knight Riders,Kings XI Punjab,G Gambhir,RV Uthappa,MG Johnson,1,0,,,,,,,,,
733997,2014,2014-05-11,Barabati Stadium,2,3.2,Kolkata Knight Riders,Kings XI Punjab,RV Uthappa,G Gambhir,MG Johnson,6,0,,,,,,,,,
733997,2014,2014-05-11,Barabati Stadium,2,3.3,Kolkata Knight Riders,Kings XI Punjab,RV Uthappa,G Gambhir,MG Johnson,0,0,,,,,,,,,
733997,2014,2014-05-11,Barabati Stadium,2,3.4,Kolkata Knight Riders,Kings XI Punjab,RV Uthappa,G Gambhir,MG Johnson,4,0,,,,,,,,,
733997,2014,2014-05-11,Barabati Stadium,2,3.5,Kolkata Knight Riders,Kings XI Punjab,RV Uthappa,G Gambhir,MG Johnson,4,0,,,,,,,,,
733997,2014,2014-05-11,Barabati Stadium,2,3.6,Kolkata Knight Riders,Kings XI Punjab,RV Uthappa,G Gambhir,MG Johnson,4,0,,,,,,,,,
733997,2014,2014-05-11,Barabati Stadium,2,4.1,Kolkata Knight Riders,Kings XI Punjab,G Gambhir,RV Uthappa,Sandeep Sharma,0,0,,,,,,,,,
733997,2014,2014-05-11,Barabati Stadium,2,4.2,Kolkata Knight Riders,Kings XI Punjab,G Gambhir,RV Uthappa,Sandeep Sharma,0,0,,,,,,,,,
733997,2014,2014-05-11,Barabati Stadium,2,4.3,Kolkata Knight Riders,Kings XI Punjab,G Gambhir,RV Uthappa,Sandeep Sharma,4,0,,,,,,,,,
733997,2014,2014-05-11,Barabati Stadium,2,4.4,Kolkata Knight Riders,Kings XI Punjab,G Gambhir,RV Uthappa,Sandeep Sharma,0,0,,,,,,,,,
733997,2014,2014-05-11,Barabati Stadium,2,4.5,Kolkata Knight Riders,Kings XI Punjab,G Gambhir,RV Uthappa,Sandeep Sharma,0,1,1,,,,,,,,
733997,2014,2014-05-11,Barabati Stadium,2,4.6,Kolkata Knight Riders,Kings XI Punjab,G Gambhir,RV Uthappa,Sandeep Sharma,2,0,,,,,,,,,
733997,2014,2014-05-11,Barabati Stadium,2,4.7,Kolkata Knight Riders,Kings XI Punjab,G Gambhir,RV Uthappa,Sandeep Sharma,0,0,,,,,,,,,
733997,2014,2014-05-11,Barabati Stadium,2,5.1,Kolkata Knight Riders,Kings XI Punjab,RV Uthappa,G Gambhir,AR Patel,0,0,,,,,,,,,
733997,2014,2014-05-11,Barabati Stadium,2,5.2,Kolkata Knight Riders,Kings XI Punjab,RV Uthappa,G Gambhir,AR Patel,0,0,,,,,,,,,
733997,2014,2014-05-11,Barabati Stadium,2,5.3,Kolkata Knight Riders,Kings XI Punjab,RV Uthappa,G Gambhir,AR Patel,0,0,,,,,,,,,
733997,2014,2014-05-11,Barabati Stadium,2,5.4,Kolkata Knight Riders,Kings XI Punjab,RV Uthappa,G Gambhir,AR Patel,2,0,,,,,,,,,
733997,2014,2014-05-11,Barabati Stadium,2,5.5,Kolkata Knight Riders,Kings XI Punjab,RV Uthappa,G Gambhir,AR Patel,4,0,,,,,,,,,
733997,2014,2014-05-11,Barabati Stadium,2,5.6,Kolkata Knight Riders,Kings XI Punjab,RV Uthappa,G Gambhir,AR Patel,1,0,,,,,,,,,
733997,2014,2014-05-11,Barabati Stadium,2,6.1,Kolkata Knight Riders,Kings XI Punjab,RV Uthappa,G Gambhir,P Awana,2,0,,,,,,,,,
733997,2014,2014-05-11,Barabati Stadium,2,6.2,Kolkata Knight Riders,Kings XI Punjab,RV Uthappa,G Gambhir,P Awana,0,1,1,,,,,,,,
733997,2014,2014-05-11,Barabati Stadium,2,6.3,Kolkata Knight Riders,Kings XI Punjab,RV Uthappa,G Gambhir,P Awana,4,0,,,,,,,,,
733997,2014,2014-05-11,Barabati Stadium,2,6.4,Kolkata Knight Riders,Kings XI Punjab,RV Uthappa,G Gambhir,P Awana,1,0,,,,,,,,,
733997,2014,2014-05-11,Barabati Stadium,2,6.5,Kolkata Knight Riders,Kings XI Punjab,G Gambhir,RV Uthappa,P Awana,4,0,,,,,,,,,
733997,2014,2014-05-11,Barabati Stadium,2,6.6,Kolkata Knight Riders,Kings XI Punjab,G Gambhir,RV Uthappa,P Awana,1,0,,,,,,,,,
733997,2014,2014-05-11,Barabati Stadium,2,6.7,Kolkata Knight Riders,Kings XI Punjab,RV Uthappa,G Gambhir,P Awana,0,0,,,,,,caught,RV Uthappa,,
733997,2014,2014-05-11,Barabati Stadium,2,7.1,Kolkata Knight Riders,Kings XI Punjab,MK Pandey,G Gambhir,R Dhawan,0,0,,,,,,,,,
733997,2014,2014-05-11,Barabati Stadium,2,7.2,Kolkata Knight Riders,Kings XI Punjab,MK Pandey,G Gambhir,R Dhawan,1,0,,,,,,,,,
733997,2014,2014-05-11,Barabati Stadium,2,7.3,Kolkata Knight Riders,Kings XI Punjab,G Gambhir,MK Pandey,R Dhawan,1,0,,,,,,,,,
733997,2014,2014-05-11,Barabati Stadium,2,7.4,Kolkata Knight Riders,Kings XI Punjab,MK Pandey,G Gambhir,R Dhawan,1,0,,,,,,,,,
733997,2014,2014-05-11,Barabati Stadium,2,7.5,Kolkata Knight Riders,Kings XI Punjab,G Gambhir,MK Pandey,R Dhawan,1,0,,,,,,,,,
733997,2014,2014-05-11,Barabati Stadium,2,7.6,Kolkata Knight Riders,Kings XI Punjab,MK Pandey,G Gambhir,R Dhawan,0,0,,,,,,,,,
733997,2014,2014-05-11,Barabati Stadium,2,8.1,Kolkata Knight Riders,Kings XI Punjab,G Gambhir,MK Pandey,P Awana,1,0,,,,,,,,,
733997,2014,2014-05-11,Barabati Stadium,2,8.2,Kolkata Knight Riders,Kings XI Punjab,MK Pandey,G Gambhir,P Awana,0,0,,,,,,,,,
733997,2014,2014-05-11,Barabati Stadium,2,8.3,Kolkata Knight Riders,Kings XI Punjab,MK Pandey,G Gambhir,P Awana,0,0,,,,,,,,,
733997,2014,2014-05-11,Barabati Stadium,2,8.4,Kolkata Knight Riders,Kings XI Punjab,MK Pandey,G Gambhir,P Awana,1,0,,,,,,,,,
733997,2014,2014-05-11,Barabati Stadium,2,8.5,Kolkata Knight Riders,Kings XI Punjab,G Gambhir,MK Pandey,P Awana,4,0,,,,,,,,,
733997,2014,2014-05-11,Barabati Stadium,2,8.6,Kolkata Knight Riders,Kings XI Punjab,G Gambhir,MK Pandey,P Awana,1,0,,,,,,,,,
733997,2014,2014-05-11,Barabati Stadium,2,9.1,Kolkata Knight Riders,Kings XI Punjab,G Gambhir,MK Pandey,R Dhawan,1,0,,,,,,,,,
733997,2014,2014-05-11,Barabati Stadium,2,9.2,Kolkata Knight Riders,Kings XI Punjab,MK Pandey,G Gambhir,R Dhawan,1,0,,,,,,,,,
733997,2014,2014-05-11,Barabati Stadium,2,9.3,Kolkata Knight Riders,Kings XI Punjab,G Gambhir,MK Pandey,R Dhawan,1,0,,,,,,,,,
733997,2014,2014-05-11,Barabati Stadium,2,9.4,Kolkata Knight Riders,Kings XI Punjab,MK Pandey,G Gambhir,R Dhawan,4,0,,,,,,,,,
733997,2014,2014-05-11,Barabati Stadium,2,9.5,Kolkata Knight Riders,Kings XI Punjab,MK Pandey,G Gambhir,R Dhawan,2,0,,,,,,,,,
733997,2014,2014-05-11,Barabati Stadium,2,9.6,Kolkata Knight Riders,Kings XI Punjab,MK Pandey,G Gambhir,R Dhawan,1,0,,,,,,,,,
733997,2014,2014-05-11,Barabati Stadium,2,10.1,Kolkata Knight Riders,Kings XI Punjab,MK Pandey,G Gambhir,AR Patel,0,0,,,,,,,,,
733997,2014,2014-05-11,Barabati Stadium,2,10.2,Kolkata Knight Riders,Kings XI Punjab,MK Pandey,G Gambhir,AR Patel,0,0,,,,,,,,,
733997,2014,2014-05-11,Barabati Stadium,2,10.3,Kolkata Knight Riders,Kings XI Punjab,MK Pandey,G Gambhir,AR Patel,1,0,,,,,,,,,
733997,2014,2014-05-11,Barabati Stadium,2,10.4,Kolkata Knight Riders,Kings XI Punjab,G Gambhir,MK Pandey,AR Patel,0,0,,,,,,,,,
733997,2014,2014-05-11,Barabati Stadium,2,10.5,Kolkata Knight Riders,Kings XI Punjab,G Gambhir,MK Pandey,AR Patel,1,0,,,,,,,,,
733997,2014,2014-05-11,Barabati Stadium,2,10.6,Kolkata Knight Riders,Kings XI Punjab,MK Pandey,G Gambhir,AR Patel,0,0,,,,,,,,,
733997,2014,2014-05-11,Barabati Stadium,2,11.1,Kolkata Knight Riders,Kings XI Punjab,G Gambhir,MK Pandey,GJ Maxwell,2,0,,,,,,,,,
733997,2014,2014-05-11,Barabati Stadium,2,11.2,Kolkata Knight Riders,Kings XI Punjab,G Gambhir,MK Pandey,GJ Maxwell,2,0,,,,,,,,,
733997,2014,2014-05-11,Barabati Stadium,2,11.3,Kolkata Knight Riders,Kings XI Punjab,G Gambhir,MK Pandey,GJ Maxwell,4,0,,,,,,,,,
733997,2014,2014-05-11,Barabati Stadium,2,11.4,Kolkata Knight Riders,Kings XI Punjab,G Gambhir,MK Pandey,GJ Maxwell,0,1,1,,,,,,,,
733997,2014,2014-05-11,Barabati Stadium,2,11.5,Kolkata Knight Riders,Kings XI Punjab,G Gambhir,MK Pandey,GJ Maxwell,1,0,,,,,,,,,
733997,2014,2014-05-11,Barabati Stadium,2,11.6,Kolkata Knight Riders,Kings XI Punjab,MK Pandey,G Gambhir,GJ Maxwell,0,0,,,,,,,,,
733997,2014,2014-05-11,Barabati Stadium,2,11.7,Kolkata Knight Riders,Kings XI Punjab,MK Pandey,G Gambhir,GJ Maxwell,1,0,,,,,,,,,
733997,2014,2014-05-11,Barabati Stadium,2,12.1,Kolkata Knight Riders,Kings XI Punjab,MK Pandey,G Gambhir,MG Johnson,0,0,,,,,,,,,
733997,2014,2014-05-11,Barabati Stadium,2,12.2,Kolkata Knight Riders,Kings XI Punjab,MK Pandey,G Gambhir,MG Johnson,2,0,,,,,,,,,
733997,2014,2014-05-11,Barabati Stadium,2,12.3,Kolkata Knight Riders,Kings XI Punjab,MK Pandey,G Gambhir,MG Johnson,4,0,,,,,,,,,
733997,2014,2014-05-11,Barabati Stadium,2,12.4,Kolkata Knight Riders,Kings XI Punjab,MK Pandey,G Gambhir,MG Johnson,1,0,,,,,,,,,
733997,2014,2014-05-11,Barabati Stadium,2,12.5,Kolkata Knight Riders,Kings XI Punjab,G Gambhir,MK Pandey,MG Johnson,0,0,,,,,,,,,
733997,2014,2014-05-11,Barabati Stadium,2,12.6,Kolkata Knight Riders,Kings XI Punjab,G Gambhir,MK Pandey,MG Johnson,1,0,,,,,,,,,
733997,2014,2014-05-11,Barabati Stadium,2,13.1,Kolkata Knight Riders,Kings XI Punjab,G Gambhir,MK Pandey,AR Patel,1,0,,,,,,,,,
733997,2014,2014-05-11,Barabati Stadium,2,13.2,Kolkata Knight Riders,Kings XI Punjab,MK Pandey,G Gambhir,AR Patel,0,0,,,,,,,,,
733997,2014,2014-05-11,Barabati Stadium,2,13.3,Kolkata Knight Riders,Kings XI Punjab,MK Pandey,G Gambhir,AR Patel,1,0,,,,,,,,,
733997,2014,2014-05-11,Barabati Stadium,2,13.4,Kolkata Knight Riders,Kings XI Punjab,G Gambhir,MK Pandey,AR Patel,0,0,,,,,,,,,
733997,2014,2014-05-11,Barabati Stadium,2,13.5,Kolkata Knight Riders,Kings XI Punjab,G Gambhir,MK Pandey,AR Patel,0,0,,,,,,,,,
733997,2014,2014-05-11,Barabati Stadium,2,13.6,Kolkata Knight Riders,Kings XI Punjab,G Gambhir,MK Pandey,AR Patel,1,0,,,,,,,,,
733997,2014,2014-05-11,Barabati Stadium,2,14.1,Kolkata Knight Riders,Kings XI Punjab,G Gambhir,MK Pandey,R Dhawan,1,0,,,,,,,,,
733997,2014,2014-05-11,Barabati Stadium,2,14.2,Kolkata Knight Riders,Kings XI Punjab,MK Pandey,G Gambhir,R Dhawan,1,0,,,,,,,,,
733997,2014,2014-05-11,Barabati Stadium,2,14.3,Kolkata Knight Riders,Kings XI Punjab,G Gambhir,MK Pandey,R Dhawan,4,0,,,,,,,,,
733997,2014,2014-05-11,Barabati Stadium,2,14.4,Kolkata Knight Riders,Kings XI Punjab,G Gambhir,MK Pandey,R Dhawan,1,0,,,,,,,,,
733997,2014,2014-05-11,Barabati Stadium,2,14.5,Kolkata Knight Riders,Kings XI Punjab,MK Pandey,G Gambhir,R Dhawan,2,0,,,,,,,,,
733997,2014,2014-05-11,Barabati Stadium,2,14.6,Kolkata Knight Riders,Kings XI Punjab,MK Pandey,G Gambhir,R Dhawan,1,0,,,,,,,,,
733997,2014,2014-05-11,Barabati Stadium,2,15.1,Kolkata Knight Riders,Kings XI Punjab,MK Pandey,G Gambhir,AR Patel,0,0,,,,,,,,,
733997,2014,2014-05-11,Barabati Stadium,2,15.2,Kolkata Knight Riders,Kings XI Punjab,MK Pandey,G Gambhir,AR Patel,0,0,,,,,,,,,
733997,2014,2014-05-11,Barabati Stadium,2,15.3,Kolkata Knight Riders,Kings XI Punjab,MK Pandey,G Gambhir,AR Patel,1,0,,,,,,,,,
733997,2014,2014-05-11,Barabati Stadium,2,15.4,Kolkata Knight Riders,Kings XI Punjab,G Gambhir,MK Pandey,AR Patel,2,0,,,,,,,,,
733997,2014,2014-05-11,Barabati Stadium,2,15.5,Kolkata Knight Riders,Kings XI Punjab,G Gambhir,MK Pandey,AR Patel,4,0,,,,,,,,,
733997,2014,2014-05-11,Barabati Stadium,2,15.6,Kolkata Knight Riders,Kings XI Punjab,G Gambhir,MK Pandey,AR Patel,1,0,,,,,,,,,
733997,2014,2014-05-11,Barabati Stadium,2,16.1,Kolkata Knight Riders,Kings XI Punjab,G Gambhir,MK Pandey,R Dhawan,2,0,,,,,,,,,
733997,2014,2014-05-11,Barabati Stadium,2,16.2,Kolkata Knight Riders,Kings XI Punjab,G Gambhir,MK Pandey,R Dhawan,1,0,,,,,,,,,
733997,2014,2014-05-11,Barabati Stadium,2,16.3,Kolkata Knight Riders,Kings XI Punjab,MK Pandey,G Gambhir,R Dhawan,1,0,,,,,,,,,
733997,2014,2014-05-11,Barabati Stadium,2,16.4,Kolkata Knight Riders,Kings XI Punjab,G Gambhir,MK Pandey,R Dhawan,1,0,,,,,,,,,
733997,2014,2014-05-11,Barabati Stadium,2,16.5,Kolkata Knight Riders,Kings XI Punjab,MK Pandey,G Gambhir,R Dhawan,1,0,,,,,,,,,
733997,2014,2014-05-11,Barabati Stadium,2,16.6,Kolkata Knight Riders,Kings XI Punjab,G Gambhir,MK Pandey,R Dhawan,2,0,,,,,,,,,
733997,2014,2014-05-11,Barabati Stadium,2,17.1,Kolkata Knight Riders,Kings XI Punjab,MK Pandey,G Gambhir,Sandeep Sharma,4,0,,,,,,,,,
733997,2014,2014-05-11,Barabati Stadium,2,17.2,Kolkata Knight Riders,Kings XI Punjab,MK Pandey,G Gambhir,Sandeep Sharma,2,0,,,,,,,,,
733997,2014,2014-05-11,Barabati Stadium,2,17.3,Kolkata Knight Riders,Kings XI Punjab,MK Pandey,G Gambhir,Sandeep Sharma,1,0,,,,,,,,,
733997,2014,2014-05-11,Barabati Stadium,2,17.4,Kolkata Knight Riders,Kings XI Punjab,G Gambhir,MK Pandey,Sandeep Sharma,2,0,,,,,,,,,
733997,2014,2014-05-11,Barabati Stadium,2,17.5,Kolkata Knight Riders,Kings XI Punjab,G Gambhir,MK Pandey,Sandeep Sharma,1,0,,,,,,,,,
733997,2014,2014-05-11,Barabati Stadium,2,17.6,Kolkata Knight Riders,Kings XI Punjab,MK Pandey,G Gambhir,Sandeep Sharma,1,0,,,,,,,,,
