match_id,season,start_date,venue,innings,ball,batting_team,bowling_team,striker,non_striker,bowler,runs_off_bat,extras,wides,noballs,byes,legbyes,penalty,wicket_type,player_dismissed,other_wicket_type,other_player_dismissed
733995,2014,2014-05-10,Wankhede Stadium,1,0.1,Mumbai Indians,Chennai Super Kings,LMP Simmons,CM Gautam,S Badree,0,1,1,,,,,,,,
733995,2014,2014-05-10,Wankhede Stadium,1,0.2,Mumbai Indians,Chennai Super Kings,LMP Simmons,CM Gautam,S Badree,0,0,,,,,,,,,
733995,2014,2014-05-10,Wankhede Stadium,1,0.3,Mumbai Indians,Chennai Super Kings,LMP Simmons,CM Gautam,S Badree,1,0,,,,,,,,,
733995,2014,2014-05-10,Wankhede Stadium,1,0.4,Mumbai Indians,Chennai Super Kings,CM Gautam,LMP Simmons,S Badree,0,0,,,,,,,,,
733995,2014,2014-05-10,Wankhede Stadium,1,0.5,Mumbai Indians,Chennai Super Kings,CM Gautam,LMP Simmons,S Badree,0,0,,,,,,,,,
733995,2014,2014-05-10,Wankhede Stadium,1,0.6,Mumbai Indians,Chennai Super Kings,CM Gautam,LMP Simmons,S Badree,1,0,,,,,,,,,
733995,2014,2014-05-10,Wankhede Stadium,1,0.7,Mumbai Indians,Chennai Super Kings,LMP Simmons,CM Gautam,S Badree,1,0,,,,,,,,,
733995,2014,2014-05-10,Wankhede Stadium,1,1.1,Mumbai Indians,Chennai Super Kings,LMP Simmons,CM Gautam,IC Pandey,0,0,,,,,,,,,
733995,2014,2014-05-10,Wankhede Stadium,1,1.2,Mumbai Indians,Chennai Super Kings,LMP Simmons,CM Gautam,IC Pandey,0,0,,,,,,,,,
733995,2014,2014-05-10,Wankhede Stadium,1,1.3,Mumbai Indians,Chennai Super Kings,LMP Simmons,CM Gautam,IC Pandey,0,0,,,,,,,,,
733995,2014,2014-05-10,Wankhede Stadium,1,1.4,Mumbai Indians,Chennai Super Kings,LMP Simmons,CM Gautam,IC Pandey,4,0,,,,,,,,,
733995,2014,2014-05-10,Wankhede Stadium,1,1.5,Mumbai Indians,Chennai Super Kings,LMP Simmons,CM Gautam,IC Pandey,0,0,,,,,,,,,
733995,2014,2014-05-10,Wankhede Stadium,1,1.6,Mumbai Indians,Chennai Super Kings,LMP Simmons,CM Gautam,IC Pandey,0,0,,,,,,,,,
733995,2014,2014-05-10,Wankhede Stadium,1,2.1,Mumbai Indians,Chennai Super Kings,CM Gautam,LMP Simmons,S Badree,4,0,,,,,,,,,
733995,2014,2014-05-10,Wankhede Stadium,1,2.2,Mumbai Indians,Chennai Super Kings,CM Gautam,LMP Simmons,S Badree,0,0,,,,,,,,,
733995,2014,2014-05-10,Wankhede Stadium,1,2.3,Mumbai Indians,Chennai Super Kings,CM Gautam,LMP Simmons,S Badree,4,0,,,,,,,,,
733995,2014,2014-05-10,Wankhede Stadium,1,2.4,Mumbai Indians,Chennai Super Kings,CM Gautam,LMP Simmons,S Badree,0,0,,,,,,,,,
733995,2014,2014-05-10,Wankhede Stadium,1,2.5,Mumbai Indians,Chennai Super Kings,CM Gautam,LMP Simmons,S Badree,0,0,,,,,,caught,CM Gautam,,
733995,2014,2014-05-10,Wankhede Stadium,1,2.6,Mumbai Indians,Chennai Super Kings,AT Rayudu,LMP Simmons,S Badree,0,0,,,,,,,,,
733995,2014,2014-05-10,Wankhede Stadium,1,3.1,Mumbai Indians,Chennai Super Kings,LMP Simmons,AT Rayudu,IC Pandey,1,0,,,,,,,,,
733995,2014,2014-05-10,Wankhede Stadium,1,3.2,Mumbai Indians,Chennai Super Kings,AT Rayudu,LMP Simmons,IC Pandey,0,1,1,,,,,,,,
733995,2014,2014-05-10,Wankhede Stadium,1,3.3,Mumbai Indians,Chennai Super Kings,AT Rayudu,LMP Simmons,IC Pandey,0,0,,,,,,,,,
733995,2014,2014-05-10,Wankhede Stadium,1,3.4,Mumbai Indians,Chennai Super Kings,AT Rayudu,LMP Simmons,IC Pandey,0,0,,,,,,,,,
733995,2014,2014-05-10,Wankhede Stadium,1,3.5,Mumbai Indians,Chennai Super Kings,AT Rayudu,LMP Simmons,IC Pandey,0,0,,,,,,,,,
733995,2014,2014-05-10,Wankhede Stadium,1,3.6,Mumbai Indians,Chennai Super Kings,AT Rayudu,LMP Simmons,IC Pandey,0,0,,,,,,,,,
733995,2014,2014-05-10,Wankhede Stadium,1,3.7,Mumbai Indians,Chennai Super Kings,AT Rayudu,LMP Simmons,IC Pandey,0,0,,,,,,,,,
733995,2014,2014-05-10,Wankhede Stadium,1,4.1,Mumbai Indians,Chennai Super Kings,LMP Simmons,AT Rayudu,S Badree,0,0,,,,,,,,,
733995,2014,2014-05-10,Wankhede Stadium,1,4.2,Mumbai Indians,Chennai Super Kings,LMP Simmons,AT Rayudu,S Badree,6,0,,,,,,,,,
733995,2014,2014-05-10,Wankhede Stadium,1,4.3,Mumbai Indians,Chennai Super Kings,LMP Simmons,AT Rayudu,S Badree,0,0,,,,,,,,,
733995,2014,2014-05-10,Wankhede Stadium,1,4.4,Mumbai Indians,Chennai Super Kings,LMP Simmons,AT Rayudu,S Badree,6,0,,,,,,,,,
733995,2014,2014-05-10,Wankhede Stadium,1,4.5,Mumbai Indians,Chennai Super Kings,LMP Simmons,AT Rayudu,S Badree,1,0,,,,,,,,,
733995,2014,2014-05-10,Wankhede Stadium,1,4.6,Mumbai Indians,Chennai Super Kings,AT Rayudu,LMP Simmons,S Badree,1,0,,,,,,,,,
733995,2014,2014-05-10,Wankhede Stadium,1,5.1,Mumbai Indians,Chennai Super Kings,AT Rayudu,LMP Simmons,IC Pandey,4,0,,,,,,,,,
733995,2014,2014-05-10,Wankhede Stadium,1,5.2,Mumbai Indians,Chennai Super Kings,AT Rayudu,LMP Simmons,IC Pandey,0,0,,,,,,,,,
733995,2014,2014-05-10,Wankhede Stadium,1,5.3,Mumbai Indians,Chennai Super Kings,AT Rayudu,LMP Simmons,IC Pandey,6,0,,,,,,,,,
733995,2014,2014-05-10,Wankhede Stadium,1,5.4,Mumbai Indians,Chennai Super Kings,AT Rayudu,LMP Simmons,IC Pandey,0,0,,,,,,,,,
733995,2014,2014-05-10,Wankhede Stadium,1,5.5,Mumbai Indians,Chennai Super Kings,AT Rayudu,LMP Simmons,IC Pandey,0,0,,,,,,,,,
733995,2014,2014-05-10,Wankhede Stadium,1,5.6,Mumbai Indians,Chennai Super Kings,AT Rayudu,LMP Simmons,IC Pandey,0,0,,,,,,,,,
733995,2014,2014-05-10,Wankhede Stadium,1,6.1,Mumbai Indians,Chennai Super Kings,LMP Simmons,AT Rayudu,RA Jadeja,0,0,,,,,,,,,
733995,2014,2014-05-10,Wankhede Stadium,1,6.2,Mumbai Indians,Chennai Super Kings,LMP Simmons,AT Rayudu,RA Jadeja,4,0,,,,,,,,,
733995,2014,2014-05-10,Wankhede Stadium,1,6.3,Mumbai Indians,Chennai Super Kings,LMP Simmons,AT Rayudu,RA Jadeja,0,0,,,,,,,,,
733995,2014,2014-05-10,Wankhede Stadium,1,6.4,Mumbai Indians,Chennai Super Kings,LMP Simmons,AT Rayudu,RA Jadeja,0,0,,,,,,,,,
733995,2014,2014-05-10,Wankhede Stadium,1,6.5,Mumbai Indians,Chennai Super Kings,LMP Simmons,AT Rayudu,RA Jadeja,0,0,,,,,,,,,
733995,2014,2014-05-10,Wankhede Stadium,1,6.6,Mumbai Indians,Chennai Super Kings,LMP Simmons,AT Rayudu,RA Jadeja,0,0,,,,,,,,,
733995,2014,2014-05-10,Wankhede Stadium,1,7.1,Mumbai Indians,Chennai Super Kings,AT Rayudu,LMP Simmons,MM Sharma,1,0,,,,,,,,,
733995,2014,2014-05-10,Wankhede Stadium,1,7.2,Mumbai Indians,Chennai Super Kings,LMP Simmons,AT Rayudu,MM Sharma,1,0,,,,,,,,,
733995,2014,2014-05-10,Wankhede Stadium,1,7.3,Mumbai Indians,Chennai Super Kings,AT Rayudu,LMP Simmons,MM Sharma,1,0,,,,,,,,,
733995,2014,2014-05-10,Wankhede Stadium,1,7.4,Mumbai Indians,Chennai Super Kings,LMP Simmons,AT Rayudu,MM Sharma,0,0,,,,,,,,,
733995,2014,2014-05-10,Wankhede Stadium,1,7.5,Mumbai Indians,Chennai Super Kings,LMP Simmons,AT Rayudu,MM Sharma,0,0,,,,,,,,,
733995,2014,2014-05-10,Wankhede Stadium,1,7.6,Mumbai Indians,Chennai Super Kings,LMP Simmons,AT Rayudu,MM Sharma,0,0,,,,,,,,,
733995,2014,2014-05-10,Wankhede Stadium,1,8.1,Mumbai Indians,Chennai Super Kings,AT Rayudu,LMP Simmons,RA Jadeja,1,0,,,,,,,,,
733995,2014,2014-05-10,Wankhede Stadium,1,8.2,Mumbai Indians,Chennai Super Kings,LMP Simmons,AT Rayudu,RA Jadeja,2,0,,,,,,,,,
733995,2014,2014-05-10,Wankhede Stadium,1,8.3,Mumbai Indians,Chennai Super Kings,LMP Simmons,AT Rayudu,RA Jadeja,1,0,,,,,,,,,
733995,2014,2014-05-10,Wankhede Stadium,1,8.4,Mumbai Indians,Chennai Super Kings,AT Rayudu,LMP Simmons,RA Jadeja,1,0,,,,,,,,,
733995,2014,2014-05-10,Wankhede Stadium,1,8.5,Mumbai Indians,Chennai Super Kings,LMP Simmons,AT Rayudu,RA Jadeja,0,0,,,,,,,,,
733995,2014,2014-05-10,Wankhede Stadium,1,8.6,Mumbai Indians,Chennai Super Kings,LMP Simmons,AT Rayudu,RA Jadeja,0,0,,,,,,,,,
733995,2014,2014-05-10,Wankhede Stadium,1,9.1,Mumbai Indians,Chennai Super Kings,AT Rayudu,LMP Simmons,R Ashwin,0,0,,,,,,,,,
733995,2014,2014-05-10,Wankhede Stadium,1,9.2,Mumbai Indians,Chennai Super Kings,AT Rayudu,LMP Simmons,R Ashwin,1,0,,,,,,,,,
733995,2014,2014-05-10,Wankhede Stadium,1,9.3,Mumbai Indians,Chennai Super Kings,LMP Simmons,AT Rayudu,R Ashwin,1,0,,,,,,,,,
733995,2014,2014-05-10,Wankhede Stadium,1,9.4,Mumbai Indians,Chennai Super Kings,AT Rayudu,LMP Simmons,R Ashwin,1,0,,,,,,,,,
733995,2014,2014-05-10,Wankhede Stadium,1,9.5,Mumbai Indians,Chennai Super Kings,LMP Simmons,AT Rayudu,R Ashwin,0,0,,,,,,,,,
733995,2014,2014-05-10,Wankhede Stadium,1,9.6,Mumbai Indians,Chennai Super Kings,LMP Simmons,AT Rayudu,R Ashwin,0,0,,,,,,,,,
733995,2014,2014-05-10,Wankhede Stadium,1,10.1,Mumbai Indians,Chennai Super Kings,AT Rayudu,LMP Simmons,RA Jadeja,2,0,,,,,,,,,
733995,2014,2014-05-10,Wankhede Stadium,1,10.2,Mumbai Indians,Chennai Super Kings,AT Rayudu,LMP Simmons,RA Jadeja,6,0,,,,,,,,,
733995,2014,2014-05-10,Wankhede Stadium,1,10.3,Mumbai Indians,Chennai Super Kings,AT Rayudu,LMP Simmons,RA Jadeja,1,0,,,,,,,,,
733995,2014,2014-05-10,Wankhede Stadium,1,10.4,Mumbai Indians,Chennai Super Kings,LMP Simmons,AT Rayudu,RA Jadeja,1,0,,,,,,,,,
733995,2014,2014-05-10,Wankhede Stadium,1,10.5,Mumbai Indians,Chennai Super Kings,AT Rayudu,LMP Simmons,RA Jadeja,1,0,,,,,,,,,
733995,2014,2014-05-10,Wankhede Stadium,1,10.6,Mumbai Indians,Chennai Super Kings,LMP Simmons,AT Rayudu,RA Jadeja,1,0,,,,,,,,,
733995,2014,2014-05-10,Wankhede Stadium,1,11.1,Mumbai Indians,Chennai Super Kings,LMP Simmons,AT Rayudu,R Ashwin,4,0,,,,,,,,,
733995,2014,2014-05-10,Wankhede Stadium,1,11.2,Mumbai Indians,Chennai Super Kings,LMP Simmons,AT Rayudu,R Ashwin,1,0,,,,,,,,,
733995,2014,2014-05-10,Wankhede Stadium,1,11.3,Mumbai Indians,Chennai Super Kings,AT Rayudu,LMP Simmons,R Ashwin,1,0,,,,,,,,,
733995,2014,2014-05-10,Wankhede Stadium,1,11.4,Mumbai Indians,Chennai Super Kings,LMP Simmons,AT Rayudu,R Ashwin,2,0,,,,,,,,,
733995,2014,2014-05-10,Wankhede Stadium,1,11.5,Mumbai Indians,Chennai Super Kings,LMP Simmons,AT Rayudu,R Ashwin,0,0,,,,,,caught,LMP Simmons,,
733995,2014,2014-05-10,Wankhede Stadium,1,11.6,Mumbai Indians,Chennai Super Kings,RG Sharma,AT Rayudu,R Ashwin,1,0,,,,,,,,,
733995,2014,2014-05-10,Wankhede Stadium,1,12.1,Mumbai Indians,Chennai Super Kings,RG Sharma,AT Rayudu,S Badree,1,0,,,,,,,,,
733995,2014,2014-05-10,Wankhede Stadium,1,12.2,Mumbai Indians,Chennai Super Kings,AT Rayudu,RG Sharma,S Badree,4,0,,,,,,,,,
733995,2014,2014-05-10,Wankhede Stadium,1,12.3,Mumbai Indians,Chennai Super Kings,AT Rayudu,RG Sharma,S Badree,1,0,,,,,,,,,
733995,2014,2014-05-10,Wankhede Stadium,1,12.4,Mumbai Indians,Chennai Super Kings,RG Sharma,AT Rayudu,S Badree,0,0,,,,,,,,,
733995,2014,2014-05-10,Wankhede Stadium,1,12.5,Mumbai Indians,Chennai Super Kings,RG Sharma,AT Rayudu,S Badree,1,0,,,,,,,,,
733995,2014,2014-05-10,Wankhede Stadium,1,12.6,Mumbai Indians,Chennai Super Kings,AT Rayudu,RG Sharma,S Badree,1,0,,,,,,,,,
733995,2014,2014-05-10,Wankhede Stadium,1,13.1,Mumbai Indians,Chennai Super Kings,AT Rayudu,RG Sharma,R Ashwin,1,0,,,,,,,,,
733995,2014,2014-05-10,Wankhede Stadium,1,13.2,Mumbai Indians,Chennai Super Kings,RG Sharma,AT Rayudu,R Ashwin,2,0,,,,,,,,,
733995,2014,2014-05-10,Wankhede Stadium,1,13.3,Mumbai Indians,Chennai Super Kings,RG Sharma,AT Rayudu,R Ashwin,0,0,,,,,,,,,
733995,2014,2014-05-10,Wankhede Stadium,1,13.4,Mumbai Indians,Chennai Super Kings,RG Sharma,AT Rayudu,R Ashwin,1,0,,,,,,,,,
733995,2014,2014-05-10,Wankhede Stadium,1,13.5,Mumbai Indians,Chennai Super Kings,AT Rayudu,RG Sharma,R Ashwin,2,0,,,,,,,,,
733995,2014,2014-05-10,Wankhede Stadium,1,13.6,Mumbai Indians,Chennai Super Kings,AT Rayudu,RG Sharma,R Ashwin,1,0,,,,,,,,,
733995,2014,2014-05-10,Wankhede Stadium,1,14.1,Mumbai Indians,Chennai Super Kings,AT Rayudu,RG Sharma,MM Sharma,1,0,,,,,,,,,
733995,2014,2014-05-10,Wankhede Stadium,1,14.2,Mumbai Indians,Chennai Super Kings,RG Sharma,AT Rayudu,MM Sharma,0,0,,,,,,,,,
733995,2014,2014-05-10,Wankhede Stadium,1,14.3,Mumbai Indians,Chennai Super Kings,RG Sharma,AT Rayudu,MM Sharma,4,0,,,,,,,,,
733995,2014,2014-05-10,Wankhede Stadium,1,14.4,Mumbai Indians,Chennai Super Kings,RG Sharma,AT Rayudu,MM Sharma,0,0,,,,,,,,,
733995,2014,2014-05-10,Wankhede Stadium,1,14.5,Mumbai Indians,Chennai Super Kings,RG Sharma,AT Rayudu,MM Sharma,1,0,,,,,,,,,
733995,2014,2014-05-10,Wankhede Stadium,1,14.6,Mumbai Indians,Chennai Super Kings,AT Rayudu,RG Sharma,MM Sharma,0,0,,,,,,,,,
733995,2014,2014-05-10,Wankhede Stadium,1,15.1,Mumbai Indians,Chennai Super Kings,RG Sharma,AT Rayudu,RA Jadeja,1,0,,,,,,,,,
733995,2014,2014-05-10,Wankhede Stadium,1,15.2,Mumbai Indians,Chennai Super Kings,AT Rayudu,RG Sharma,RA Jadeja,6,0,,,,,,,,,
733995,2014,2014-05-10,Wankhede Stadium,1,15.3,Mumbai Indians,Chennai Super Kings,AT Rayudu,RG Sharma,RA Jadeja,2,0,,,,,,,,,
733995,2014,2014-05-10,Wankhede Stadium,1,15.4,Mumbai Indians,Chennai Super Kings,AT Rayudu,RG Sharma,RA Jadeja,1,0,,,,,,,,,
733995,2014,2014-05-10,Wankhede Stadium,1,15.5,Mumbai Indians,Chennai Super Kings,RG Sharma,AT Rayudu,RA Jadeja,0,0,,,,,,,,,
733995,2014,2014-05-10,Wankhede Stadium,1,15.6,Mumbai Indians,Chennai Super Kings,RG Sharma,AT Rayudu,RA Jadeja,2,0,,,,,,,,,
733995,2014,2014-05-10,Wankhede Stadium,1,16.1,Mumbai Indians,Chennai Super Kings,AT Rayudu,RG Sharma,MM Sharma,1,0,,,,,,,,,
733995,2014,2014-05-10,Wankhede Stadium,1,16.2,Mumbai Indians,Chennai Super Kings,RG Sharma,AT Rayudu,MM Sharma,1,0,,,,,,,,,
733995,2014,2014-05-10,Wankhede Stadium,1,16.3,Mumbai Indians,Chennai Super Kings,AT Rayudu,RG Sharma,MM Sharma,1,0,,,,,,,,,
733995,2014,2014-05-10,Wankhede Stadium,1,16.4,Mumbai Indians,Chennai Super Kings,RG Sharma,AT Rayudu,MM Sharma,1,0,,,,,,,,,
733995,2014,2014-05-10,Wankhede Stadium,1,16.5,Mumbai Indians,Chennai Super Kings,AT Rayudu,RG Sharma,MM Sharma,1,0,,,,,,,,,
733995,2014,2014-05-10,Wankhede Stadium,1,16.6,Mumbai Indians,Chennai Super Kings,RG Sharma,AT Rayudu,MM Sharma,2,0,,,,,,,,,
733995,2014,2014-05-10,Wankhede Stadium,1,17.1,Mumbai Indians,Chennai Super Kings,AT Rayudu,RG Sharma,R Ashwin,1,0,,,,,,,,,
733995,2014,2014-05-10,Wankhede Stadium,1,17.2,Mumbai Indians,Chennai Super Kings,RG Sharma,AT Rayudu,R Ashwin,1,0,,,,,,,,,
733995,2014,2014-05-10,Wankhede Stadium,1,17.3,Mumbai Indians,Chennai Super Kings,AT Rayudu,RG Sharma,R Ashwin,0,2,2,,,,,,,,
733995,2014,2014-05-10,Wankhede Stadium,1,17.4,Mumbai Indians,Chennai Super Kings,RG Sharma,AT Rayudu,R Ashwin,0,0,,,,,,caught,RG Sharma,,
733995,2014,2014-05-10,Wankhede Stadium,1,17.5,Mumbai Indians,Chennai Super Kings,AT Rayudu,KA Pollard,R Ashwin,6,0,,,,,,,,,
733995,2014,2014-05-10,Wankhede Stadium,1,17.6,Mumbai Indians,Chennai Super Kings,AT Rayudu,KA Pollard,R Ashwin,1,0,,,,,,,,,
733995,2014,2014-05-10,Wankhede Stadium,1,17.7,Mumbai Indians,Chennai Super Kings,KA Pollard,AT Rayudu,R Ashwin,0,0,,,,,,caught,KA Pollard,,
733995,2014,2014-05-10,Wankhede Stadium,1,18.1,Mumbai Indians,Chennai Super Kings,AT Rayudu,CJ Anderson,MM Sharma,0,0,,,,,,caught,AT Rayudu,,
733995,2014,2014-05-10,Wankhede Stadium,1,18.2,Mumbai Indians,Chennai Super Kings,AP Tare,CJ Anderson,MM Sharma,4,0,,,,,,,,,
733995,2014,2014-05-10,Wankhede Stadium,1,18.3,Mumbai Indians,Chennai Super Kings,AP Tare,CJ Anderson,MM Sharma,0,0,,,,,,,,,
733995,2014,2014-05-10,Wankhede Stadium,1,18.4,Mumbai Indians,Chennai Super Kings,AP Tare,CJ Anderson,MM Sharma,4,0,,,,,,,,,
733995,2014,2014-05-10,Wankhede Stadium,1,18.5,Mumbai Indians,Chennai Super Kings,AP Tare,CJ Anderson,MM Sharma,1,0,,,,,,,,,
733995,2014,2014-05-10,Wankhede Stadium,1,18.6,Mumbai Indians,Chennai Super Kings,CJ Anderson,AP Tare,MM Sharma,1,0,,,,,,,,,
733995,2014,2014-05-10,Wankhede Stadium,1,19.1,Mumbai Indians,Chennai Super Kings,CJ Anderson,AP Tare,IC Pandey,2,0,,,,,,,,,
733995,2014,2014-05-10,Wankhede Stadium,1,19.2,Mumbai Indians,Chennai Super Kings,CJ Anderson,AP Tare,IC Pandey,0,1,1,,,,,,,,
733995,2014,2014-05-10,Wankhede Stadium,1,19.3,Mumbai Indians,Chennai Super Kings,CJ Anderson,AP Tare,IC Pandey,6,0,,,,,,,,,
733995,2014,2014-05-10,Wankhede Stadium,1,19.4,Mumbai Indians,Chennai Super Kings,CJ Anderson,AP Tare,IC Pandey,2,0,,,,,,,,,
733995,2014,2014-05-10,Wankhede Stadium,1,19.5,Mumbai Indians,Chennai Super Kings,CJ Anderson,AP Tare,IC Pandey,6,0,,,,,,,,,
733995,2014,2014-05-10,Wankhede Stadium,1,19.6,Mumbai Indians,Chennai Super Kings,CJ Anderson,AP Tare,IC Pandey,1,0,,,,,,,,,
733995,2014,2014-05-10,Wankhede Stadium,1,19.7,Mumbai Indians,Chennai Super Kings,AP Tare,CJ Anderson,IC Pandey,0,0,,,,,,caught,AP Tare,,
733995,2014,2014-05-10,Wankhede Stadium,2,0.1,Chennai Super Kings,Mumbai Indians,DR Smith,BB McCullum,P Kumar,0,0,,,,,,,,,
733995,2014,2014-05-10,Wankhede Stadium,2,0.2,Chennai Super Kings,Mumbai Indians,DR Smith,BB McCullum,P Kumar,2,0,,,,,,,,,
733995,2014,2014-05-10,Wankhede Stadium,2,0.3,Chennai Super Kings,Mumbai Indians,DR Smith,BB McCullum,P Kumar,4,0,,,,,,,,,
733995,2014,2014-05-10,Wankhede Stadium,2,0.4,Chennai Super Kings,Mumbai Indians,DR Smith,BB McCullum,P Kumar,2,0,,,,,,,,,
733995,2014,2014-05-10,Wankhede Stadium,2,0.5,Chennai Super Kings,Mumbai Indians,DR Smith,BB McCullum,P Kumar,0,0,,,,,,,,,
733995,2014,2014-05-10,Wankhede Stadium,2,0.6,Chennai Super Kings,Mumbai Indians,DR Smith,BB McCullum,P Kumar,4,0,,,,,,,,,
733995,2014,2014-05-10,Wankhede Stadium,2,1.1,Chennai Super Kings,Mumbai Indians,BB McCullum,DR Smith,SL Malinga,0,0,,,,,,,,,
733995,2014,2014-05-10,Wankhede Stadium,2,1.2,Chennai Super Kings,Mumbai Indians,BB McCullum,DR Smith,SL Malinga,0,0,,,,,,,,,
733995,2014,2014-05-10,Wankhede Stadium,2,1.3,Chennai Super Kings,Mumbai Indians,BB McCullum,DR Smith,SL Malinga,1,0,,,,,,,,,
733995,2014,2014-05-10,Wankhede Stadium,2,1.4,Chennai Super Kings,Mumbai Indians,DR Smith,BB McCullum,SL Malinga,0,0,,,,,,,,,
733995,2014,2014-05-10,Wankhede Stadium,2,1.5,Chennai Super Kings,Mumbai Indians,DR Smith,BB McCullum,SL Malinga,0,0,,,,,,,,,
733995,2014,2014-05-10,Wankhede Stadium,2,1.6,Chennai Super Kings,Mumbai Indians,DR Smith,BB McCullum,SL Malinga,1,0,,,,,,,,,
733995,2014,2014-05-10,Wankhede Stadium,2,2.1,Chennai Super Kings,Mumbai Indians,DR Smith,BB McCullum,P Kumar,0,0,,,,,,,,,
733995,2014,2014-05-10,Wankhede Stadium,2,2.2,Chennai Super Kings,Mumbai Indians,DR Smith,BB McCullum,P Kumar,0,0,,,,,,,,,
733995,2014,2014-05-10,Wankhede Stadium,2,2.3,Chennai Super Kings,Mumbai Indians,DR Smith,BB McCullum,P Kumar,0,0,,,,,,,,,
733995,2014,2014-05-10,Wankhede Stadium,2,2.4,Chennai Super Kings,Mumbai Indians,DR Smith,BB McCullum,P Kumar,0,0,,,,,,,,,
733995,2014,2014-05-10,Wankhede Stadium,2,2.5,Chennai Super Kings,Mumbai Indians,DR Smith,BB McCullum,P Kumar,1,0,,,,,,,,,
733995,2014,2014-05-10,Wankhede Stadium,2,2.6,Chennai Super Kings,Mumbai Indians,BB McCullum,DR Smith,P Kumar,1,0,,,,,,,,,
733995,2014,2014-05-10,Wankhede Stadium,2,3.1,Chennai Super Kings,Mumbai Indians,BB McCullum,DR Smith,JJ Bumrah,0,1,,,,1,,,,,
733995,2014,2014-05-10,Wankhede Stadium,2,3.2,Chennai Super Kings,Mumbai Indians,DR Smith,BB McCullum,JJ Bumrah,0,0,,,,,,,,,
733995,2014,2014-05-10,Wankhede Stadium,2,3.3,Chennai Super Kings,Mumbai Indians,DR Smith,BB McCullum,JJ Bumrah,0,1,,,,1,,,,,
733995,2014,2014-05-10,Wankhede Stadium,2,3.4,Chennai Super Kings,Mumbai Indians,BB McCullum,DR Smith,JJ Bumrah,6,0,,,,,,,,,
733995,2014,2014-05-10,Wankhede Stadium,2,3.5,Chennai Super Kings,Mumbai Indians,BB McCullum,DR Smith,JJ Bumrah,4,0,,,,,,,,,
733995,2014,2014-05-10,Wankhede Stadium,2,3.6,Chennai Super Kings,Mumbai Indians,BB McCullum,DR Smith,JJ Bumrah,1,0,,,,,,,,,
733995,2014,2014-05-10,Wankhede Stadium,2,4.1,Chennai Super Kings,Mumbai Indians,BB McCullum,DR Smith,P Kumar,0,0,,,,,,,,,
733995,2014,2014-05-10,Wankhede Stadium,2,4.2,Chennai Super Kings,Mumbai Indians,BB McCullum,DR Smith,P Kumar,0,0,,,,,,,,,
733995,2014,2014-05-10,Wankhede Stadium,2,4.3,Chennai Super Kings,Mumbai Indians,BB McCullum,DR Smith,P Kumar,0,0,,,,,,lbw,BB McCullum,,
733995,2014,2014-05-10,Wankhede Stadium,2,4.4,Chennai Super Kings,Mumbai Indians,SK Raina,DR Smith,P Kumar,0,0,,,,,,,,,
733995,2014,2014-05-10,Wankhede Stadium,2,4.5,Chennai Super Kings,Mumbai Indians,SK Raina,DR Smith,P Kumar,4,0,,,,,,,,,
733995,2014,2014-05-10,Wankhede Stadium,2,4.6,Chennai Super Kings,Mumbai Indians,SK Raina,DR Smith,P Kumar,1,0,,,,,,,,,
733995,2014,2014-05-10,Wankhede Stadium,2,5.1,Chennai Super Kings,Mumbai Indians,SK Raina,DR Smith,JJ Bumrah,1,0,,,,,,,,,
733995,2014,2014-05-10,Wankhede Stadium,2,5.2,Chennai Super Kings,Mumbai Indians,DR Smith,SK Raina,JJ Bumrah,0,0,,,,,,,,,
733995,2014,2014-05-10,Wankhede Stadium,2,5.3,Chennai Super Kings,Mumbai Indians,DR Smith,SK Raina,JJ Bumrah,0,0,,,,,,,,,
733995,2014,2014-05-10,Wankhede Stadium,2,5.4,Chennai Super Kings,Mumbai Indians,DR Smith,SK Raina,JJ Bumrah,1,0,,,,,,,,,
733995,2014,2014-05-10,Wankhede Stadium,2,5.5,Chennai Super Kings,Mumbai Indians,SK Raina,DR Smith,JJ Bumrah,0,0,,,,,,,,,
733995,2014,2014-05-10,Wankhede Stadium,2,5.6,Chennai Super Kings,Mumbai Indians,SK Raina,DR Smith,JJ Bumrah,2,0,,,,,,,,,
733995,2014,2014-05-10,Wankhede Stadium,2,6.1,Chennai Super Kings,Mumbai Indians,DR Smith,SK Raina,Harbhajan Singh,0,0,,,,,,,,,
733995,2014,2014-05-10,Wankhede Stadium,2,6.2,Chennai Super Kings,Mumbai Indians,DR Smith,SK Raina,Harbhajan Singh,0,0,,,,,,,,,
733995,2014,2014-05-10,Wankhede Stadium,2,6.3,Chennai Super Kings,Mumbai Indians,DR Smith,SK Raina,Harbhajan Singh,1,0,,,,,,,,,
733995,2014,2014-05-10,Wankhede Stadium,2,6.4,Chennai Super Kings,Mumbai Indians,SK Raina,DR Smith,Harbhajan Singh,1,0,,,,,,,,,
733995,2014,2014-05-10,Wankhede Stadium,2,6.5,Chennai Super Kings,Mumbai Indians,DR Smith,SK Raina,Harbhajan Singh,1,0,,,,,,,,,
733995,2014,2014-05-10,Wankhede Stadium,2,6.6,Chennai Super Kings,Mumbai Indians,SK Raina,DR Smith,Harbhajan Singh,1,0,,,,,,,,,
733995,2014,2014-05-10,Wankhede Stadium,2,7.1,Chennai Super Kings,Mumbai Indians,SK Raina,DR Smith,KA Pollard,0,1,1,,,,,,,,
733995,2014,2014-05-10,Wankhede Stadium,2,7.2,Chennai Super Kings,Mumbai Indians,SK Raina,DR Smith,KA Pollard,4,0,,,,,,,,,
733995,2014,2014-05-10,Wankhede Stadium,2,7.3,Chennai Super Kings,Mumbai Indians,SK Raina,DR Smith,KA Pollard,1,0,,,,,,,,,
733995,2014,2014-05-10,Wankhede Stadium,2,7.4,Chennai Super Kings,Mumbai Indians,DR Smith,SK Raina,KA Pollard,2,0,,,,,,,,,
733995,2014,2014-05-10,Wankhede Stadium,2,7.5,Chennai Super Kings,Mumbai Indians,DR Smith,SK Raina,KA Pollard,1,0,,,,,,,,,
733995,2014,2014-05-10,Wankhede Stadium,2,7.6,Chennai Super Kings,Mumbai Indians,SK Raina,DR Smith,KA Pollard,4,0,,,,,,,,,
733995,2014,2014-05-10,Wankhede Stadium,2,7.7,Chennai Super Kings,Mumbai Indians,SK Raina,DR Smith,KA Pollard,0,1,1,,,,,stumped,SK Raina,,
733995,2014,2014-05-10,Wankhede Stadium,2,7.8,Chennai Super Kings,Mumbai Indians,F du Plessis,DR Smith,KA Pollard,0,0,,,,,,,,,
733995,2014,2014-05-10,Wankhede Stadium,2,8.1,Chennai Super Kings,Mumbai Indians,DR Smith,F du Plessis,Harbhajan Singh,1,0,,,,,,,,,
733995,2014,2014-05-10,Wankhede Stadium,2,8.2,Chennai Super Kings,Mumbai Indians,F du Plessis,DR Smith,Harbhajan Singh,1,0,,,,,,,,,
733995,2014,2014-05-10,Wankhede Stadium,2,8.3,Chennai Super Kings,Mumbai Indians,DR Smith,F du Plessis,Harbhajan Singh,1,0,,,,,,,,,
733995,2014,2014-05-10,Wankhede Stadium,2,8.4,Chennai Super Kings,Mumbai Indians,F du Plessis,DR Smith,Harbhajan Singh,0,0,,,,,,,,,
733995,2014,2014-05-10,Wankhede Stadium,2,8.5,Chennai Super Kings,Mumbai Indians,F du Plessis,DR Smith,Harbhajan Singh,1,0,,,,,,,,,
733995,2014,2014-05-10,Wankhede Stadium,2,8.6,Chennai Super Kings,Mumbai Indians,DR Smith,F du Plessis,Harbhajan Singh,0,0,,,,,,,,,
733995,2014,2014-05-10,Wankhede Stadium,2,9.1,Chennai Super Kings,Mumbai Indians,F du Plessis,DR Smith,KA Pollard,0,0,,,,,,,,,
733995,2014,2014-05-10,Wankhede Stadium,2,9.2,Chennai Super Kings,Mumbai Indians,F du Plessis,DR Smith,KA Pollard,1,0,,,,,,,,,
733995,2014,2014-05-10,Wankhede Stadium,2,9.3,Chennai Super Kings,Mumbai Indians,DR Smith,F du Plessis,KA Pollard,4,0,,,,,,,,,
733995,2014,2014-05-10,Wankhede Stadium,2,9.4,Chennai Super Kings,Mumbai Indians,DR Smith,F du Plessis,KA Pollard,0,0,,,,,,,,,
733995,2014,2014-05-10,Wankhede Stadium,2,9.5,Chennai Super Kings,Mumbai Indians,DR Smith,F du Plessis,KA Pollard,4,0,,,,,,,,,
733995,2014,2014-05-10,Wankhede Stadium,2,9.6,Chennai Super Kings,Mumbai Indians,DR Smith,F du Plessis,KA Pollard,6,0,,,,,,,,,
733995,2014,2014-05-10,Wankhede Stadium,2,10.1,Chennai Super Kings,Mumbai Indians,F du Plessis,DR Smith,Harbhajan Singh,1,0,,,,,,,,,
733995,2014,2014-05-10,Wankhede Stadium,2,10.2,Chennai Super Kings,Mumbai Indians,DR Smith,F du Plessis,Harbhajan Singh,0,0,,,,,,,,,
733995,2014,2014-05-10,Wankhede Stadium,2,10.3,Chennai Super Kings,Mumbai Indians,DR Smith,F du Plessis,Harbhajan Singh,1,0,,,,,,,,,
733995,2014,2014-05-10,Wankhede Stadium,2,10.4,Chennai Super Kings,Mumbai Indians,F du Plessis,DR Smith,Harbhajan Singh,4,0,,,,,,,,,
733995,2014,2014-05-10,Wankhede Stadium,2,10.5,Chennai Super Kings,Mumbai Indians,F du Plessis,DR Smith,Harbhajan Singh,1,0,,,,,,,,,
733995,2014,2014-05-10,Wankhede Stadium,2,10.6,Chennai Super Kings,Mumbai Indians,DR Smith,F du Plessis,Harbhajan Singh,0,0,,,,,,,,,
733995,2014,2014-05-10,Wankhede Stadium,2,11.1,Chennai Super Kings,Mumbai Indians,F du Plessis,DR Smith,SL Malinga,1,0,,,,,,,,,
733995,2014,2014-05-10,Wankhede Stadium,2,11.2,Chennai Super Kings,Mumbai Indians,DR Smith,F du Plessis,SL Malinga,0,0,,,,,,,,,
733995,2014,2014-05-10,Wankhede Stadium,2,11.3,Chennai Super Kings,Mumbai Indians,DR Smith,F du Plessis,SL Malinga,1,0,,,,,,,,,
733995,2014,2014-05-10,Wankhede Stadium,2,11.4,Chennai Super Kings,Mumbai Indians,F du Plessis,DR Smith,SL Malinga,0,0,,,,,,,,,
733995,2014,2014-05-10,Wankhede Stadium,2,11.5,Chennai Super Kings,Mumbai Indians,F du Plessis,DR Smith,SL Malinga,1,0,,,,,,,,,
733995,2014,2014-05-10,Wankhede Stadium,2,11.6,Chennai Super Kings,Mumbai Indians,DR Smith,F du Plessis,SL Malinga,0,0,,,,,,,,,
733995,2014,2014-05-10,Wankhede Stadium,2,12.1,Chennai Super Kings,Mumbai Indians,F du Plessis,DR Smith,Harbhajan Singh,0,0,,,,,,,,,
733995,2014,2014-05-10,Wankhede Stadium,2,12.2,Chennai Super Kings,Mumbai Indians,F du Plessis,DR Smith,Harbhajan Singh,1,0,,,,,,,,,
733995,2014,2014-05-10,Wankhede Stadium,2,12.3,Chennai Super Kings,Mumbai Indians,DR Smith,F du Plessis,Harbhajan Singh,0,0,,,,,,,,,
733995,2014,2014-05-10,Wankhede Stadium,2,12.4,Chennai Super Kings,Mumbai Indians,DR Smith,F du Plessis,Harbhajan Singh,0,0,,,,,,,,,
733995,2014,2014-05-10,Wankhede Stadium,2,12.5,Chennai Super Kings,Mumbai Indians,DR Smith,F du Plessis,Harbhajan Singh,0,0,,,,,,,,,
733995,2014,2014-05-10,Wankhede Stadium,2,12.6,Chennai Super Kings,Mumbai Indians,DR Smith,F du Plessis,Harbhajan Singh,6,0,,,,,,,,,
733995,2014,2014-05-10,Wankhede Stadium,2,13.1,Chennai Super Kings,Mumbai Indians,F du Plessis,DR Smith,CJ Anderson,2,0,,,,,,,,,
733995,2014,2014-05-10,Wankhede Stadium,2,13.2,Chennai Super Kings,Mumbai Indians,F du Plessis,DR Smith,CJ Anderson,1,0,,,,,,,,,
733995,2014,2014-05-10,Wankhede Stadium,2,13.3,Chennai Super Kings,Mumbai Indians,DR Smith,F du Plessis,CJ Anderson,0,0,,,,,,,,,
733995,2014,2014-05-10,Wankhede Stadium,2,13.4,Chennai Super Kings,Mumbai Indians,DR Smith,F du Plessis,CJ Anderson,0,1,,,1,,,,,,
733995,2014,2014-05-10,Wankhede Stadium,2,13.5,Chennai Super Kings,Mumbai Indians,F du Plessis,DR Smith,CJ Anderson,6,0,,,,,,,,,
733995,2014,2014-05-10,Wankhede Stadium,2,13.6,Chennai Super Kings,Mumbai Indians,F du Plessis,DR Smith,CJ Anderson,2,0,,,,,,,,,
733995,2014,2014-05-10,Wankhede Stadium,2,14.1,Chennai Super Kings,Mumbai Indians,DR Smith,F du Plessis,JJ Bumrah,1,0,,,,,,,,,
733995,2014,2014-05-10,Wankhede Stadium,2,14.2,Chennai Super Kings,Mumbai Indians,F du Plessis,DR Smith,JJ Bumrah,1,0,,,,,,,,,
733995,2014,2014-05-10,Wankhede Stadium,2,14.3,Chennai Super Kings,Mumbai Indians,DR Smith,F du Plessis,JJ Bumrah,0,0,,,,,,,,,
733995,2014,2014-05-10,Wankhede Stadium,2,14.4,Chennai Super Kings,Mumbai Indians,DR Smith,F du Plessis,JJ Bumrah,2,0,,,,,,,,,
733995,2014,2014-05-10,Wankhede Stadium,2,14.5,Chennai Super Kings,Mumbai Indians,DR Smith,F du Plessis,JJ Bumrah,0,0,,,,,,,,,
733995,2014,2014-05-10,Wankhede Stadium,2,14.6,Chennai Super Kings,Mumbai Indians,DR Smith,F du Plessis,JJ Bumrah,4,0,,,,,,,,,
733995,2014,2014-05-10,Wankhede Stadium,2,15.1,Chennai Super Kings,Mumbai Indians,F du Plessis,DR Smith,P Kumar,1,0,,,,,,,,,
733995,2014,2014-05-10,Wankhede Stadium,2,15.2,Chennai Super Kings,Mumbai Indians,DR Smith,F du Plessis,P Kumar,6,0,,,,,,,,,
733995,2014,2014-05-10,Wankhede Stadium,2,15.3,Chennai Super Kings,Mumbai Indians,DR Smith,F du Plessis,P Kumar,0,0,,,,,,caught,DR Smith,,
733995,2014,2014-05-10,Wankhede Stadium,2,15.4,Chennai Super Kings,Mumbai Indians,F du Plessis,MS Dhoni,P Kumar,4,0,,,,,,,,,
733995,2014,2014-05-10,Wankhede Stadium,2,15.5,Chennai Super Kings,Mumbai Indians,F du Plessis,MS Dhoni,P Kumar,1,0,,,,,,,,,
733995,2014,2014-05-10,Wankhede Stadium,2,15.6,Chennai Super Kings,Mumbai Indians,MS Dhoni,F du Plessis,P Kumar,0,1,,,,1,,,,,
733995,2014,2014-05-10,Wankhede Stadium,2,16.1,Chennai Super Kings,Mumbai Indians,MS Dhoni,F du Plessis,SL Malinga,0,1,1,,,,,,,,
733995,2014,2014-05-10,Wankhede Stadium,2,16.2,Chennai Super Kings,Mumbai Indians,MS Dhoni,F du Plessis,SL Malinga,1,0,,,,,,,,,
733995,2014,2014-05-10,Wankhede Stadium,2,16.3,Chennai Super Kings,Mumbai Indians,F du Plessis,MS Dhoni,SL Malinga,1,0,,,,,,,,,
733995,2014,2014-05-10,Wankhede Stadium,2,16.4,Chennai Super Kings,Mumbai Indians,MS Dhoni,F du Plessis,SL Malinga,1,0,,,,,,,,,
733995,2014,2014-05-10,Wankhede Stadium,2,16.5,Chennai Super Kings,Mumbai Indians,F du Plessis,MS Dhoni,SL Malinga,0,0,,,,,,bowled,F du Plessis,,
733995,2014,2014-05-10,Wankhede Stadium,2,16.6,Chennai Super Kings,Mumbai Indians,RA Jadeja,MS Dhoni,SL Malinga,0,2,,,,2,,,,,
733995,2014,2014-05-10,Wankhede Stadium,2,16.7,Chennai Super Kings,Mumbai Indians,RA Jadeja,MS Dhoni,SL Malinga,0,0,,,,,,,,,
733995,2014,2014-05-10,Wankhede Stadium,2,17.1,Chennai Super Kings,Mumbai Indians,MS Dhoni,RA Jadeja,JJ Bumrah,1,0,,,,,,,,,
733995,2014,2014-05-10,Wankhede Stadium,2,17.2,Chennai Super Kings,Mumbai Indians,RA Jadeja,MS Dhoni,JJ Bumrah,4,0,,,,,,,,,
733995,2014,2014-05-10,Wankhede Stadium,2,17.3,Chennai Super Kings,Mumbai Indians,RA Jadeja,MS Dhoni,JJ Bumrah,1,0,,,,,,,,,
733995,2014,2014-05-10,Wankhede Stadium,2,17.4,Chennai Super Kings,Mumbai Indians,MS Dhoni,RA Jadeja,JJ Bumrah,2,0,,,,,,,,,
733995,2014,2014-05-10,Wankhede Stadium,2,17.5,Chennai Super Kings,Mumbai Indians,MS Dhoni,RA Jadeja,JJ Bumrah,0,1,1,,,,,,,,
733995,2014,2014-05-10,Wankhede Stadium,2,17.6,Chennai Super Kings,Mumbai Indians,MS Dhoni,RA Jadeja,JJ Bumrah,1,0,,,,,,,,,
733995,2014,2014-05-10,Wankhede Stadium,2,17.7,Chennai Super Kings,Mumbai Indians,RA Jadeja,MS Dhoni,JJ Bumrah,0,0,,,,,,,,,
733995,2014,2014-05-10,Wankhede Stadium,2,18.1,Chennai Super Kings,Mumbai Indians,MS Dhoni,RA Jadeja,SL Malinga,1,0,,,,,,,,,
733995,2014,2014-05-10,Wankhede Stadium,2,18.2,Chennai Super Kings,Mumbai Indians,RA Jadeja,MS Dhoni,SL Malinga,1,0,,,,,,,,,
733995,2014,2014-05-10,Wankhede Stadium,2,18.3,Chennai Super Kings,Mumbai Indians,MS Dhoni,RA Jadeja,SL Malinga,2,0,,,,,,,,,
733995,2014,2014-05-10,Wankhede Stadium,2,18.4,Chennai Super Kings,Mumbai Indians,MS Dhoni,RA Jadeja,SL Malinga,1,0,,,,,,,,,
733995,2014,2014-05-10,Wankhede Stadium,2,18.5,Chennai Super Kings,Mumbai Indians,RA Jadeja,MS Dhoni,SL Malinga,0,0,,,,,,bowled,RA Jadeja,,
733995,2014,2014-05-10,Wankhede Stadium,2,18.6,Chennai Super Kings,Mumbai Indians,M Manhas,MS Dhoni,SL Malinga,1,0,,,,,,run out,M Manhas,,
733995,2014,2014-05-10,Wankhede Stadium,2,19.1,Chennai Super Kings,Mumbai Indians,MS Dhoni,R Ashwin,KA Pollard,0,1,1,,,,,,,,
733995,2014,2014-05-10,Wankhede Stadium,2,19.2,Chennai Super Kings,Mumbai Indians,MS Dhoni,R Ashwin,KA Pollard,2,0,,,,,,,,,
733995,2014,2014-05-10,Wankhede Stadium,2,19.3,Chennai Super Kings,Mumbai Indians,MS Dhoni,R Ashwin,KA Pollard,6,0,,,,,,,,,
733995,2014,2014-05-10,Wankhede Stadium,2,19.4,Chennai Super Kings,Mumbai Indians,MS Dhoni,R Ashwin,KA Pollard,4,0,,,,,,,,,
