match_id,season,start_date,venue,innings,ball,batting_team,bowling_team,striker,non_striker,bowler,runs_off_bat,extras,wides,noballs,byes,legbyes,penalty,wicket_type,player_dismissed,other_wicket_type,other_player_dismissed
733985,2014,2014-05-07,Feroz Shah Kotla,1,0.1,Delhi Daredevils,Kolkata Knight Riders,Q de Kock,M Vijay,SA Yadav,4,0,,,,,,,,,
733985,2014,2014-05-07,Feroz Shah Kotla,1,0.2,Delhi Daredevils,Kolkata Knight Riders,Q de Kock,M Vijay,SA Yadav,1,0,,,,,,,,,
733985,2014,2014-05-07,Feroz Shah Kotla,1,0.3,Delhi Daredevils,Kolkata Knight Riders,M Vijay,Q de Kock,SA Yadav,0,0,,,,,,,,,
733985,2014,2014-05-07,Feroz Shah Kotla,1,0.4,Delhi Daredevils,Kolkata Knight Riders,M Vijay,Q de Kock,SA Yadav,0,0,,,,,,,,,
733985,2014,2014-05-07,Feroz Shah Kotla,1,0.5,Delhi Daredevils,Kolkata Knight Riders,M Vijay,Q de Kock,SA Yadav,2,0,,,,,,,,,
733985,2014,2014-05-07,Feroz Shah Kotla,1,0.6,Delhi Daredevils,Kolkata Knight Riders,M Vijay,Q de Kock,SA Yadav,1,0,,,,,,,,,
733985,2014,2014-05-07,Feroz Shah Kotla,1,1.1,Delhi Daredevils,Kolkata Knight Riders,M Vijay,Q de Kock,JH Kallis,0,0,,,,,,,,,
733985,2014,2014-05-07,Feroz Shah Kotla,1,1.2,Delhi Daredevils,Kolkata Knight Riders,M Vijay,Q de Kock,JH Kallis,1,0,,,,,,,,,
733985,2014,2014-05-07,Feroz Shah Kotla,1,1.3,Delhi Daredevils,Kolkata Knight Riders,Q de Kock,M Vijay,JH Kallis,4,0,,,,,,,,,
733985,2014,2014-05-07,Feroz Shah Kotla,1,1.4,Delhi Daredevils,Kolkata Knight Riders,Q de Kock,M Vijay,JH Kallis,0,0,,,,,,,,,
733985,2014,2014-05-07,Feroz Shah Kotla,1,1.5,Delhi Daredevils,Kolkata Knight Riders,Q de Kock,M Vijay,JH Kallis,0,0,,,,,,,,,
733985,2014,2014-05-07,Feroz Shah Kotla,1,1.6,Delhi Daredevils,Kolkata Knight Riders,Q de Kock,M Vijay,JH Kallis,1,0,,,,,,,,,
733985,2014,2014-05-07,Feroz Shah Kotla,1,2.1,Delhi Daredevils,Kolkata Knight Riders,Q de Kock,M Vijay,UT Yadav,0,0,,,,,,,,,
733985,2014,2014-05-07,Feroz Shah Kotla,1,2.2,Delhi Daredevils,Kolkata Knight Riders,Q de Kock,M Vijay,UT Yadav,0,0,,,,,,,,,
733985,2014,2014-05-07,Feroz Shah Kotla,1,2.3,Delhi Daredevils,Kolkata Knight Riders,Q de Kock,M Vijay,UT Yadav,0,0,,,,,,caught,Q de Kock,,
733985,2014,2014-05-07,Feroz Shah Kotla,1,2.4,Delhi Daredevils,Kolkata Knight Riders,M Vijay,KP Pietersen,UT Yadav,0,0,,,,,,,,,
733985,2014,2014-05-07,Feroz Shah Kotla,1,2.5,Delhi Daredevils,Kolkata Knight Riders,M Vijay,KP Pietersen,UT Yadav,4,0,,,,,,,,,
733985,2014,2014-05-07,Feroz Shah Kotla,1,2.6,Delhi Daredevils,Kolkata Knight Riders,M Vijay,KP Pietersen,UT Yadav,0,0,,,,,,,,,
733985,2014,2014-05-07,Feroz Shah Kotla,1,3.1,Delhi Daredevils,Kolkata Knight Riders,KP Pietersen,M Vijay,Shakib Al Hasan,0,0,,,,,,,,,
733985,2014,2014-05-07,Feroz Shah Kotla,1,3.2,Delhi Daredevils,Kolkata Knight Riders,KP Pietersen,M Vijay,Shakib Al Hasan,0,0,,,,,,,,,
733985,2014,2014-05-07,Feroz Shah Kotla,1,3.3,Delhi Daredevils,Kolkata Knight Riders,KP Pietersen,M Vijay,Shakib Al Hasan,0,0,,,,,,,,,
733985,2014,2014-05-07,Feroz Shah Kotla,1,3.4,Delhi Daredevils,Kolkata Knight Riders,KP Pietersen,M Vijay,Shakib Al Hasan,1,0,,,,,,,,,
733985,2014,2014-05-07,Feroz Shah Kotla,1,3.5,Delhi Daredevils,Kolkata Knight Riders,M Vijay,KP Pietersen,Shakib Al Hasan,0,0,,,,,,,,,
733985,2014,2014-05-07,Feroz Shah Kotla,1,3.6,Delhi Daredevils,Kolkata Knight Riders,M Vijay,KP Pietersen,Shakib Al Hasan,1,0,,,,,,,,,
733985,2014,2014-05-07,Feroz Shah Kotla,1,4.1,Delhi Daredevils,Kolkata Knight Riders,M Vijay,KP Pietersen,SP Narine,1,0,,,,,,,,,
733985,2014,2014-05-07,Feroz Shah Kotla,1,4.2,Delhi Daredevils,Kolkata Knight Riders,KP Pietersen,M Vijay,SP Narine,0,0,,,,,,,,,
733985,2014,2014-05-07,Feroz Shah Kotla,1,4.3,Delhi Daredevils,Kolkata Knight Riders,KP Pietersen,M Vijay,SP Narine,4,0,,,,,,,,,
733985,2014,2014-05-07,Feroz Shah Kotla,1,4.4,Delhi Daredevils,Kolkata Knight Riders,KP Pietersen,M Vijay,SP Narine,0,0,,,,,,,,,
733985,2014,2014-05-07,Feroz Shah Kotla,1,4.5,Delhi Daredevils,Kolkata Knight Riders,KP Pietersen,M Vijay,SP Narine,0,0,,,,,,,,,
733985,2014,2014-05-07,Feroz Shah Kotla,1,4.6,Delhi Daredevils,Kolkata Knight Riders,KP Pietersen,M Vijay,SP Narine,1,0,,,,,,,,,
733985,2014,2014-05-07,Feroz Shah Kotla,1,5.1,Delhi Daredevils,Kolkata Knight Riders,KP Pietersen,M Vijay,Shakib Al Hasan,0,0,,,,,,,,,
733985,2014,2014-05-07,Feroz Shah Kotla,1,5.2,Delhi Daredevils,Kolkata Knight Riders,KP Pietersen,M Vijay,Shakib Al Hasan,0,0,,,,,,,,,
733985,2014,2014-05-07,Feroz Shah Kotla,1,5.3,Delhi Daredevils,Kolkata Knight Riders,KP Pietersen,M Vijay,Shakib Al Hasan,0,0,,,,,,run out,KP Pietersen,,
733985,2014,2014-05-07,Feroz Shah Kotla,1,5.4,Delhi Daredevils,Kolkata Knight Riders,KD Karthik,M Vijay,Shakib Al Hasan,1,0,,,,,,,,,
733985,2014,2014-05-07,Feroz Shah Kotla,1,5.5,Delhi Daredevils,Kolkata Knight Riders,M Vijay,KD Karthik,Shakib Al Hasan,1,0,,,,,,,,,
733985,2014,2014-05-07,Feroz Shah Kotla,1,5.6,Delhi Daredevils,Kolkata Knight Riders,KD Karthik,M Vijay,Shakib Al Hasan,1,0,,,,,,,,,
733985,2014,2014-05-07,Feroz Shah Kotla,1,6.1,Delhi Daredevils,Kolkata Knight Riders,KD Karthik,M Vijay,UT Yadav,1,0,,,,,,,,,
733985,2014,2014-05-07,Feroz Shah Kotla,1,6.2,Delhi Daredevils,Kolkata Knight Riders,M Vijay,KD Karthik,UT Yadav,0,1,,,,1,,,,,
733985,2014,2014-05-07,Feroz Shah Kotla,1,6.3,Delhi Daredevils,Kolkata Knight Riders,KD Karthik,M Vijay,UT Yadav,0,1,1,,,,,,,,
733985,2014,2014-05-07,Feroz Shah Kotla,1,6.4,Delhi Daredevils,Kolkata Knight Riders,KD Karthik,M Vijay,UT Yadav,0,0,,,,,,,,,
733985,2014,2014-05-07,Feroz Shah Kotla,1,6.5,Delhi Daredevils,Kolkata Knight Riders,KD Karthik,M Vijay,UT Yadav,2,0,,,,,,,,,
733985,2014,2014-05-07,Feroz Shah Kotla,1,6.6,Delhi Daredevils,Kolkata Knight Riders,KD Karthik,M Vijay,UT Yadav,4,0,,,,,,,,,
733985,2014,2014-05-07,Feroz Shah Kotla,1,6.7,Delhi Daredevils,Kolkata Knight Riders,KD Karthik,M Vijay,UT Yadav,1,0,,,,,,,,,
733985,2014,2014-05-07,Feroz Shah Kotla,1,7.1,Delhi Daredevils,Kolkata Knight Riders,KD Karthik,M Vijay,R Vinay Kumar,0,1,,,,1,,,,,
733985,2014,2014-05-07,Feroz Shah Kotla,1,7.2,Delhi Daredevils,Kolkata Knight Riders,M Vijay,KD Karthik,R Vinay Kumar,6,0,,,,,,,,,
733985,2014,2014-05-07,Feroz Shah Kotla,1,7.3,Delhi Daredevils,Kolkata Knight Riders,M Vijay,KD Karthik,R Vinay Kumar,1,0,,,,,,,,,
733985,2014,2014-05-07,Feroz Shah Kotla,1,7.4,Delhi Daredevils,Kolkata Knight Riders,KD Karthik,M Vijay,R Vinay Kumar,1,0,,,,,,,,,
733985,2014,2014-05-07,Feroz Shah Kotla,1,7.5,Delhi Daredevils,Kolkata Knight Riders,M Vijay,KD Karthik,R Vinay Kumar,1,0,,,,,,,,,
733985,2014,2014-05-07,Feroz Shah Kotla,1,7.6,Delhi Daredevils,Kolkata Knight Riders,KD Karthik,M Vijay,R Vinay Kumar,4,0,,,,,,,,,
733985,2014,2014-05-07,Feroz Shah Kotla,1,8.1,Delhi Daredevils,Kolkata Knight Riders,M Vijay,KD Karthik,JH Kallis,1,0,,,,,,,,,
733985,2014,2014-05-07,Feroz Shah Kotla,1,8.2,Delhi Daredevils,Kolkata Knight Riders,KD Karthik,M Vijay,JH Kallis,0,0,,,,,,,,,
733985,2014,2014-05-07,Feroz Shah Kotla,1,8.3,Delhi Daredevils,Kolkata Knight Riders,KD Karthik,M Vijay,JH Kallis,2,0,,,,,,,,,
733985,2014,2014-05-07,Feroz Shah Kotla,1,8.4,Delhi Daredevils,Kolkata Knight Riders,KD Karthik,M Vijay,JH Kallis,1,0,,,,,,,,,
733985,2014,2014-05-07,Feroz Shah Kotla,1,8.5,Delhi Daredevils,Kolkata Knight Riders,M Vijay,KD Karthik,JH Kallis,4,0,,,,,,,,,
733985,2014,2014-05-07,Feroz Shah Kotla,1,8.6,Delhi Daredevils,Kolkata Knight Riders,M Vijay,KD Karthik,JH Kallis,0,0,,,,,,caught,M Vijay,,
733985,2014,2014-05-07,Feroz Shah Kotla,1,9.1,Delhi Daredevils,Kolkata Knight Riders,KD Karthik,JP Duminy,Shakib Al Hasan,1,0,,,,,,,,,
733985,2014,2014-05-07,Feroz Shah Kotla,1,9.2,Delhi Daredevils,Kolkata Knight Riders,JP Duminy,KD Karthik,Shakib Al Hasan,1,0,,,,,,,,,
733985,2014,2014-05-07,Feroz Shah Kotla,1,9.3,Delhi Daredevils,Kolkata Knight Riders,KD Karthik,JP Duminy,Shakib Al Hasan,1,0,,,,,,,,,
733985,2014,2014-05-07,Feroz Shah Kotla,1,9.4,Delhi Daredevils,Kolkata Knight Riders,JP Duminy,KD Karthik,Shakib Al Hasan,0,0,,,,,,,,,
733985,2014,2014-05-07,Feroz Shah Kotla,1,9.5,Delhi Daredevils,Kolkata Knight Riders,JP Duminy,KD Karthik,Shakib Al Hasan,1,0,,,,,,,,,
733985,2014,2014-05-07,Feroz Shah Kotla,1,9.6,Delhi Daredevils,Kolkata Knight Riders,KD Karthik,JP Duminy,Shakib Al Hasan,1,0,,,,,,,,,
733985,2014,2014-05-07,Feroz Shah Kotla,1,10.1,Delhi Daredevils,Kolkata Knight Riders,KD Karthik,JP Duminy,JH Kallis,6,0,,,,,,,,,
733985,2014,2014-05-07,Feroz Shah Kotla,1,10.2,Delhi Daredevils,Kolkata Knight Riders,KD Karthik,JP Duminy,JH Kallis,0,0,,,,,,,,,
733985,2014,2014-05-07,Feroz Shah Kotla,1,10.3,Delhi Daredevils,Kolkata Knight Riders,KD Karthik,JP Duminy,JH Kallis,1,0,,,,,,,,,
733985,2014,2014-05-07,Feroz Shah Kotla,1,10.4,Delhi Daredevils,Kolkata Knight Riders,JP Duminy,KD Karthik,JH Kallis,1,0,,,,,,,,,
733985,2014,2014-05-07,Feroz Shah Kotla,1,10.5,Delhi Daredevils,Kolkata Knight Riders,KD Karthik,JP Duminy,JH Kallis,4,0,,,,,,,,,
733985,2014,2014-05-07,Feroz Shah Kotla,1,10.6,Delhi Daredevils,Kolkata Knight Riders,KD Karthik,JP Duminy,JH Kallis,4,0,,,,,,,,,
733985,2014,2014-05-07,Feroz Shah Kotla,1,11.1,Delhi Daredevils,Kolkata Knight Riders,JP Duminy,KD Karthik,Shakib Al Hasan,0,0,,,,,,,,,
733985,2014,2014-05-07,Feroz Shah Kotla,1,11.2,Delhi Daredevils,Kolkata Knight Riders,JP Duminy,KD Karthik,Shakib Al Hasan,2,0,,,,,,,,,
733985,2014,2014-05-07,Feroz Shah Kotla,1,11.3,Delhi Daredevils,Kolkata Knight Riders,JP Duminy,KD Karthik,Shakib Al Hasan,0,0,,,,,,,,,
733985,2014,2014-05-07,Feroz Shah Kotla,1,11.4,Delhi Daredevils,Kolkata Knight Riders,JP Duminy,KD Karthik,Shakib Al Hasan,1,0,,,,,,,,,
733985,2014,2014-05-07,Feroz Shah Kotla,1,11.5,Delhi Daredevils,Kolkata Knight Riders,KD Karthik,JP Duminy,Shakib Al Hasan,0,0,,,,,,caught,KD Karthik,,
733985,2014,2014-05-07,Feroz Shah Kotla,1,11.6,Delhi Daredevils,Kolkata Knight Riders,JP Duminy,LR Shukla,Shakib Al Hasan,0,0,,,,,,,,,
733985,2014,2014-05-07,Feroz Shah Kotla,1,12.1,Delhi Daredevils,Kolkata Knight Riders,LR Shukla,JP Duminy,UT Yadav,1,0,,,,,,,,,
733985,2014,2014-05-07,Feroz Shah Kotla,1,12.2,Delhi Daredevils,Kolkata Knight Riders,JP Duminy,LR Shukla,UT Yadav,1,0,,,,,,,,,
733985,2014,2014-05-07,Feroz Shah Kotla,1,12.3,Delhi Daredevils,Kolkata Knight Riders,LR Shukla,JP Duminy,UT Yadav,1,0,,,,,,,,,
733985,2014,2014-05-07,Feroz Shah Kotla,1,12.4,Delhi Daredevils,Kolkata Knight Riders,JP Duminy,LR Shukla,UT Yadav,0,1,1,,,,,,,,
733985,2014,2014-05-07,Feroz Shah Kotla,1,12.5,Delhi Daredevils,Kolkata Knight Riders,JP Duminy,LR Shukla,UT Yadav,0,0,,,,,,,,,
733985,2014,2014-05-07,Feroz Shah Kotla,1,12.6,Delhi Daredevils,Kolkata Knight Riders,JP Duminy,LR Shukla,UT Yadav,1,0,,,,,,,,,
733985,2014,2014-05-07,Feroz Shah Kotla,1,12.7,Delhi Daredevils,Kolkata Knight Riders,LR Shukla,JP Duminy,UT Yadav,4,0,,,,,,,,,
733985,2014,2014-05-07,Feroz Shah Kotla,1,13.1,Delhi Daredevils,Kolkata Knight Riders,JP Duminy,LR Shukla,R Vinay Kumar,2,0,,,,,,,,,
733985,2014,2014-05-07,Feroz Shah Kotla,1,13.2,Delhi Daredevils,Kolkata Knight Riders,JP Duminy,LR Shukla,R Vinay Kumar,1,0,,,,,,,,,
733985,2014,2014-05-07,Feroz Shah Kotla,1,13.3,Delhi Daredevils,Kolkata Knight Riders,LR Shukla,JP Duminy,R Vinay Kumar,0,0,,,,,,,,,
733985,2014,2014-05-07,Feroz Shah Kotla,1,13.4,Delhi Daredevils,Kolkata Knight Riders,LR Shukla,JP Duminy,R Vinay Kumar,0,0,,,,,,,,,
733985,2014,2014-05-07,Feroz Shah Kotla,1,13.5,Delhi Daredevils,Kolkata Knight Riders,LR Shukla,JP Duminy,R Vinay Kumar,1,0,,,,,,,,,
733985,2014,2014-05-07,Feroz Shah Kotla,1,13.6,Delhi Daredevils,Kolkata Knight Riders,JP Duminy,LR Shukla,R Vinay Kumar,1,0,,,,,,,,,
733985,2014,2014-05-07,Feroz Shah Kotla,1,14.1,Delhi Daredevils,Kolkata Knight Riders,JP Duminy,LR Shukla,UT Yadav,1,0,,,,,,,,,
733985,2014,2014-05-07,Feroz Shah Kotla,1,14.2,Delhi Daredevils,Kolkata Knight Riders,LR Shukla,JP Duminy,UT Yadav,0,0,,,,,,,,,
733985,2014,2014-05-07,Feroz Shah Kotla,1,14.3,Delhi Daredevils,Kolkata Knight Riders,LR Shukla,JP Duminy,UT Yadav,1,0,,,,,,,,,
733985,2014,2014-05-07,Feroz Shah Kotla,1,14.4,Delhi Daredevils,Kolkata Knight Riders,JP Duminy,LR Shukla,UT Yadav,1,0,,,,,,,,,
733985,2014,2014-05-07,Feroz Shah Kotla,1,14.5,Delhi Daredevils,Kolkata Knight Riders,LR Shukla,JP Duminy,UT Yadav,0,0,,,,,,,,,
733985,2014,2014-05-07,Feroz Shah Kotla,1,14.6,Delhi Daredevils,Kolkata Knight Riders,LR Shukla,JP Duminy,UT Yadav,1,0,,,,,,,,,
733985,2014,2014-05-07,Feroz Shah Kotla,1,15.1,Delhi Daredevils,Kolkata Knight Riders,LR Shukla,JP Duminy,SP Narine,0,0,,,,,,,,,
733985,2014,2014-05-07,Feroz Shah Kotla,1,15.2,Delhi Daredevils,Kolkata Knight Riders,LR Shukla,JP Duminy,SP Narine,0,0,,,,,,,,,
733985,2014,2014-05-07,Feroz Shah Kotla,1,15.3,Delhi Daredevils,Kolkata Knight Riders,LR Shukla,JP Duminy,SP Narine,1,0,,,,,,,,,
733985,2014,2014-05-07,Feroz Shah Kotla,1,15.4,Delhi Daredevils,Kolkata Knight Riders,JP Duminy,LR Shukla,SP Narine,1,0,,,,,,,,,
733985,2014,2014-05-07,Feroz Shah Kotla,1,15.5,Delhi Daredevils,Kolkata Knight Riders,LR Shukla,JP Duminy,SP Narine,0,0,,,,,,bowled,LR Shukla,,
733985,2014,2014-05-07,Feroz Shah Kotla,1,15.6,Delhi Daredevils,Kolkata Knight Riders,KM Jadhav,JP Duminy,SP Narine,1,0,,,,,,,,,
733985,2014,2014-05-07,Feroz Shah Kotla,1,16.1,Delhi Daredevils,Kolkata Knight Riders,KM Jadhav,JP Duminy,R Vinay Kumar,4,0,,,,,,,,,
733985,2014,2014-05-07,Feroz Shah Kotla,1,16.2,Delhi Daredevils,Kolkata Knight Riders,KM Jadhav,JP Duminy,R Vinay Kumar,0,0,,,,,,,,,
733985,2014,2014-05-07,Feroz Shah Kotla,1,16.3,Delhi Daredevils,Kolkata Knight Riders,KM Jadhav,JP Duminy,R Vinay Kumar,6,0,,,,,,,,,
733985,2014,2014-05-07,Feroz Shah Kotla,1,16.4,Delhi Daredevils,Kolkata Knight Riders,KM Jadhav,JP Duminy,R Vinay Kumar,1,0,,,,,,,,,
733985,2014,2014-05-07,Feroz Shah Kotla,1,16.5,Delhi Daredevils,Kolkata Knight Riders,JP Duminy,KM Jadhav,R Vinay Kumar,1,0,,,,,,,,,
733985,2014,2014-05-07,Feroz Shah Kotla,1,16.6,Delhi Daredevils,Kolkata Knight Riders,KM Jadhav,JP Duminy,R Vinay Kumar,1,0,,,,,,,,,
733985,2014,2014-05-07,Feroz Shah Kotla,1,17.1,Delhi Daredevils,Kolkata Knight Riders,KM Jadhav,JP Duminy,SP Narine,1,0,,,,,,,,,
733985,2014,2014-05-07,Feroz Shah Kotla,1,17.2,Delhi Daredevils,Kolkata Knight Riders,JP Duminy,KM Jadhav,SP Narine,6,0,,,,,,,,,
733985,2014,2014-05-07,Feroz Shah Kotla,1,17.3,Delhi Daredevils,Kolkata Knight Riders,JP Duminy,KM Jadhav,SP Narine,1,0,,,,,,,,,
733985,2014,2014-05-07,Feroz Shah Kotla,1,17.4,Delhi Daredevils,Kolkata Knight Riders,KM Jadhav,JP Duminy,SP Narine,4,0,,,,,,,,,
733985,2014,2014-05-07,Feroz Shah Kotla,1,17.5,Delhi Daredevils,Kolkata Knight Riders,KM Jadhav,JP Duminy,SP Narine,4,0,,,,,,,,,
733985,2014,2014-05-07,Feroz Shah Kotla,1,17.6,Delhi Daredevils,Kolkata Knight Riders,KM Jadhav,JP Duminy,SP Narine,1,0,,,,,,,,,
733985,2014,2014-05-07,Feroz Shah Kotla,1,18.1,Delhi Daredevils,Kolkata Knight Riders,KM Jadhav,JP Duminy,JH Kallis,1,0,,,,,,,,,
733985,2014,2014-05-07,Feroz Shah Kotla,1,18.2,Delhi Daredevils,Kolkata Knight Riders,JP Duminy,KM Jadhav,JH Kallis,6,0,,,,,,,,,
733985,2014,2014-05-07,Feroz Shah Kotla,1,18.3,Delhi Daredevils,Kolkata Knight Riders,JP Duminy,KM Jadhav,JH Kallis,0,0,,,,,,,,,
733985,2014,2014-05-07,Feroz Shah Kotla,1,18.4,Delhi Daredevils,Kolkata Knight Riders,JP Duminy,KM Jadhav,JH Kallis,1,0,,,,,,,,,
733985,2014,2014-05-07,Feroz Shah Kotla,1,18.5,Delhi Daredevils,Kolkata Knight Riders,KM Jadhav,JP Duminy,JH Kallis,0,4,,,,4,,,,,
733985,2014,2014-05-07,Feroz Shah Kotla,1,18.6,Delhi Daredevils,Kolkata Knight Riders,KM Jadhav,JP Duminy,JH Kallis,0,0,,,,,,,,,
733985,2014,2014-05-07,Feroz Shah Kotla,1,19.1,Delhi Daredevils,Kolkata Knight Riders,JP Duminy,KM Jadhav,SP Narine,1,0,,,,,,,,,
733985,2014,2014-05-07,Feroz Shah Kotla,1,19.2,Delhi Daredevils,Kolkata Knight Riders,KM Jadhav,JP Duminy,SP Narine,1,0,,,,,,,,,
733985,2014,2014-05-07,Feroz Shah Kotla,1,19.3,Delhi Daredevils,Kolkata Knight Riders,JP Duminy,KM Jadhav,SP Narine,2,0,,,,,,,,,
733985,2014,2014-05-07,Feroz Shah Kotla,1,19.4,Delhi Daredevils,Kolkata Knight Riders,JP Duminy,KM Jadhav,SP Narine,1,0,,,,,,,,,
733985,2014,2014-05-07,Feroz Shah Kotla,1,19.5,Delhi Daredevils,Kolkata Knight Riders,KM Jadhav,JP Duminy,SP Narine,1,0,,,,,,,,,
733985,2014,2014-05-07,Feroz Shah Kotla,1,19.6,Delhi Daredevils,Kolkata Knight Riders,JP Duminy,KM Jadhav,SP Narine,6,0,,,,,,,,,
733985,2014,2014-05-07,Feroz Shah Kotla,2,0.1,Kolkata Knight Riders,Delhi Daredevils,RV Uthappa,G Gambhir,Mohammed Shami,0,0,,,,,,,,,
733985,2014,2014-05-07,Feroz Shah Kotla,2,0.2,Kolkata Knight Riders,Delhi Daredevils,RV Uthappa,G Gambhir,Mohammed Shami,1,0,,,,,,,,,
733985,2014,2014-05-07,Feroz Shah Kotla,2,0.3,Kolkata Knight Riders,Delhi Daredevils,G Gambhir,RV Uthappa,Mohammed Shami,0,0,,,,,,,,,
733985,2014,2014-05-07,Feroz Shah Kotla,2,0.4,Kolkata Knight Riders,Delhi Daredevils,G Gambhir,RV Uthappa,Mohammed Shami,0,0,,,,,,,,,
733985,2014,2014-05-07,Feroz Shah Kotla,2,0.5,Kolkata Knight Riders,Delhi Daredevils,G Gambhir,RV Uthappa,Mohammed Shami,1,0,,,,,,,,,
733985,2014,2014-05-07,Feroz Shah Kotla,2,0.6,Kolkata Knight Riders,Delhi Daredevils,RV Uthappa,G Gambhir,Mohammed Shami,0,0,,,,,,,,,
733985,2014,2014-05-07,Feroz Shah Kotla,2,1.1,Kolkata Knight Riders,Delhi Daredevils,G Gambhir,RV Uthappa,WD Parnell,0,0,,,,,,,,,
733985,2014,2014-05-07,Feroz Shah Kotla,2,1.2,Kolkata Knight Riders,Delhi Daredevils,G Gambhir,RV Uthappa,WD Parnell,4,0,,,,,,,,,
733985,2014,2014-05-07,Feroz Shah Kotla,2,1.3,Kolkata Knight Riders,Delhi Daredevils,G Gambhir,RV Uthappa,WD Parnell,0,1,,,,1,,,,,
733985,2014,2014-05-07,Feroz Shah Kotla,2,1.4,Kolkata Knight Riders,Delhi Daredevils,RV Uthappa,G Gambhir,WD Parnell,0,0,,,,,,,,,
733985,2014,2014-05-07,Feroz Shah Kotla,2,1.5,Kolkata Knight Riders,Delhi Daredevils,RV Uthappa,G Gambhir,WD Parnell,4,0,,,,,,,,,
733985,2014,2014-05-07,Feroz Shah Kotla,2,1.6,Kolkata Knight Riders,Delhi Daredevils,RV Uthappa,G Gambhir,WD Parnell,0,4,,,,4,,,,,
733985,2014,2014-05-07,Feroz Shah Kotla,2,2.1,Kolkata Knight Riders,Delhi Daredevils,G Gambhir,RV Uthappa,Mohammed Shami,1,0,,,,,,,,,
733985,2014,2014-05-07,Feroz Shah Kotla,2,2.2,Kolkata Knight Riders,Delhi Daredevils,RV Uthappa,G Gambhir,Mohammed Shami,4,0,,,,,,,,,
733985,2014,2014-05-07,Feroz Shah Kotla,2,2.3,Kolkata Knight Riders,Delhi Daredevils,RV Uthappa,G Gambhir,Mohammed Shami,4,0,,,,,,,,,
733985,2014,2014-05-07,Feroz Shah Kotla,2,2.4,Kolkata Knight Riders,Delhi Daredevils,RV Uthappa,G Gambhir,Mohammed Shami,1,0,,,,,,,,,
733985,2014,2014-05-07,Feroz Shah Kotla,2,2.5,Kolkata Knight Riders,Delhi Daredevils,G Gambhir,RV Uthappa,Mohammed Shami,1,0,,,,,,,,,
733985,2014,2014-05-07,Feroz Shah Kotla,2,2.6,Kolkata Knight Riders,Delhi Daredevils,RV Uthappa,G Gambhir,Mohammed Shami,1,0,,,,,,,,,
733985,2014,2014-05-07,Feroz Shah Kotla,2,3.1,Kolkata Knight Riders,Delhi Daredevils,RV Uthappa,G Gambhir,WD Parnell,1,0,,,,,,,,,
733985,2014,2014-05-07,Feroz Shah Kotla,2,3.2,Kolkata Knight Riders,Delhi Daredevils,G Gambhir,RV Uthappa,WD Parnell,1,0,,,,,,,,,
733985,2014,2014-05-07,Feroz Shah Kotla,2,3.3,Kolkata Knight Riders,Delhi Daredevils,RV Uthappa,G Gambhir,WD Parnell,0,0,,,,,,,,,
733985,2014,2014-05-07,Feroz Shah Kotla,2,3.4,Kolkata Knight Riders,Delhi Daredevils,RV Uthappa,G Gambhir,WD Parnell,0,0,,,,,,,,,
733985,2014,2014-05-07,Feroz Shah Kotla,2,3.5,Kolkata Knight Riders,Delhi Daredevils,RV Uthappa,G Gambhir,WD Parnell,1,0,,,,,,,,,
733985,2014,2014-05-07,Feroz Shah Kotla,2,3.6,Kolkata Knight Riders,Delhi Daredevils,G Gambhir,RV Uthappa,WD Parnell,0,0,,,,,,,,,
733985,2014,2014-05-07,Feroz Shah Kotla,2,4.1,Kolkata Knight Riders,Delhi Daredevils,RV Uthappa,G Gambhir,LR Shukla,0,1,1,,,,,,,,
733985,2014,2014-05-07,Feroz Shah Kotla,2,4.2,Kolkata Knight Riders,Delhi Daredevils,RV Uthappa,G Gambhir,LR Shukla,1,0,,,,,,,,,
733985,2014,2014-05-07,Feroz Shah Kotla,2,4.3,Kolkata Knight Riders,Delhi Daredevils,G Gambhir,RV Uthappa,LR Shukla,0,1,,,,1,,,,,
733985,2014,2014-05-07,Feroz Shah Kotla,2,4.4,Kolkata Knight Riders,Delhi Daredevils,RV Uthappa,G Gambhir,LR Shukla,0,0,,,,,,,,,
733985,2014,2014-05-07,Feroz Shah Kotla,2,4.5,Kolkata Knight Riders,Delhi Daredevils,RV Uthappa,G Gambhir,LR Shukla,1,0,,,,,,,,,
733985,2014,2014-05-07,Feroz Shah Kotla,2,4.6,Kolkata Knight Riders,Delhi Daredevils,G Gambhir,RV Uthappa,LR Shukla,2,0,,,,,,,,,
733985,2014,2014-05-07,Feroz Shah Kotla,2,4.7,Kolkata Knight Riders,Delhi Daredevils,G Gambhir,RV Uthappa,LR Shukla,6,0,,,,,,,,,
733985,2014,2014-05-07,Feroz Shah Kotla,2,5.1,Kolkata Knight Riders,Delhi Daredevils,RV Uthappa,G Gambhir,S Kaul,2,0,,,,,,,,,
733985,2014,2014-05-07,Feroz Shah Kotla,2,5.2,Kolkata Knight Riders,Delhi Daredevils,RV Uthappa,G Gambhir,S Kaul,1,0,,,,,,,,,
733985,2014,2014-05-07,Feroz Shah Kotla,2,5.3,Kolkata Knight Riders,Delhi Daredevils,G Gambhir,RV Uthappa,S Kaul,0,4,,,,4,,,,,
733985,2014,2014-05-07,Feroz Shah Kotla,2,5.4,Kolkata Knight Riders,Delhi Daredevils,G Gambhir,RV Uthappa,S Kaul,2,0,,,,,,,,,
733985,2014,2014-05-07,Feroz Shah Kotla,2,5.5,Kolkata Knight Riders,Delhi Daredevils,G Gambhir,RV Uthappa,S Kaul,0,0,,,,,,,,,
733985,2014,2014-05-07,Feroz Shah Kotla,2,5.6,Kolkata Knight Riders,Delhi Daredevils,G Gambhir,RV Uthappa,S Kaul,1,0,,,,,,,,,
733985,2014,2014-05-07,Feroz Shah Kotla,2,6.1,Kolkata Knight Riders,Delhi Daredevils,G Gambhir,RV Uthappa,JP Duminy,1,0,,,,,,,,,
733985,2014,2014-05-07,Feroz Shah Kotla,2,6.2,Kolkata Knight Riders,Delhi Daredevils,RV Uthappa,G Gambhir,JP Duminy,1,0,,,,,,,,,
733985,2014,2014-05-07,Feroz Shah Kotla,2,6.3,Kolkata Knight Riders,Delhi Daredevils,G Gambhir,RV Uthappa,JP Duminy,1,0,,,,,,,,,
733985,2014,2014-05-07,Feroz Shah Kotla,2,6.4,Kolkata Knight Riders,Delhi Daredevils,RV Uthappa,G Gambhir,JP Duminy,1,0,,,,,,,,,
733985,2014,2014-05-07,Feroz Shah Kotla,2,6.5,Kolkata Knight Riders,Delhi Daredevils,G Gambhir,RV Uthappa,JP Duminy,1,0,,,,,,,,,
733985,2014,2014-05-07,Feroz Shah Kotla,2,6.6,Kolkata Knight Riders,Delhi Daredevils,RV Uthappa,G Gambhir,JP Duminy,6,0,,,,,,,,,
733985,2014,2014-05-07,Feroz Shah Kotla,2,7.1,Kolkata Knight Riders,Delhi Daredevils,G Gambhir,RV Uthappa,S Nadeem,4,0,,,,,,,,,
733985,2014,2014-05-07,Feroz Shah Kotla,2,7.2,Kolkata Knight Riders,Delhi Daredevils,G Gambhir,RV Uthappa,S Nadeem,0,0,,,,,,,,,
733985,2014,2014-05-07,Feroz Shah Kotla,2,7.3,Kolkata Knight Riders,Delhi Daredevils,G Gambhir,RV Uthappa,S Nadeem,0,1,,,,1,,,,,
733985,2014,2014-05-07,Feroz Shah Kotla,2,7.4,Kolkata Knight Riders,Delhi Daredevils,RV Uthappa,G Gambhir,S Nadeem,1,0,,,,,,,,,
733985,2014,2014-05-07,Feroz Shah Kotla,2,7.5,Kolkata Knight Riders,Delhi Daredevils,G Gambhir,RV Uthappa,S Nadeem,2,0,,,,,,,,,
733985,2014,2014-05-07,Feroz Shah Kotla,2,7.6,Kolkata Knight Riders,Delhi Daredevils,G Gambhir,RV Uthappa,S Nadeem,1,0,,,,,,,,,
733985,2014,2014-05-07,Feroz Shah Kotla,2,8.1,Kolkata Knight Riders,Delhi Daredevils,G Gambhir,RV Uthappa,Mohammed Shami,0,0,,,,,,,,,
733985,2014,2014-05-07,Feroz Shah Kotla,2,8.2,Kolkata Knight Riders,Delhi Daredevils,G Gambhir,RV Uthappa,Mohammed Shami,1,0,,,,,,,,,
733985,2014,2014-05-07,Feroz Shah Kotla,2,8.3,Kolkata Knight Riders,Delhi Daredevils,RV Uthappa,G Gambhir,Mohammed Shami,1,0,,,,,,,,,
733985,2014,2014-05-07,Feroz Shah Kotla,2,8.4,Kolkata Knight Riders,Delhi Daredevils,G Gambhir,RV Uthappa,Mohammed Shami,1,0,,,,,,,,,
733985,2014,2014-05-07,Feroz Shah Kotla,2,8.5,Kolkata Knight Riders,Delhi Daredevils,RV Uthappa,G Gambhir,Mohammed Shami,1,0,,,,,,,,,
733985,2014,2014-05-07,Feroz Shah Kotla,2,8.6,Kolkata Knight Riders,Delhi Daredevils,G Gambhir,RV Uthappa,Mohammed Shami,1,0,,,,,,,,,
733985,2014,2014-05-07,Feroz Shah Kotla,2,9.1,Kolkata Knight Riders,Delhi Daredevils,G Gambhir,RV Uthappa,S Kaul,4,0,,,,,,,,,
733985,2014,2014-05-07,Feroz Shah Kotla,2,9.2,Kolkata Knight Riders,Delhi Daredevils,G Gambhir,RV Uthappa,S Kaul,1,0,,,,,,,,,
733985,2014,2014-05-07,Feroz Shah Kotla,2,9.3,Kolkata Knight Riders,Delhi Daredevils,RV Uthappa,G Gambhir,S Kaul,2,0,,,,,,,,,
733985,2014,2014-05-07,Feroz Shah Kotla,2,9.4,Kolkata Knight Riders,Delhi Daredevils,RV Uthappa,G Gambhir,S Kaul,1,0,,,,,,,,,
733985,2014,2014-05-07,Feroz Shah Kotla,2,9.5,Kolkata Knight Riders,Delhi Daredevils,G Gambhir,RV Uthappa,S Kaul,4,0,,,,,,,,,
733985,2014,2014-05-07,Feroz Shah Kotla,2,9.6,Kolkata Knight Riders,Delhi Daredevils,G Gambhir,RV Uthappa,S Kaul,1,0,,,,,,,,,
733985,2014,2014-05-07,Feroz Shah Kotla,2,10.1,Kolkata Knight Riders,Delhi Daredevils,G Gambhir,RV Uthappa,S Nadeem,1,0,,,,,,,,,
733985,2014,2014-05-07,Feroz Shah Kotla,2,10.2,Kolkata Knight Riders,Delhi Daredevils,RV Uthappa,G Gambhir,S Nadeem,1,0,,,,,,,,,
733985,2014,2014-05-07,Feroz Shah Kotla,2,10.3,Kolkata Knight Riders,Delhi Daredevils,G Gambhir,RV Uthappa,S Nadeem,1,0,,,,,,,,,
733985,2014,2014-05-07,Feroz Shah Kotla,2,10.4,Kolkata Knight Riders,Delhi Daredevils,RV Uthappa,G Gambhir,S Nadeem,4,0,,,,,,,,,
733985,2014,2014-05-07,Feroz Shah Kotla,2,10.5,Kolkata Knight Riders,Delhi Daredevils,RV Uthappa,G Gambhir,S Nadeem,4,0,,,,,,,,,
733985,2014,2014-05-07,Feroz Shah Kotla,2,10.6,Kolkata Knight Riders,Delhi Daredevils,RV Uthappa,G Gambhir,S Nadeem,1,0,,,,,,,,,
733985,2014,2014-05-07,Feroz Shah Kotla,2,11.1,Kolkata Knight Riders,Delhi Daredevils,RV Uthappa,G Gambhir,WD Parnell,0,0,,,,,,,,,
733985,2014,2014-05-07,Feroz Shah Kotla,2,11.2,Kolkata Knight Riders,Delhi Daredevils,RV Uthappa,G Gambhir,WD Parnell,1,0,,,,,,,,,
733985,2014,2014-05-07,Feroz Shah Kotla,2,11.3,Kolkata Knight Riders,Delhi Daredevils,G Gambhir,RV Uthappa,WD Parnell,2,0,,,,,,,,,
733985,2014,2014-05-07,Feroz Shah Kotla,2,11.4,Kolkata Knight Riders,Delhi Daredevils,G Gambhir,RV Uthappa,WD Parnell,1,0,,,,,,,,,
733985,2014,2014-05-07,Feroz Shah Kotla,2,11.5,Kolkata Knight Riders,Delhi Daredevils,RV Uthappa,G Gambhir,WD Parnell,0,0,,,,,,lbw,RV Uthappa,,
733985,2014,2014-05-07,Feroz Shah Kotla,2,11.6,Kolkata Knight Riders,Delhi Daredevils,MK Pandey,G Gambhir,WD Parnell,1,0,,,,,,,,,
733985,2014,2014-05-07,Feroz Shah Kotla,2,12.1,Kolkata Knight Riders,Delhi Daredevils,MK Pandey,G Gambhir,S Nadeem,1,0,,,,,,,,,
733985,2014,2014-05-07,Feroz Shah Kotla,2,12.2,Kolkata Knight Riders,Delhi Daredevils,G Gambhir,MK Pandey,S Nadeem,2,0,,,,,,,,,
733985,2014,2014-05-07,Feroz Shah Kotla,2,12.3,Kolkata Knight Riders,Delhi Daredevils,G Gambhir,MK Pandey,S Nadeem,1,0,,,,,,,,,
733985,2014,2014-05-07,Feroz Shah Kotla,2,12.4,Kolkata Knight Riders,Delhi Daredevils,MK Pandey,G Gambhir,S Nadeem,3,0,,,,,,,,,
733985,2014,2014-05-07,Feroz Shah Kotla,2,12.5,Kolkata Knight Riders,Delhi Daredevils,G Gambhir,MK Pandey,S Nadeem,1,0,,,,,,,,,
733985,2014,2014-05-07,Feroz Shah Kotla,2,12.6,Kolkata Knight Riders,Delhi Daredevils,MK Pandey,G Gambhir,S Nadeem,1,0,,,,,,,,,
733985,2014,2014-05-07,Feroz Shah Kotla,2,13.1,Kolkata Knight Riders,Delhi Daredevils,MK Pandey,G Gambhir,LR Shukla,4,0,,,,,,,,,
733985,2014,2014-05-07,Feroz Shah Kotla,2,13.2,Kolkata Knight Riders,Delhi Daredevils,MK Pandey,G Gambhir,LR Shukla,1,0,,,,,,,,,
733985,2014,2014-05-07,Feroz Shah Kotla,2,13.3,Kolkata Knight Riders,Delhi Daredevils,G Gambhir,MK Pandey,LR Shukla,1,0,,,,,,,,,
733985,2014,2014-05-07,Feroz Shah Kotla,2,13.4,Kolkata Knight Riders,Delhi Daredevils,MK Pandey,G Gambhir,LR Shukla,1,0,,,,,,,,,
733985,2014,2014-05-07,Feroz Shah Kotla,2,13.5,Kolkata Knight Riders,Delhi Daredevils,G Gambhir,MK Pandey,LR Shukla,1,0,,,,,,,,,
733985,2014,2014-05-07,Feroz Shah Kotla,2,13.6,Kolkata Knight Riders,Delhi Daredevils,MK Pandey,G Gambhir,LR Shukla,0,0,,,,,,,,,
733985,2014,2014-05-07,Feroz Shah Kotla,2,14.1,Kolkata Knight Riders,Delhi Daredevils,G Gambhir,MK Pandey,Mohammed Shami,0,0,,,,,,,,,
733985,2014,2014-05-07,Feroz Shah Kotla,2,14.2,Kolkata Knight Riders,Delhi Daredevils,G Gambhir,MK Pandey,Mohammed Shami,1,0,,,,,,,,,
733985,2014,2014-05-07,Feroz Shah Kotla,2,14.3,Kolkata Knight Riders,Delhi Daredevils,MK Pandey,G Gambhir,Mohammed Shami,1,0,,,,,,,,,
733985,2014,2014-05-07,Feroz Shah Kotla,2,14.4,Kolkata Knight Riders,Delhi Daredevils,G Gambhir,MK Pandey,Mohammed Shami,0,0,,,,,,,,,
733985,2014,2014-05-07,Feroz Shah Kotla,2,14.5,Kolkata Knight Riders,Delhi Daredevils,G Gambhir,MK Pandey,Mohammed Shami,0,0,,,,,,,,,
733985,2014,2014-05-07,Feroz Shah Kotla,2,14.6,Kolkata Knight Riders,Delhi Daredevils,G Gambhir,MK Pandey,Mohammed Shami,2,0,,,,,,,,,
733985,2014,2014-05-07,Feroz Shah Kotla,2,15.1,Kolkata Knight Riders,Delhi Daredevils,MK Pandey,G Gambhir,S Kaul,2,0,,,,,,,,,
733985,2014,2014-05-07,Feroz Shah Kotla,2,15.2,Kolkata Knight Riders,Delhi Daredevils,MK Pandey,G Gambhir,S Kaul,2,0,,,,,,,,,
733985,2014,2014-05-07,Feroz Shah Kotla,2,15.3,Kolkata Knight Riders,Delhi Daredevils,MK Pandey,G Gambhir,S Kaul,1,0,,,,,,,,,
733985,2014,2014-05-07,Feroz Shah Kotla,2,15.4,Kolkata Knight Riders,Delhi Daredevils,G Gambhir,MK Pandey,S Kaul,0,0,,,,,,,,,
733985,2014,2014-05-07,Feroz Shah Kotla,2,15.5,Kolkata Knight Riders,Delhi Daredevils,G Gambhir,MK Pandey,S Kaul,4,0,,,,,,,,,
733985,2014,2014-05-07,Feroz Shah Kotla,2,15.6,Kolkata Knight Riders,Delhi Daredevils,G Gambhir,MK Pandey,S Kaul,1,0,,,,,,,,,
733985,2014,2014-05-07,Feroz Shah Kotla,2,16.1,Kolkata Knight Riders,Delhi Daredevils,G Gambhir,MK Pandey,JP Duminy,1,0,,,,,,,,,
733985,2014,2014-05-07,Feroz Shah Kotla,2,16.2,Kolkata Knight Riders,Delhi Daredevils,MK Pandey,G Gambhir,JP Duminy,4,0,,,,,,,,,
733985,2014,2014-05-07,Feroz Shah Kotla,2,16.3,Kolkata Knight Riders,Delhi Daredevils,MK Pandey,G Gambhir,JP Duminy,1,0,,,,,,,,,
733985,2014,2014-05-07,Feroz Shah Kotla,2,16.4,Kolkata Knight Riders,Delhi Daredevils,G Gambhir,MK Pandey,JP Duminy,0,0,,,,,,,,,
733985,2014,2014-05-07,Feroz Shah Kotla,2,16.5,Kolkata Knight Riders,Delhi Daredevils,G Gambhir,MK Pandey,JP Duminy,6,0,,,,,,,,,
733985,2014,2014-05-07,Feroz Shah Kotla,2,16.6,Kolkata Knight Riders,Delhi Daredevils,G Gambhir,MK Pandey,JP Duminy,1,0,,,,,,,,,
733985,2014,2014-05-07,Feroz Shah Kotla,2,17.1,Kolkata Knight Riders,Delhi Daredevils,G Gambhir,MK Pandey,WD Parnell,0,0,,,,,,,,,
733985,2014,2014-05-07,Feroz Shah Kotla,2,17.2,Kolkata Knight Riders,Delhi Daredevils,G Gambhir,MK Pandey,WD Parnell,0,0,,,,,,caught,G Gambhir,,
733985,2014,2014-05-07,Feroz Shah Kotla,2,17.3,Kolkata Knight Riders,Delhi Daredevils,JH Kallis,MK Pandey,WD Parnell,0,0,,,,,,,,,
733985,2014,2014-05-07,Feroz Shah Kotla,2,17.4,Kolkata Knight Riders,Delhi Daredevils,JH Kallis,MK Pandey,WD Parnell,0,0,,,,,,,,,
733985,2014,2014-05-07,Feroz Shah Kotla,2,17.5,Kolkata Knight Riders,Delhi Daredevils,JH Kallis,MK Pandey,WD Parnell,4,0,,,,,,,,,
733985,2014,2014-05-07,Feroz Shah Kotla,2,17.6,Kolkata Knight Riders,Delhi Daredevils,JH Kallis,MK Pandey,WD Parnell,1,0,,,,,,,,,
733985,2014,2014-05-07,Feroz Shah Kotla,2,18.1,Kolkata Knight Riders,Delhi Daredevils,JH Kallis,MK Pandey,S Nadeem,4,0,,,,,,,,,
733985,2014,2014-05-07,Feroz Shah Kotla,2,18.2,Kolkata Knight Riders,Delhi Daredevils,JH Kallis,MK Pandey,S Nadeem,1,0,,,,,,,,,
