match_id,season,start_date,venue,innings,ball,batting_team,bowling_team,striker,non_striker,bowler,runs_off_bat,extras,wides,noballs,byes,legbyes,penalty,wicket_type,player_dismissed,other_wicket_type,other_player_dismissed
734039,2014,2014-05-25,"Punjab Cricket Association Stadium, Mohali",1,0.1,Delhi Daredevils,Kings XI Punjab,KP Pietersen,MA Agarwal,P Awana,0,0,,,,,,,,,
734039,2014,2014-05-25,"Punjab Cricket Association Stadium, Mohali",1,0.2,Delhi Daredevils,Kings XI Punjab,KP Pietersen,MA Agarwal,P Awana,1,0,,,,,,,,,
734039,2014,2014-05-25,"Punjab Cricket Association Stadium, Mohali",1,0.3,Delhi Daredevils,Kings XI Punjab,MA Agarwal,KP Pietersen,P Awana,1,0,,,,,,,,,
734039,2014,2014-05-25,"Punjab Cricket Association Stadium, Mohali",1,0.4,Delhi Daredevils,Kings XI Punjab,KP Pietersen,MA Agarwal,P Awana,0,0,,,,,,,,,
734039,2014,2014-05-25,"Punjab Cricket Association Stadium, Mohali",1,0.5,Delhi Daredevils,Kings XI Punjab,KP Pietersen,MA Agarwal,P Awana,0,0,,,,,,,,,
734039,2014,2014-05-25,"Punjab Cricket Association Stadium, Mohali",1,0.6,Delhi Daredevils,Kings XI Punjab,KP Pietersen,MA Agarwal,P Awana,4,0,,,,,,,,,
734039,2014,2014-05-25,"Punjab Cricket Association Stadium, Mohali",1,1.1,Delhi Daredevils,Kings XI Punjab,MA Agarwal,KP Pietersen,AR Patel,1,0,,,,,,,,,
734039,2014,2014-05-25,"Punjab Cricket Association Stadium, Mohali",1,1.2,Delhi Daredevils,Kings XI Punjab,KP Pietersen,MA Agarwal,AR Patel,0,0,,,,,,,,,
734039,2014,2014-05-25,"Punjab Cricket Association Stadium, Mohali",1,1.3,Delhi Daredevils,Kings XI Punjab,KP Pietersen,MA Agarwal,AR Patel,4,0,,,,,,,,,
734039,2014,2014-05-25,"Punjab Cricket Association Stadium, Mohali",1,1.4,Delhi Daredevils,Kings XI Punjab,KP Pietersen,MA Agarwal,AR Patel,1,0,,,,,,,,,
734039,2014,2014-05-25,"Punjab Cricket Association Stadium, Mohali",1,1.5,Delhi Daredevils,Kings XI Punjab,MA Agarwal,KP Pietersen,AR Patel,0,0,,,,,,,,,
734039,2014,2014-05-25,"Punjab Cricket Association Stadium, Mohali",1,1.6,Delhi Daredevils,Kings XI Punjab,MA Agarwal,KP Pietersen,AR Patel,0,0,,,,,,,,,
734039,2014,2014-05-25,"Punjab Cricket Association Stadium, Mohali",1,2.1,Delhi Daredevils,Kings XI Punjab,KP Pietersen,MA Agarwal,MG Johnson,1,0,,,,,,,,,
734039,2014,2014-05-25,"Punjab Cricket Association Stadium, Mohali",1,2.2,Delhi Daredevils,Kings XI Punjab,MA Agarwal,KP Pietersen,MG Johnson,0,0,,,,,,caught,MA Agarwal,,
734039,2014,2014-05-25,"Punjab Cricket Association Stadium, Mohali",1,2.3,Delhi Daredevils,Kings XI Punjab,KD Karthik,KP Pietersen,MG Johnson,4,0,,,,,,,,,
734039,2014,2014-05-25,"Punjab Cricket Association Stadium, Mohali",1,2.4,Delhi Daredevils,Kings XI Punjab,KD Karthik,KP Pietersen,MG Johnson,0,0,,,,,,,,,
734039,2014,2014-05-25,"Punjab Cricket Association Stadium, Mohali",1,2.5,Delhi Daredevils,Kings XI Punjab,KD Karthik,KP Pietersen,MG Johnson,0,0,,,,,,,,,
734039,2014,2014-05-25,"Punjab Cricket Association Stadium, Mohali",1,2.6,Delhi Daredevils,Kings XI Punjab,KD Karthik,KP Pietersen,MG Johnson,4,0,,,,,,,,,
734039,2014,2014-05-25,"Punjab Cricket Association Stadium, Mohali",1,3.1,Delhi Daredevils,Kings XI Punjab,KP Pietersen,KD Karthik,P Awana,0,0,,,,,,,,,
734039,2014,2014-05-25,"Punjab Cricket Association Stadium, Mohali",1,3.2,Delhi Daredevils,Kings XI Punjab,KP Pietersen,KD Karthik,P Awana,0,0,,,,,,,,,
734039,2014,2014-05-25,"Punjab Cricket Association Stadium, Mohali",1,3.3,Delhi Daredevils,Kings XI Punjab,KP Pietersen,KD Karthik,P Awana,0,0,,,,,,,,,
734039,2014,2014-05-25,"Punjab Cricket Association Stadium, Mohali",1,3.4,Delhi Daredevils,Kings XI Punjab,KP Pietersen,KD Karthik,P Awana,4,0,,,,,,,,,
734039,2014,2014-05-25,"Punjab Cricket Association Stadium, Mohali",1,3.5,Delhi Daredevils,Kings XI Punjab,KP Pietersen,KD Karthik,P Awana,1,0,,,,,,,,,
734039,2014,2014-05-25,"Punjab Cricket Association Stadium, Mohali",1,3.6,Delhi Daredevils,Kings XI Punjab,KD Karthik,KP Pietersen,P Awana,4,0,,,,,,,,,
734039,2014,2014-05-25,"Punjab Cricket Association Stadium, Mohali",1,4.1,Delhi Daredevils,Kings XI Punjab,KP Pietersen,KD Karthik,MG Johnson,4,0,,,,,,,,,
734039,2014,2014-05-25,"Punjab Cricket Association Stadium, Mohali",1,4.2,Delhi Daredevils,Kings XI Punjab,KP Pietersen,KD Karthik,MG Johnson,0,0,,,,,,,,,
734039,2014,2014-05-25,"Punjab Cricket Association Stadium, Mohali",1,4.3,Delhi Daredevils,Kings XI Punjab,KP Pietersen,KD Karthik,MG Johnson,3,0,,,,,,,,,
734039,2014,2014-05-25,"Punjab Cricket Association Stadium, Mohali",1,4.4,Delhi Daredevils,Kings XI Punjab,KD Karthik,KP Pietersen,MG Johnson,1,0,,,,,,,,,
734039,2014,2014-05-25,"Punjab Cricket Association Stadium, Mohali",1,4.5,Delhi Daredevils,Kings XI Punjab,KP Pietersen,KD Karthik,MG Johnson,4,0,,,,,,,,,
734039,2014,2014-05-25,"Punjab Cricket Association Stadium, Mohali",1,4.6,Delhi Daredevils,Kings XI Punjab,KP Pietersen,KD Karthik,MG Johnson,1,0,,,,,,,,,
734039,2014,2014-05-25,"Punjab Cricket Association Stadium, Mohali",1,5.1,Delhi Daredevils,Kings XI Punjab,KP Pietersen,KD Karthik,P Awana,0,1,,,,1,,,,,
734039,2014,2014-05-25,"Punjab Cricket Association Stadium, Mohali",1,5.2,Delhi Daredevils,Kings XI Punjab,KD Karthik,KP Pietersen,P Awana,0,0,,,,,,caught,KD Karthik,,
734039,2014,2014-05-25,"Punjab Cricket Association Stadium, Mohali",1,5.3,Delhi Daredevils,Kings XI Punjab,KM Jadhav,KP Pietersen,P Awana,0,0,,,,,,,,,
734039,2014,2014-05-25,"Punjab Cricket Association Stadium, Mohali",1,5.4,Delhi Daredevils,Kings XI Punjab,KM Jadhav,KP Pietersen,P Awana,0,0,,,,,,,,,
734039,2014,2014-05-25,"Punjab Cricket Association Stadium, Mohali",1,5.5,Delhi Daredevils,Kings XI Punjab,KM Jadhav,KP Pietersen,P Awana,0,0,,,,,,,,,
734039,2014,2014-05-25,"Punjab Cricket Association Stadium, Mohali",1,5.6,Delhi Daredevils,Kings XI Punjab,KM Jadhav,KP Pietersen,P Awana,0,0,,,,,,caught,KM Jadhav,,
734039,2014,2014-05-25,"Punjab Cricket Association Stadium, Mohali",1,6.1,Delhi Daredevils,Kings XI Punjab,KP Pietersen,MK Tiwary,Karanveer Singh,1,0,,,,,,,,,
734039,2014,2014-05-25,"Punjab Cricket Association Stadium, Mohali",1,6.2,Delhi Daredevils,Kings XI Punjab,MK Tiwary,KP Pietersen,Karanveer Singh,1,0,,,,,,,,,
734039,2014,2014-05-25,"Punjab Cricket Association Stadium, Mohali",1,6.3,Delhi Daredevils,Kings XI Punjab,KP Pietersen,MK Tiwary,Karanveer Singh,1,0,,,,,,,,,
734039,2014,2014-05-25,"Punjab Cricket Association Stadium, Mohali",1,6.4,Delhi Daredevils,Kings XI Punjab,MK Tiwary,KP Pietersen,Karanveer Singh,0,0,,,,,,,,,
734039,2014,2014-05-25,"Punjab Cricket Association Stadium, Mohali",1,6.5,Delhi Daredevils,Kings XI Punjab,MK Tiwary,KP Pietersen,Karanveer Singh,1,0,,,,,,,,,
734039,2014,2014-05-25,"Punjab Cricket Association Stadium, Mohali",1,6.6,Delhi Daredevils,Kings XI Punjab,KP Pietersen,MK Tiwary,Karanveer Singh,2,0,,,,,,,,,
734039,2014,2014-05-25,"Punjab Cricket Association Stadium, Mohali",1,7.1,Delhi Daredevils,Kings XI Punjab,MK Tiwary,KP Pietersen,R Dhawan,1,0,,,,,,,,,
734039,2014,2014-05-25,"Punjab Cricket Association Stadium, Mohali",1,7.2,Delhi Daredevils,Kings XI Punjab,KP Pietersen,MK Tiwary,R Dhawan,4,0,,,,,,,,,
734039,2014,2014-05-25,"Punjab Cricket Association Stadium, Mohali",1,7.3,Delhi Daredevils,Kings XI Punjab,KP Pietersen,MK Tiwary,R Dhawan,1,0,,,,,,,,,
734039,2014,2014-05-25,"Punjab Cricket Association Stadium, Mohali",1,7.4,Delhi Daredevils,Kings XI Punjab,MK Tiwary,KP Pietersen,R Dhawan,0,0,,,,,,,,,
734039,2014,2014-05-25,"Punjab Cricket Association Stadium, Mohali",1,7.5,Delhi Daredevils,Kings XI Punjab,MK Tiwary,KP Pietersen,R Dhawan,1,0,,,,,,,,,
734039,2014,2014-05-25,"Punjab Cricket Association Stadium, Mohali",1,7.6,Delhi Daredevils,Kings XI Punjab,KP Pietersen,MK Tiwary,R Dhawan,1,0,,,,,,,,,
734039,2014,2014-05-25,"Punjab Cricket Association Stadium, Mohali",1,8.1,Delhi Daredevils,Kings XI Punjab,KP Pietersen,MK Tiwary,Karanveer Singh,1,0,,,,,,,,,
734039,2014,2014-05-25,"Punjab Cricket Association Stadium, Mohali",1,8.2,Delhi Daredevils,Kings XI Punjab,MK Tiwary,KP Pietersen,Karanveer Singh,1,0,,,,,,,,,
734039,2014,2014-05-25,"Punjab Cricket Association Stadium, Mohali",1,8.3,Delhi Daredevils,Kings XI Punjab,KP Pietersen,MK Tiwary,Karanveer Singh,1,0,,,,,,,,,
734039,2014,2014-05-25,"Punjab Cricket Association Stadium, Mohali",1,8.4,Delhi Daredevils,Kings XI Punjab,MK Tiwary,KP Pietersen,Karanveer Singh,2,0,,,,,,,,,
734039,2014,2014-05-25,"Punjab Cricket Association Stadium, Mohali",1,8.5,Delhi Daredevils,Kings XI Punjab,MK Tiwary,KP Pietersen,Karanveer Singh,1,0,,,,,,,,,
734039,2014,2014-05-25,"Punjab Cricket Association Stadium, Mohali",1,8.6,Delhi Daredevils,Kings XI Punjab,KP Pietersen,MK Tiwary,Karanveer Singh,1,0,,,,,,,,,
734039,2014,2014-05-25,"Punjab Cricket Association Stadium, Mohali",1,9.1,Delhi Daredevils,Kings XI Punjab,KP Pietersen,MK Tiwary,R Dhawan,1,0,,,,,,,,,
734039,2014,2014-05-25,"Punjab Cricket Association Stadium, Mohali",1,9.2,Delhi Daredevils,Kings XI Punjab,MK Tiwary,KP Pietersen,R Dhawan,0,1,1,,,,,,,,
734039,2014,2014-05-25,"Punjab Cricket Association Stadium, Mohali",1,9.3,Delhi Daredevils,Kings XI Punjab,MK Tiwary,KP Pietersen,R Dhawan,0,0,,,,,,,,,
734039,2014,2014-05-25,"Punjab Cricket Association Stadium, Mohali",1,9.4,Delhi Daredevils,Kings XI Punjab,MK Tiwary,KP Pietersen,R Dhawan,0,0,,,,,,run out,MK Tiwary,,
734039,2014,2014-05-25,"Punjab Cricket Association Stadium, Mohali",1,9.5,Delhi Daredevils,Kings XI Punjab,KP Pietersen,JP Duminy,R Dhawan,0,0,,,,,,,,,
734039,2014,2014-05-25,"Punjab Cricket Association Stadium, Mohali",1,9.6,Delhi Daredevils,Kings XI Punjab,KP Pietersen,JP Duminy,R Dhawan,1,0,,,,,,,,,
734039,2014,2014-05-25,"Punjab Cricket Association Stadium, Mohali",1,9.7,Delhi Daredevils,Kings XI Punjab,JP Duminy,KP Pietersen,R Dhawan,1,0,,,,,,,,,
734039,2014,2014-05-25,"Punjab Cricket Association Stadium, Mohali",1,10.1,Delhi Daredevils,Kings XI Punjab,JP Duminy,KP Pietersen,AR Patel,1,0,,,,,,,,,
734039,2014,2014-05-25,"Punjab Cricket Association Stadium, Mohali",1,10.2,Delhi Daredevils,Kings XI Punjab,KP Pietersen,JP Duminy,AR Patel,4,0,,,,,,,,,
734039,2014,2014-05-25,"Punjab Cricket Association Stadium, Mohali",1,10.3,Delhi Daredevils,Kings XI Punjab,KP Pietersen,JP Duminy,AR Patel,4,0,,,,,,,,,
734039,2014,2014-05-25,"Punjab Cricket Association Stadium, Mohali",1,10.4,Delhi Daredevils,Kings XI Punjab,KP Pietersen,JP Duminy,AR Patel,4,0,,,,,,,,,
734039,2014,2014-05-25,"Punjab Cricket Association Stadium, Mohali",1,10.5,Delhi Daredevils,Kings XI Punjab,KP Pietersen,JP Duminy,AR Patel,0,0,,,,,,,,,
734039,2014,2014-05-25,"Punjab Cricket Association Stadium, Mohali",1,10.6,Delhi Daredevils,Kings XI Punjab,KP Pietersen,JP Duminy,AR Patel,0,0,,,,,,,,,
734039,2014,2014-05-25,"Punjab Cricket Association Stadium, Mohali",1,11.1,Delhi Daredevils,Kings XI Punjab,JP Duminy,KP Pietersen,R Dhawan,0,0,,,,,,,,,
734039,2014,2014-05-25,"Punjab Cricket Association Stadium, Mohali",1,11.2,Delhi Daredevils,Kings XI Punjab,JP Duminy,KP Pietersen,R Dhawan,1,0,,,,,,,,,
734039,2014,2014-05-25,"Punjab Cricket Association Stadium, Mohali",1,11.3,Delhi Daredevils,Kings XI Punjab,KP Pietersen,JP Duminy,R Dhawan,1,0,,,,,,,,,
734039,2014,2014-05-25,"Punjab Cricket Association Stadium, Mohali",1,11.4,Delhi Daredevils,Kings XI Punjab,JP Duminy,KP Pietersen,R Dhawan,1,0,,,,,,,,,
734039,2014,2014-05-25,"Punjab Cricket Association Stadium, Mohali",1,11.5,Delhi Daredevils,Kings XI Punjab,KP Pietersen,JP Duminy,R Dhawan,1,0,,,,,,,,,
734039,2014,2014-05-25,"Punjab Cricket Association Stadium, Mohali",1,11.6,Delhi Daredevils,Kings XI Punjab,JP Duminy,KP Pietersen,R Dhawan,0,0,,,,,,,,,
734039,2014,2014-05-25,"Punjab Cricket Association Stadium, Mohali",1,12.1,Delhi Daredevils,Kings XI Punjab,KP Pietersen,JP Duminy,Karanveer Singh,1,0,,,,,,,,,
734039,2014,2014-05-25,"Punjab Cricket Association Stadium, Mohali",1,12.2,Delhi Daredevils,Kings XI Punjab,JP Duminy,KP Pietersen,Karanveer Singh,4,0,,,,,,,,,
734039,2014,2014-05-25,"Punjab Cricket Association Stadium, Mohali",1,12.3,Delhi Daredevils,Kings XI Punjab,JP Duminy,KP Pietersen,Karanveer Singh,0,0,,,,,,caught,JP Duminy,,
734039,2014,2014-05-25,"Punjab Cricket Association Stadium, Mohali",1,12.4,Delhi Daredevils,Kings XI Punjab,JDS Neesham,KP Pietersen,Karanveer Singh,0,0,,,,,,,,,
734039,2014,2014-05-25,"Punjab Cricket Association Stadium, Mohali",1,12.5,Delhi Daredevils,Kings XI Punjab,JDS Neesham,KP Pietersen,Karanveer Singh,0,0,,,,,,,,,
734039,2014,2014-05-25,"Punjab Cricket Association Stadium, Mohali",1,12.6,Delhi Daredevils,Kings XI Punjab,JDS Neesham,KP Pietersen,Karanveer Singh,1,0,,,,,,,,,
734039,2014,2014-05-25,"Punjab Cricket Association Stadium, Mohali",1,13.1,Delhi Daredevils,Kings XI Punjab,JDS Neesham,KP Pietersen,R Dhawan,0,0,,,,,,,,,
734039,2014,2014-05-25,"Punjab Cricket Association Stadium, Mohali",1,13.2,Delhi Daredevils,Kings XI Punjab,JDS Neesham,KP Pietersen,R Dhawan,0,0,,,,,,,,,
734039,2014,2014-05-25,"Punjab Cricket Association Stadium, Mohali",1,13.3,Delhi Daredevils,Kings XI Punjab,JDS Neesham,KP Pietersen,R Dhawan,1,0,,,,,,,,,
734039,2014,2014-05-25,"Punjab Cricket Association Stadium, Mohali",1,13.4,Delhi Daredevils,Kings XI Punjab,KP Pietersen,JDS Neesham,R Dhawan,0,0,,,,,,lbw,KP Pietersen,,
734039,2014,2014-05-25,"Punjab Cricket Association Stadium, Mohali",1,13.5,Delhi Daredevils,Kings XI Punjab,S Nadeem,JDS Neesham,R Dhawan,0,0,,,,,,,,,
734039,2014,2014-05-25,"Punjab Cricket Association Stadium, Mohali",1,13.6,Delhi Daredevils,Kings XI Punjab,S Nadeem,JDS Neesham,R Dhawan,0,5,5,,,,,,,,
734039,2014,2014-05-25,"Punjab Cricket Association Stadium, Mohali",1,13.7,Delhi Daredevils,Kings XI Punjab,S Nadeem,JDS Neesham,R Dhawan,0,0,,,,,,,,,
734039,2014,2014-05-25,"Punjab Cricket Association Stadium, Mohali",1,14.1,Delhi Daredevils,Kings XI Punjab,JDS Neesham,S Nadeem,MG Johnson,0,0,,,,,,,,,
734039,2014,2014-05-25,"Punjab Cricket Association Stadium, Mohali",1,14.2,Delhi Daredevils,Kings XI Punjab,JDS Neesham,S Nadeem,MG Johnson,4,0,,,,,,,,,
734039,2014,2014-05-25,"Punjab Cricket Association Stadium, Mohali",1,14.3,Delhi Daredevils,Kings XI Punjab,JDS Neesham,S Nadeem,MG Johnson,0,0,,,,,,,,,
734039,2014,2014-05-25,"Punjab Cricket Association Stadium, Mohali",1,14.4,Delhi Daredevils,Kings XI Punjab,JDS Neesham,S Nadeem,MG Johnson,1,0,,,,,,,,,
734039,2014,2014-05-25,"Punjab Cricket Association Stadium, Mohali",1,14.5,Delhi Daredevils,Kings XI Punjab,S Nadeem,JDS Neesham,MG Johnson,0,0,,,,,,,,,
734039,2014,2014-05-25,"Punjab Cricket Association Stadium, Mohali",1,14.6,Delhi Daredevils,Kings XI Punjab,S Nadeem,JDS Neesham,MG Johnson,0,0,,,,,,,,,
734039,2014,2014-05-25,"Punjab Cricket Association Stadium, Mohali",1,15.1,Delhi Daredevils,Kings XI Punjab,JDS Neesham,S Nadeem,AR Patel,0,0,,,,,,,,,
734039,2014,2014-05-25,"Punjab Cricket Association Stadium, Mohali",1,15.2,Delhi Daredevils,Kings XI Punjab,JDS Neesham,S Nadeem,AR Patel,0,0,,,,,,,,,
734039,2014,2014-05-25,"Punjab Cricket Association Stadium, Mohali",1,15.3,Delhi Daredevils,Kings XI Punjab,JDS Neesham,S Nadeem,AR Patel,2,0,,,,,,,,,
734039,2014,2014-05-25,"Punjab Cricket Association Stadium, Mohali",1,15.4,Delhi Daredevils,Kings XI Punjab,JDS Neesham,S Nadeem,AR Patel,1,0,,,,,,,,,
734039,2014,2014-05-25,"Punjab Cricket Association Stadium, Mohali",1,15.5,Delhi Daredevils,Kings XI Punjab,S Nadeem,JDS Neesham,AR Patel,1,0,,,,,,,,,
734039,2014,2014-05-25,"Punjab Cricket Association Stadium, Mohali",1,15.6,Delhi Daredevils,Kings XI Punjab,JDS Neesham,S Nadeem,AR Patel,0,0,,,,,,,,,
734039,2014,2014-05-25,"Punjab Cricket Association Stadium, Mohali",1,16.1,Delhi Daredevils,Kings XI Punjab,S Nadeem,JDS Neesham,Karanveer Singh,1,0,,,,,,,,,
734039,2014,2014-05-25,"Punjab Cricket Association Stadium, Mohali",1,16.2,Delhi Daredevils,Kings XI Punjab,JDS Neesham,S Nadeem,Karanveer Singh,0,0,,,,,,,,,
734039,2014,2014-05-25,"Punjab Cricket Association Stadium, Mohali",1,16.3,Delhi Daredevils,Kings XI Punjab,JDS Neesham,S Nadeem,Karanveer Singh,0,0,,,,,,,,,
734039,2014,2014-05-25,"Punjab Cricket Association Stadium, Mohali",1,16.4,Delhi Daredevils,Kings XI Punjab,JDS Neesham,S Nadeem,Karanveer Singh,2,0,,,,,,,,,
734039,2014,2014-05-25,"Punjab Cricket Association Stadium, Mohali",1,16.5,Delhi Daredevils,Kings XI Punjab,JDS Neesham,S Nadeem,Karanveer Singh,0,0,,,,,,,,,
734039,2014,2014-05-25,"Punjab Cricket Association Stadium, Mohali",1,16.6,Delhi Daredevils,Kings XI Punjab,JDS Neesham,S Nadeem,Karanveer Singh,0,0,,,,,,caught,JDS Neesham,,
734039,2014,2014-05-25,"Punjab Cricket Association Stadium, Mohali",1,17.1,Delhi Daredevils,Kings XI Punjab,S Nadeem,Mohammed Shami,AR Patel,1,0,,,,,,,,,
734039,2014,2014-05-25,"Punjab Cricket Association Stadium, Mohali",1,17.2,Delhi Daredevils,Kings XI Punjab,Mohammed Shami,S Nadeem,AR Patel,0,0,,,,,,bowled,Mohammed Shami,,
734039,2014,2014-05-25,"Punjab Cricket Association Stadium, Mohali",1,17.3,Delhi Daredevils,Kings XI Punjab,Imran Tahir,S Nadeem,AR Patel,0,0,,,,,,,,,
734039,2014,2014-05-25,"Punjab Cricket Association Stadium, Mohali",1,17.4,Delhi Daredevils,Kings XI Punjab,Imran Tahir,S Nadeem,AR Patel,0,0,,,,,,,,,
734039,2014,2014-05-25,"Punjab Cricket Association Stadium, Mohali",1,17.5,Delhi Daredevils,Kings XI Punjab,Imran Tahir,S Nadeem,AR Patel,4,0,,,,,,,,,
734039,2014,2014-05-25,"Punjab Cricket Association Stadium, Mohali",1,17.6,Delhi Daredevils,Kings XI Punjab,Imran Tahir,S Nadeem,AR Patel,0,0,,,,,,caught,Imran Tahir,,
734039,2014,2014-05-25,"Punjab Cricket Association Stadium, Mohali",1,18.1,Delhi Daredevils,Kings XI Punjab,JD Unadkat,S Nadeem,MG Johnson,0,0,,,,,,caught,JD Unadkat,,
734039,2014,2014-05-25,"Punjab Cricket Association Stadium, Mohali",2,0.1,Kings XI Punjab,Delhi Daredevils,V Sehwag,M Vohra,Mohammed Shami,1,0,,,,,,,,,
734039,2014,2014-05-25,"Punjab Cricket Association Stadium, Mohali",2,0.2,Kings XI Punjab,Delhi Daredevils,M Vohra,V Sehwag,Mohammed Shami,1,0,,,,,,,,,
734039,2014,2014-05-25,"Punjab Cricket Association Stadium, Mohali",2,0.3,Kings XI Punjab,Delhi Daredevils,V Sehwag,M Vohra,Mohammed Shami,0,0,,,,,,,,,
734039,2014,2014-05-25,"Punjab Cricket Association Stadium, Mohali",2,0.4,Kings XI Punjab,Delhi Daredevils,V Sehwag,M Vohra,Mohammed Shami,0,0,,,,,,,,,
734039,2014,2014-05-25,"Punjab Cricket Association Stadium, Mohali",2,0.5,Kings XI Punjab,Delhi Daredevils,V Sehwag,M Vohra,Mohammed Shami,4,0,,,,,,,,,
734039,2014,2014-05-25,"Punjab Cricket Association Stadium, Mohali",2,0.6,Kings XI Punjab,Delhi Daredevils,V Sehwag,M Vohra,Mohammed Shami,4,0,,,,,,,,,
734039,2014,2014-05-25,"Punjab Cricket Association Stadium, Mohali",2,1.1,Kings XI Punjab,Delhi Daredevils,M Vohra,V Sehwag,JD Unadkat,2,0,,,,,,,,,
734039,2014,2014-05-25,"Punjab Cricket Association Stadium, Mohali",2,1.2,Kings XI Punjab,Delhi Daredevils,M Vohra,V Sehwag,JD Unadkat,0,0,,,,,,,,,
734039,2014,2014-05-25,"Punjab Cricket Association Stadium, Mohali",2,1.3,Kings XI Punjab,Delhi Daredevils,M Vohra,V Sehwag,JD Unadkat,0,0,,,,,,,,,
734039,2014,2014-05-25,"Punjab Cricket Association Stadium, Mohali",2,1.4,Kings XI Punjab,Delhi Daredevils,M Vohra,V Sehwag,JD Unadkat,0,0,,,,,,,,,
734039,2014,2014-05-25,"Punjab Cricket Association Stadium, Mohali",2,1.5,Kings XI Punjab,Delhi Daredevils,M Vohra,V Sehwag,JD Unadkat,0,0,,,,,,,,,
734039,2014,2014-05-25,"Punjab Cricket Association Stadium, Mohali",2,1.6,Kings XI Punjab,Delhi Daredevils,M Vohra,V Sehwag,JD Unadkat,0,0,,,,,,,,,
734039,2014,2014-05-25,"Punjab Cricket Association Stadium, Mohali",2,2.1,Kings XI Punjab,Delhi Daredevils,V Sehwag,M Vohra,Mohammed Shami,0,1,1,,,,,,,,
734039,2014,2014-05-25,"Punjab Cricket Association Stadium, Mohali",2,2.2,Kings XI Punjab,Delhi Daredevils,V Sehwag,M Vohra,Mohammed Shami,0,0,,,,,,,,,
734039,2014,2014-05-25,"Punjab Cricket Association Stadium, Mohali",2,2.3,Kings XI Punjab,Delhi Daredevils,V Sehwag,M Vohra,Mohammed Shami,0,0,,,,,,caught,V Sehwag,,
734039,2014,2014-05-25,"Punjab Cricket Association Stadium, Mohali",2,2.4,Kings XI Punjab,Delhi Daredevils,GJ Maxwell,M Vohra,Mohammed Shami,0,1,,,,1,,,,,
734039,2014,2014-05-25,"Punjab Cricket Association Stadium, Mohali",2,2.5,Kings XI Punjab,Delhi Daredevils,M Vohra,GJ Maxwell,Mohammed Shami,0,0,,,,,,,,,
734039,2014,2014-05-25,"Punjab Cricket Association Stadium, Mohali",2,2.6,Kings XI Punjab,Delhi Daredevils,M Vohra,GJ Maxwell,Mohammed Shami,0,0,,,,,,,,,
734039,2014,2014-05-25,"Punjab Cricket Association Stadium, Mohali",2,2.7,Kings XI Punjab,Delhi Daredevils,M Vohra,GJ Maxwell,Mohammed Shami,2,0,,,,,,,,,
734039,2014,2014-05-25,"Punjab Cricket Association Stadium, Mohali",2,3.1,Kings XI Punjab,Delhi Daredevils,GJ Maxwell,M Vohra,JD Unadkat,0,0,,,,,,,,,
734039,2014,2014-05-25,"Punjab Cricket Association Stadium, Mohali",2,3.2,Kings XI Punjab,Delhi Daredevils,GJ Maxwell,M Vohra,JD Unadkat,0,0,,,,,,caught,GJ Maxwell,,
734039,2014,2014-05-25,"Punjab Cricket Association Stadium, Mohali",2,3.3,Kings XI Punjab,Delhi Daredevils,DA Miller,M Vohra,JD Unadkat,0,0,,,,,,,,,
734039,2014,2014-05-25,"Punjab Cricket Association Stadium, Mohali",2,3.4,Kings XI Punjab,Delhi Daredevils,DA Miller,M Vohra,JD Unadkat,0,0,,,,,,,,,
734039,2014,2014-05-25,"Punjab Cricket Association Stadium, Mohali",2,3.5,Kings XI Punjab,Delhi Daredevils,DA Miller,M Vohra,JD Unadkat,0,0,,,,,,,,,
734039,2014,2014-05-25,"Punjab Cricket Association Stadium, Mohali",2,3.6,Kings XI Punjab,Delhi Daredevils,DA Miller,M Vohra,JD Unadkat,1,0,,,,,,,,,
734039,2014,2014-05-25,"Punjab Cricket Association Stadium, Mohali",2,4.1,Kings XI Punjab,Delhi Daredevils,DA Miller,M Vohra,Mohammed Shami,0,0,,,,,,,,,
734039,2014,2014-05-25,"Punjab Cricket Association Stadium, Mohali",2,4.2,Kings XI Punjab,Delhi Daredevils,DA Miller,M Vohra,Mohammed Shami,1,0,,,,,,,,,
734039,2014,2014-05-25,"Punjab Cricket Association Stadium, Mohali",2,4.3,Kings XI Punjab,Delhi Daredevils,M Vohra,DA Miller,Mohammed Shami,1,0,,,,,,,,,
734039,2014,2014-05-25,"Punjab Cricket Association Stadium, Mohali",2,4.4,Kings XI Punjab,Delhi Daredevils,DA Miller,M Vohra,Mohammed Shami,0,1,1,,,,,,,,
734039,2014,2014-05-25,"Punjab Cricket Association Stadium, Mohali",2,4.5,Kings XI Punjab,Delhi Daredevils,DA Miller,M Vohra,Mohammed Shami,6,0,,,,,,,,,
734039,2014,2014-05-25,"Punjab Cricket Association Stadium, Mohali",2,4.6,Kings XI Punjab,Delhi Daredevils,DA Miller,M Vohra,Mohammed Shami,0,0,,,,,,,,,
734039,2014,2014-05-25,"Punjab Cricket Association Stadium, Mohali",2,4.7,Kings XI Punjab,Delhi Daredevils,DA Miller,M Vohra,Mohammed Shami,4,0,,,,,,,,,
734039,2014,2014-05-25,"Punjab Cricket Association Stadium, Mohali",2,5.1,Kings XI Punjab,Delhi Daredevils,M Vohra,DA Miller,JDS Neesham,0,0,,,,,,,,,
734039,2014,2014-05-25,"Punjab Cricket Association Stadium, Mohali",2,5.2,Kings XI Punjab,Delhi Daredevils,M Vohra,DA Miller,JDS Neesham,4,0,,,,,,,,,
734039,2014,2014-05-25,"Punjab Cricket Association Stadium, Mohali",2,5.3,Kings XI Punjab,Delhi Daredevils,M Vohra,DA Miller,JDS Neesham,0,0,,,,,,,,,
734039,2014,2014-05-25,"Punjab Cricket Association Stadium, Mohali",2,5.4,Kings XI Punjab,Delhi Daredevils,M Vohra,DA Miller,JDS Neesham,4,0,,,,,,,,,
734039,2014,2014-05-25,"Punjab Cricket Association Stadium, Mohali",2,5.5,Kings XI Punjab,Delhi Daredevils,M Vohra,DA Miller,JDS Neesham,0,4,,,,4,,,,,
734039,2014,2014-05-25,"Punjab Cricket Association Stadium, Mohali",2,5.6,Kings XI Punjab,Delhi Daredevils,M Vohra,DA Miller,JDS Neesham,6,0,,,,,,,,,
734039,2014,2014-05-25,"Punjab Cricket Association Stadium, Mohali",2,6.1,Kings XI Punjab,Delhi Daredevils,DA Miller,M Vohra,JP Duminy,0,0,,,,,,,,,
734039,2014,2014-05-25,"Punjab Cricket Association Stadium, Mohali",2,6.2,Kings XI Punjab,Delhi Daredevils,DA Miller,M Vohra,JP Duminy,1,0,,,,,,,,,
734039,2014,2014-05-25,"Punjab Cricket Association Stadium, Mohali",2,6.3,Kings XI Punjab,Delhi Daredevils,M Vohra,DA Miller,JP Duminy,4,0,,,,,,,,,
734039,2014,2014-05-25,"Punjab Cricket Association Stadium, Mohali",2,6.4,Kings XI Punjab,Delhi Daredevils,M Vohra,DA Miller,JP Duminy,0,0,,,,,,,,,
734039,2014,2014-05-25,"Punjab Cricket Association Stadium, Mohali",2,6.5,Kings XI Punjab,Delhi Daredevils,M Vohra,DA Miller,JP Duminy,1,0,,,,,,,,,
734039,2014,2014-05-25,"Punjab Cricket Association Stadium, Mohali",2,6.6,Kings XI Punjab,Delhi Daredevils,DA Miller,M Vohra,JP Duminy,0,5,5,,,,,,,,
734039,2014,2014-05-25,"Punjab Cricket Association Stadium, Mohali",2,6.7,Kings XI Punjab,Delhi Daredevils,DA Miller,M Vohra,JP Duminy,1,0,,,,,,,,,
734039,2014,2014-05-25,"Punjab Cricket Association Stadium, Mohali",2,7.1,Kings XI Punjab,Delhi Daredevils,DA Miller,M Vohra,Imran Tahir,1,0,,,,,,,,,
734039,2014,2014-05-25,"Punjab Cricket Association Stadium, Mohali",2,7.2,Kings XI Punjab,Delhi Daredevils,M Vohra,DA Miller,Imran Tahir,0,0,,,,,,,,,
734039,2014,2014-05-25,"Punjab Cricket Association Stadium, Mohali",2,7.3,Kings XI Punjab,Delhi Daredevils,M Vohra,DA Miller,Imran Tahir,0,0,,,,,,,,,
734039,2014,2014-05-25,"Punjab Cricket Association Stadium, Mohali",2,7.4,Kings XI Punjab,Delhi Daredevils,M Vohra,DA Miller,Imran Tahir,1,0,,,,,,,,,
734039,2014,2014-05-25,"Punjab Cricket Association Stadium, Mohali",2,7.5,Kings XI Punjab,Delhi Daredevils,DA Miller,M Vohra,Imran Tahir,4,0,,,,,,,,,
734039,2014,2014-05-25,"Punjab Cricket Association Stadium, Mohali",2,7.6,Kings XI Punjab,Delhi Daredevils,DA Miller,M Vohra,Imran Tahir,0,0,,,,,,,,,
734039,2014,2014-05-25,"Punjab Cricket Association Stadium, Mohali",2,8.1,Kings XI Punjab,Delhi Daredevils,M Vohra,DA Miller,JP Duminy,1,0,,,,,,,,,
734039,2014,2014-05-25,"Punjab Cricket Association Stadium, Mohali",2,8.2,Kings XI Punjab,Delhi Daredevils,DA Miller,M Vohra,JP Duminy,0,0,,,,,,,,,
734039,2014,2014-05-25,"Punjab Cricket Association Stadium, Mohali",2,8.3,Kings XI Punjab,Delhi Daredevils,DA Miller,M Vohra,JP Duminy,0,0,,,,,,,,,
734039,2014,2014-05-25,"Punjab Cricket Association Stadium, Mohali",2,8.4,Kings XI Punjab,Delhi Daredevils,DA Miller,M Vohra,JP Duminy,1,0,,,,,,,,,
734039,2014,2014-05-25,"Punjab Cricket Association Stadium, Mohali",2,8.5,Kings XI Punjab,Delhi Daredevils,M Vohra,DA Miller,JP Duminy,1,0,,,,,,,,,
734039,2014,2014-05-25,"Punjab Cricket Association Stadium, Mohali",2,8.6,Kings XI Punjab,Delhi Daredevils,DA Miller,M Vohra,JP Duminy,0,0,,,,,,,,,
734039,2014,2014-05-25,"Punjab Cricket Association Stadium, Mohali",2,9.1,Kings XI Punjab,Delhi Daredevils,M Vohra,DA Miller,Imran Tahir,1,0,,,,,,,,,
734039,2014,2014-05-25,"Punjab Cricket Association Stadium, Mohali",2,9.2,Kings XI Punjab,Delhi Daredevils,DA Miller,M Vohra,Imran Tahir,1,0,,,,,,,,,
734039,2014,2014-05-25,"Punjab Cricket Association Stadium, Mohali",2,9.3,Kings XI Punjab,Delhi Daredevils,M Vohra,DA Miller,Imran Tahir,1,0,,,,,,,,,
734039,2014,2014-05-25,"Punjab Cricket Association Stadium, Mohali",2,9.4,Kings XI Punjab,Delhi Daredevils,DA Miller,M Vohra,Imran Tahir,1,0,,,,,,,,,
734039,2014,2014-05-25,"Punjab Cricket Association Stadium, Mohali",2,9.5,Kings XI Punjab,Delhi Daredevils,M Vohra,DA Miller,Imran Tahir,0,0,,,,,,,,,
734039,2014,2014-05-25,"Punjab Cricket Association Stadium, Mohali",2,9.6,Kings XI Punjab,Delhi Daredevils,M Vohra,DA Miller,Imran Tahir,0,1,1,,,,,,,,
734039,2014,2014-05-25,"Punjab Cricket Association Stadium, Mohali",2,9.7,Kings XI Punjab,Delhi Daredevils,M Vohra,DA Miller,Imran Tahir,4,0,,,,,,,,,
734039,2014,2014-05-25,"Punjab Cricket Association Stadium, Mohali",2,10.1,Kings XI Punjab,Delhi Daredevils,DA Miller,M Vohra,S Nadeem,1,0,,,,,,,,,
734039,2014,2014-05-25,"Punjab Cricket Association Stadium, Mohali",2,10.2,Kings XI Punjab,Delhi Daredevils,M Vohra,DA Miller,S Nadeem,6,0,,,,,,,,,
734039,2014,2014-05-25,"Punjab Cricket Association Stadium, Mohali",2,10.3,Kings XI Punjab,Delhi Daredevils,M Vohra,DA Miller,S Nadeem,1,0,,,,,,,,,
734039,2014,2014-05-25,"Punjab Cricket Association Stadium, Mohali",2,10.4,Kings XI Punjab,Delhi Daredevils,DA Miller,M Vohra,S Nadeem,2,0,,,,,,,,,
734039,2014,2014-05-25,"Punjab Cricket Association Stadium, Mohali",2,10.5,Kings XI Punjab,Delhi Daredevils,DA Miller,M Vohra,S Nadeem,1,0,,,,,,,,,
734039,2014,2014-05-25,"Punjab Cricket Association Stadium, Mohali",2,10.6,Kings XI Punjab,Delhi Daredevils,M Vohra,DA Miller,S Nadeem,0,1,1,,,,,,,,
734039,2014,2014-05-25,"Punjab Cricket Association Stadium, Mohali",2,10.7,Kings XI Punjab,Delhi Daredevils,M Vohra,DA Miller,S Nadeem,2,0,,,,,,,,,
734039,2014,2014-05-25,"Punjab Cricket Association Stadium, Mohali",2,11.1,Kings XI Punjab,Delhi Daredevils,DA Miller,M Vohra,Imran Tahir,2,0,,,,,,,,,
734039,2014,2014-05-25,"Punjab Cricket Association Stadium, Mohali",2,11.2,Kings XI Punjab,Delhi Daredevils,DA Miller,M Vohra,Imran Tahir,1,0,,,,,,,,,
734039,2014,2014-05-25,"Punjab Cricket Association Stadium, Mohali",2,11.3,Kings XI Punjab,Delhi Daredevils,M Vohra,DA Miller,Imran Tahir,0,0,,,,,,,,,
734039,2014,2014-05-25,"Punjab Cricket Association Stadium, Mohali",2,11.4,Kings XI Punjab,Delhi Daredevils,M Vohra,DA Miller,Imran Tahir,1,0,,,,,,,,,
734039,2014,2014-05-25,"Punjab Cricket Association Stadium, Mohali",2,11.5,Kings XI Punjab,Delhi Daredevils,DA Miller,M Vohra,Imran Tahir,0,0,,,,,,,,,
734039,2014,2014-05-25,"Punjab Cricket Association Stadium, Mohali",2,11.6,Kings XI Punjab,Delhi Daredevils,DA Miller,M Vohra,Imran Tahir,0,1,1,,,,,,,,
734039,2014,2014-05-25,"Punjab Cricket Association Stadium, Mohali",2,11.7,Kings XI Punjab,Delhi Daredevils,DA Miller,M Vohra,Imran Tahir,4,0,,,,,,,,,
734039,2014,2014-05-25,"Punjab Cricket Association Stadium, Mohali",2,12.1,Kings XI Punjab,Delhi Daredevils,M Vohra,DA Miller,S Nadeem,0,0,,,,,,,,,
734039,2014,2014-05-25,"Punjab Cricket Association Stadium, Mohali",2,12.2,Kings XI Punjab,Delhi Daredevils,M Vohra,DA Miller,S Nadeem,0,0,,,,,,,,,
734039,2014,2014-05-25,"Punjab Cricket Association Stadium, Mohali",2,12.3,Kings XI Punjab,Delhi Daredevils,M Vohra,DA Miller,S Nadeem,3,0,,,,,,,,,
734039,2014,2014-05-25,"Punjab Cricket Association Stadium, Mohali",2,12.4,Kings XI Punjab,Delhi Daredevils,DA Miller,M Vohra,S Nadeem,2,0,,,,,,,,,
734039,2014,2014-05-25,"Punjab Cricket Association Stadium, Mohali",2,12.5,Kings XI Punjab,Delhi Daredevils,DA Miller,M Vohra,S Nadeem,4,0,,,,,,,,,
734039,2014,2014-05-25,"Punjab Cricket Association Stadium, Mohali",2,12.6,Kings XI Punjab,Delhi Daredevils,DA Miller,M Vohra,S Nadeem,1,0,,,,,,,,,
734039,2014,2014-05-25,"Punjab Cricket Association Stadium, Mohali",2,13.1,Kings XI Punjab,Delhi Daredevils,DA Miller,M Vohra,Imran Tahir,1,0,,,,,,,,,
734039,2014,2014-05-25,"Punjab Cricket Association Stadium, Mohali",2,13.2,Kings XI Punjab,Delhi Daredevils,M Vohra,DA Miller,Imran Tahir,0,0,,,,,,bowled,M Vohra,,
734039,2014,2014-05-25,"Punjab Cricket Association Stadium, Mohali",2,13.3,Kings XI Punjab,Delhi Daredevils,GJ Bailey,DA Miller,Imran Tahir,1,0,,,,,,,,,
734039,2014,2014-05-25,"Punjab Cricket Association Stadium, Mohali",2,13.4,Kings XI Punjab,Delhi Daredevils,DA Miller,GJ Bailey,Imran Tahir,0,0,,,,,,,,,
734039,2014,2014-05-25,"Punjab Cricket Association Stadium, Mohali",2,13.5,Kings XI Punjab,Delhi Daredevils,DA Miller,GJ Bailey,Imran Tahir,6,0,,,,,,,,,
