match_id,season,start_date,venue,innings,ball,batting_team,bowling_team,striker,non_striker,bowler,runs_off_bat,extras,wides,noballs,byes,legbyes,penalty,wicket_type,player_dismissed,other_wicket_type,other_player_dismissed
829771,2015,2015-05-02,M Chinnaswamy Stadium,1,0.1,Kolkata Knight Riders,Royal Challengers Bangalore,RV Uthappa,G Gambhir,MA Starc,0,0,,,,,,,,,
829771,2015,2015-05-02,M Chinnaswamy Stadium,1,0.2,Kolkata Knight Riders,Royal Challengers Bangalore,RV Uthappa,G Gambhir,MA Starc,0,0,,,,,,,,,
829771,2015,2015-05-02,M Chinnaswamy Stadium,1,0.3,Kolkata Knight Riders,Royal Challengers Bangalore,RV Uthappa,G Gambhir,MA Starc,0,1,1,,,,,,,,
829771,2015,2015-05-02,M Chinnaswamy Stadium,1,0.4,Kolkata Knight Riders,Royal Challengers Bangalore,RV Uthappa,G Gambhir,MA Starc,1,0,,,,,,,,,
829771,2015,2015-05-02,M Chinnaswamy Stadium,1,0.5,Kolkata Knight Riders,Royal Challengers Bangalore,G Gambhir,RV Uthappa,MA Starc,0,1,1,,,,,,,,
829771,2015,2015-05-02,M Chinnaswamy Stadium,1,0.6,Kolkata Knight Riders,Royal Challengers Bangalore,G Gambhir,RV Uthappa,MA Starc,4,0,,,,,,,,,
829771,2015,2015-05-02,M Chinnaswamy Stadium,1,0.7,Kolkata Knight Riders,Royal Challengers Bangalore,G Gambhir,RV Uthappa,MA Starc,1,0,,,,,,,,,
829771,2015,2015-05-02,M Chinnaswamy Stadium,1,0.8,Kolkata Knight Riders,Royal Challengers Bangalore,RV Uthappa,G Gambhir,MA Starc,0,0,,,,,,,,,
829771,2015,2015-05-02,M Chinnaswamy Stadium,1,1.1,Kolkata Knight Riders,Royal Challengers Bangalore,G Gambhir,RV Uthappa,VR Aaron,1,0,,,,,,,,,
829771,2015,2015-05-02,M Chinnaswamy Stadium,1,1.2,Kolkata Knight Riders,Royal Challengers Bangalore,RV Uthappa,G Gambhir,VR Aaron,2,0,,,,,,,,,
829771,2015,2015-05-02,M Chinnaswamy Stadium,1,1.3,Kolkata Knight Riders,Royal Challengers Bangalore,RV Uthappa,G Gambhir,VR Aaron,0,0,,,,,,,,,
829771,2015,2015-05-02,M Chinnaswamy Stadium,1,1.4,Kolkata Knight Riders,Royal Challengers Bangalore,RV Uthappa,G Gambhir,VR Aaron,4,0,,,,,,,,,
829771,2015,2015-05-02,M Chinnaswamy Stadium,1,1.5,Kolkata Knight Riders,Royal Challengers Bangalore,RV Uthappa,G Gambhir,VR Aaron,4,0,,,,,,,,,
829771,2015,2015-05-02,M Chinnaswamy Stadium,1,1.6,Kolkata Knight Riders,Royal Challengers Bangalore,RV Uthappa,G Gambhir,VR Aaron,1,0,,,,,,,,,
829771,2015,2015-05-02,M Chinnaswamy Stadium,1,2.1,Kolkata Knight Riders,Royal Challengers Bangalore,RV Uthappa,G Gambhir,HV Patel,0,1,,,,1,,,,,
829771,2015,2015-05-02,M Chinnaswamy Stadium,1,2.2,Kolkata Knight Riders,Royal Challengers Bangalore,G Gambhir,RV Uthappa,HV Patel,0,1,1,,,,,,,,
829771,2015,2015-05-02,M Chinnaswamy Stadium,1,2.3,Kolkata Knight Riders,Royal Challengers Bangalore,G Gambhir,RV Uthappa,HV Patel,1,0,,,,,,,,,
829771,2015,2015-05-02,M Chinnaswamy Stadium,1,2.4,Kolkata Knight Riders,Royal Challengers Bangalore,RV Uthappa,G Gambhir,HV Patel,0,0,,,,,,,,,
829771,2015,2015-05-02,M Chinnaswamy Stadium,1,2.5,Kolkata Knight Riders,Royal Challengers Bangalore,RV Uthappa,G Gambhir,HV Patel,0,0,,,,,,,,,
829771,2015,2015-05-02,M Chinnaswamy Stadium,1,2.6,Kolkata Knight Riders,Royal Challengers Bangalore,RV Uthappa,G Gambhir,HV Patel,0,0,,,,,,,,,
829771,2015,2015-05-02,M Chinnaswamy Stadium,1,2.7,Kolkata Knight Riders,Royal Challengers Bangalore,RV Uthappa,G Gambhir,HV Patel,4,0,,,,,,,,,
829771,2015,2015-05-02,M Chinnaswamy Stadium,1,3.1,Kolkata Knight Riders,Royal Challengers Bangalore,G Gambhir,RV Uthappa,D Wiese,1,0,,,,,,,,,
829771,2015,2015-05-02,M Chinnaswamy Stadium,1,3.2,Kolkata Knight Riders,Royal Challengers Bangalore,RV Uthappa,G Gambhir,D Wiese,1,0,,,,,,,,,
829771,2015,2015-05-02,M Chinnaswamy Stadium,1,3.3,Kolkata Knight Riders,Royal Challengers Bangalore,G Gambhir,RV Uthappa,D Wiese,4,0,,,,,,,,,
829771,2015,2015-05-02,M Chinnaswamy Stadium,1,3.4,Kolkata Knight Riders,Royal Challengers Bangalore,G Gambhir,RV Uthappa,D Wiese,0,0,,,,,,,,,
829771,2015,2015-05-02,M Chinnaswamy Stadium,1,3.5,Kolkata Knight Riders,Royal Challengers Bangalore,G Gambhir,RV Uthappa,D Wiese,0,0,,,,,,caught,G Gambhir,,
829771,2015,2015-05-02,M Chinnaswamy Stadium,1,3.6,Kolkata Knight Riders,Royal Challengers Bangalore,AD Russell,RV Uthappa,D Wiese,1,0,,,,,,,,,
829771,2015,2015-05-02,M Chinnaswamy Stadium,1,4.1,Kolkata Knight Riders,Royal Challengers Bangalore,AD Russell,RV Uthappa,YS Chahal,1,0,,,,,,,,,
829771,2015,2015-05-02,M Chinnaswamy Stadium,1,4.2,Kolkata Knight Riders,Royal Challengers Bangalore,RV Uthappa,AD Russell,YS Chahal,2,0,,,,,,,,,
829771,2015,2015-05-02,M Chinnaswamy Stadium,1,4.3,Kolkata Knight Riders,Royal Challengers Bangalore,RV Uthappa,AD Russell,YS Chahal,1,0,,,,,,,,,
829771,2015,2015-05-02,M Chinnaswamy Stadium,1,4.4,Kolkata Knight Riders,Royal Challengers Bangalore,AD Russell,RV Uthappa,YS Chahal,1,0,,,,,,,,,
829771,2015,2015-05-02,M Chinnaswamy Stadium,1,4.5,Kolkata Knight Riders,Royal Challengers Bangalore,RV Uthappa,AD Russell,YS Chahal,1,0,,,,,,,,,
829771,2015,2015-05-02,M Chinnaswamy Stadium,1,4.6,Kolkata Knight Riders,Royal Challengers Bangalore,AD Russell,RV Uthappa,YS Chahal,4,0,,,,,,,,,
829771,2015,2015-05-02,M Chinnaswamy Stadium,1,5.1,Kolkata Knight Riders,Royal Challengers Bangalore,RV Uthappa,AD Russell,VR Aaron,1,0,,,,,,,,,
829771,2015,2015-05-02,M Chinnaswamy Stadium,1,5.2,Kolkata Knight Riders,Royal Challengers Bangalore,AD Russell,RV Uthappa,VR Aaron,6,0,,,,,,,,,
829771,2015,2015-05-02,M Chinnaswamy Stadium,1,5.3,Kolkata Knight Riders,Royal Challengers Bangalore,AD Russell,RV Uthappa,VR Aaron,0,0,,,,,,,,,
829771,2015,2015-05-02,M Chinnaswamy Stadium,1,5.4,Kolkata Knight Riders,Royal Challengers Bangalore,AD Russell,RV Uthappa,VR Aaron,0,0,,,,,,,,,
829771,2015,2015-05-02,M Chinnaswamy Stadium,1,5.5,Kolkata Knight Riders,Royal Challengers Bangalore,AD Russell,RV Uthappa,VR Aaron,4,0,,,,,,,,,
829771,2015,2015-05-02,M Chinnaswamy Stadium,1,5.6,Kolkata Knight Riders,Royal Challengers Bangalore,AD Russell,RV Uthappa,VR Aaron,6,0,,,,,,,,,
829771,2015,2015-05-02,M Chinnaswamy Stadium,1,6.1,Kolkata Knight Riders,Royal Challengers Bangalore,RV Uthappa,AD Russell,YS Chahal,1,0,,,,,,,,,
829771,2015,2015-05-02,M Chinnaswamy Stadium,1,6.2,Kolkata Knight Riders,Royal Challengers Bangalore,AD Russell,RV Uthappa,YS Chahal,4,0,,,,,,,,,
829771,2015,2015-05-02,M Chinnaswamy Stadium,1,6.3,Kolkata Knight Riders,Royal Challengers Bangalore,AD Russell,RV Uthappa,YS Chahal,4,0,,,,,,,,,
829771,2015,2015-05-02,M Chinnaswamy Stadium,1,6.4,Kolkata Knight Riders,Royal Challengers Bangalore,AD Russell,RV Uthappa,YS Chahal,1,0,,,,,,,,,
829771,2015,2015-05-02,M Chinnaswamy Stadium,1,6.5,Kolkata Knight Riders,Royal Challengers Bangalore,RV Uthappa,AD Russell,YS Chahal,0,0,,,,,,caught,RV Uthappa,,
829771,2015,2015-05-02,M Chinnaswamy Stadium,1,6.6,Kolkata Knight Riders,Royal Challengers Bangalore,AD Russell,RN ten Doeschate,YS Chahal,2,0,,,,,,,,,
829771,2015,2015-05-02,M Chinnaswamy Stadium,1,7.1,Kolkata Knight Riders,Royal Challengers Bangalore,RN ten Doeschate,AD Russell,D Wiese,1,0,,,,,,,,,
829771,2015,2015-05-02,M Chinnaswamy Stadium,1,7.2,Kolkata Knight Riders,Royal Challengers Bangalore,AD Russell,RN ten Doeschate,D Wiese,4,0,,,,,,,,,
829771,2015,2015-05-02,M Chinnaswamy Stadium,1,7.3,Kolkata Knight Riders,Royal Challengers Bangalore,AD Russell,RN ten Doeschate,D Wiese,1,0,,,,,,,,,
829771,2015,2015-05-02,M Chinnaswamy Stadium,1,7.4,Kolkata Knight Riders,Royal Challengers Bangalore,RN ten Doeschate,AD Russell,D Wiese,1,0,,,,,,,,,
829771,2015,2015-05-02,M Chinnaswamy Stadium,1,7.5,Kolkata Knight Riders,Royal Challengers Bangalore,AD Russell,RN ten Doeschate,D Wiese,0,0,,,,,,,,,
829771,2015,2015-05-02,M Chinnaswamy Stadium,1,7.6,Kolkata Knight Riders,Royal Challengers Bangalore,AD Russell,RN ten Doeschate,D Wiese,6,0,,,,,,,,,
829771,2015,2015-05-02,M Chinnaswamy Stadium,1,8.1,Kolkata Knight Riders,Royal Challengers Bangalore,RN ten Doeschate,AD Russell,HV Patel,6,0,,,,,,,,,
829771,2015,2015-05-02,M Chinnaswamy Stadium,1,8.2,Kolkata Knight Riders,Royal Challengers Bangalore,RN ten Doeschate,AD Russell,HV Patel,0,0,,,,,,,,,
829771,2015,2015-05-02,M Chinnaswamy Stadium,1,8.3,Kolkata Knight Riders,Royal Challengers Bangalore,RN ten Doeschate,AD Russell,HV Patel,4,0,,,,,,,,,
829771,2015,2015-05-02,M Chinnaswamy Stadium,1,8.4,Kolkata Knight Riders,Royal Challengers Bangalore,RN ten Doeschate,AD Russell,HV Patel,0,0,,,,,,run out,AD Russell,,
829771,2015,2015-05-02,M Chinnaswamy Stadium,1,8.5,Kolkata Knight Riders,Royal Challengers Bangalore,YK Pathan,RN ten Doeschate,HV Patel,0,0,,,,,,,,,
829771,2015,2015-05-02,M Chinnaswamy Stadium,1,8.6,Kolkata Knight Riders,Royal Challengers Bangalore,YK Pathan,RN ten Doeschate,HV Patel,6,0,,,,,,,,,
829771,2015,2015-05-02,M Chinnaswamy Stadium,1,9.1,Kolkata Knight Riders,Royal Challengers Bangalore,RN ten Doeschate,YK Pathan,MA Starc,0,0,,,,,,caught,RN ten Doeschate,,
829771,2015,2015-05-02,M Chinnaswamy Stadium,1,9.2,Kolkata Knight Riders,Royal Challengers Bangalore,YK Pathan,SA Yadav,MA Starc,1,0,,,,,,,,,
829771,2015,2015-05-02,M Chinnaswamy Stadium,1,9.3,Kolkata Knight Riders,Royal Challengers Bangalore,SA Yadav,YK Pathan,MA Starc,0,1,,,,1,,,,,
829771,2015,2015-05-02,M Chinnaswamy Stadium,1,9.4,Kolkata Knight Riders,Royal Challengers Bangalore,YK Pathan,SA Yadav,MA Starc,2,1,,1,,,,,,,
829771,2015,2015-05-02,M Chinnaswamy Stadium,1,9.5,Kolkata Knight Riders,Royal Challengers Bangalore,YK Pathan,SA Yadav,MA Starc,1,0,,,,,,,,,
829771,2015,2015-05-02,M Chinnaswamy Stadium,1,9.6,Kolkata Knight Riders,Royal Challengers Bangalore,SA Yadav,YK Pathan,MA Starc,0,1,,,,1,,,,,
829771,2015,2015-05-02,M Chinnaswamy Stadium,1,9.7,Kolkata Knight Riders,Royal Challengers Bangalore,YK Pathan,SA Yadav,MA Starc,0,1,1,,,,,,,,
829771,2015,2015-05-02,M Chinnaswamy Stadium,1,9.8,Kolkata Knight Riders,Royal Challengers Bangalore,YK Pathan,SA Yadav,MA Starc,1,0,,,,,,,,,
829771,2015,2015-05-02,M Chinnaswamy Stadium,2,0.1,Royal Challengers Bangalore,Kolkata Knight Riders,CH Gayle,V Kohli,PJ Cummins,0,1,1,,,,,,,,
829771,2015,2015-05-02,M Chinnaswamy Stadium,2,0.2,Royal Challengers Bangalore,Kolkata Knight Riders,CH Gayle,V Kohli,PJ Cummins,0,1,1,,,,,,,,
829771,2015,2015-05-02,M Chinnaswamy Stadium,2,0.3,Royal Challengers Bangalore,Kolkata Knight Riders,CH Gayle,V Kohli,PJ Cummins,1,0,,,,,,,,,
829771,2015,2015-05-02,M Chinnaswamy Stadium,2,0.4,Royal Challengers Bangalore,Kolkata Knight Riders,V Kohli,CH Gayle,PJ Cummins,0,0,,,,,,,,,
829771,2015,2015-05-02,M Chinnaswamy Stadium,2,0.5,Royal Challengers Bangalore,Kolkata Knight Riders,V Kohli,CH Gayle,PJ Cummins,0,0,,,,,,,,,
829771,2015,2015-05-02,M Chinnaswamy Stadium,2,0.6,Royal Challengers Bangalore,Kolkata Knight Riders,V Kohli,CH Gayle,PJ Cummins,0,0,,,,,,,,,
829771,2015,2015-05-02,M Chinnaswamy Stadium,2,0.7,Royal Challengers Bangalore,Kolkata Knight Riders,V Kohli,CH Gayle,PJ Cummins,0,0,,,,,,,,,
829771,2015,2015-05-02,M Chinnaswamy Stadium,2,0.8,Royal Challengers Bangalore,Kolkata Knight Riders,V Kohli,CH Gayle,PJ Cummins,1,0,,,,,,,,,
829771,2015,2015-05-02,M Chinnaswamy Stadium,2,1.1,Royal Challengers Bangalore,Kolkata Knight Riders,V Kohli,CH Gayle,UT Yadav,6,0,,,,,,,,,
829771,2015,2015-05-02,M Chinnaswamy Stadium,2,1.2,Royal Challengers Bangalore,Kolkata Knight Riders,V Kohli,CH Gayle,UT Yadav,4,0,,,,,,,,,
829771,2015,2015-05-02,M Chinnaswamy Stadium,2,1.3,Royal Challengers Bangalore,Kolkata Knight Riders,V Kohli,CH Gayle,UT Yadav,0,0,,,,,,,,,
829771,2015,2015-05-02,M Chinnaswamy Stadium,2,1.4,Royal Challengers Bangalore,Kolkata Knight Riders,V Kohli,CH Gayle,UT Yadav,0,0,,,,,,,,,
829771,2015,2015-05-02,M Chinnaswamy Stadium,2,1.5,Royal Challengers Bangalore,Kolkata Knight Riders,V Kohli,CH Gayle,UT Yadav,1,0,,,,,,,,,
829771,2015,2015-05-02,M Chinnaswamy Stadium,2,1.6,Royal Challengers Bangalore,Kolkata Knight Riders,CH Gayle,V Kohli,UT Yadav,0,1,1,,,,,,,,
829771,2015,2015-05-02,M Chinnaswamy Stadium,2,1.7,Royal Challengers Bangalore,Kolkata Knight Riders,CH Gayle,V Kohli,UT Yadav,6,0,,,,,,,,,
829771,2015,2015-05-02,M Chinnaswamy Stadium,2,2.1,Royal Challengers Bangalore,Kolkata Knight Riders,V Kohli,CH Gayle,PJ Cummins,4,0,,,,,,,,,
829771,2015,2015-05-02,M Chinnaswamy Stadium,2,2.2,Royal Challengers Bangalore,Kolkata Knight Riders,V Kohli,CH Gayle,PJ Cummins,1,0,,,,,,,,,
829771,2015,2015-05-02,M Chinnaswamy Stadium,2,2.3,Royal Challengers Bangalore,Kolkata Knight Riders,CH Gayle,V Kohli,PJ Cummins,1,0,,,,,,,,,
829771,2015,2015-05-02,M Chinnaswamy Stadium,2,2.4,Royal Challengers Bangalore,Kolkata Knight Riders,V Kohli,CH Gayle,PJ Cummins,6,0,,,,,,,,,
829771,2015,2015-05-02,M Chinnaswamy Stadium,2,2.5,Royal Challengers Bangalore,Kolkata Knight Riders,V Kohli,CH Gayle,PJ Cummins,1,0,,,,,,,,,
829771,2015,2015-05-02,M Chinnaswamy Stadium,2,2.6,Royal Challengers Bangalore,Kolkata Knight Riders,CH Gayle,V Kohli,PJ Cummins,1,0,,,,,,,,,
829771,2015,2015-05-02,M Chinnaswamy Stadium,2,3.1,Royal Challengers Bangalore,Kolkata Knight Riders,CH Gayle,V Kohli,GB Hogg,6,0,,,,,,,,,
829771,2015,2015-05-02,M Chinnaswamy Stadium,2,3.2,Royal Challengers Bangalore,Kolkata Knight Riders,CH Gayle,V Kohli,GB Hogg,0,0,,,,,,,,,
829771,2015,2015-05-02,M Chinnaswamy Stadium,2,3.3,Royal Challengers Bangalore,Kolkata Knight Riders,CH Gayle,V Kohli,GB Hogg,6,0,,,,,,,,,
829771,2015,2015-05-02,M Chinnaswamy Stadium,2,3.4,Royal Challengers Bangalore,Kolkata Knight Riders,CH Gayle,V Kohli,GB Hogg,0,0,,,,,,,,,
829771,2015,2015-05-02,M Chinnaswamy Stadium,2,3.5,Royal Challengers Bangalore,Kolkata Knight Riders,CH Gayle,V Kohli,GB Hogg,0,0,,,,,,caught,CH Gayle,,
829771,2015,2015-05-02,M Chinnaswamy Stadium,2,3.6,Royal Challengers Bangalore,Kolkata Knight Riders,AB de Villiers,V Kohli,GB Hogg,1,0,,,,,,,,,
829771,2015,2015-05-02,M Chinnaswamy Stadium,2,4.1,Royal Challengers Bangalore,Kolkata Knight Riders,AB de Villiers,V Kohli,PP Chawla,0,0,,,,,,,,,
829771,2015,2015-05-02,M Chinnaswamy Stadium,2,4.2,Royal Challengers Bangalore,Kolkata Knight Riders,AB de Villiers,V Kohli,PP Chawla,1,0,,,,,,,,,
829771,2015,2015-05-02,M Chinnaswamy Stadium,2,4.3,Royal Challengers Bangalore,Kolkata Knight Riders,V Kohli,AB de Villiers,PP Chawla,1,0,,,,,,,,,
829771,2015,2015-05-02,M Chinnaswamy Stadium,2,4.4,Royal Challengers Bangalore,Kolkata Knight Riders,AB de Villiers,V Kohli,PP Chawla,0,0,,,,,,bowled,AB de Villiers,,
829771,2015,2015-05-02,M Chinnaswamy Stadium,2,4.5,Royal Challengers Bangalore,Kolkata Knight Riders,Mandeep Singh,V Kohli,PP Chawla,0,0,,,,,,,,,
829771,2015,2015-05-02,M Chinnaswamy Stadium,2,4.6,Royal Challengers Bangalore,Kolkata Knight Riders,Mandeep Singh,V Kohli,PP Chawla,1,0,,,,,,,,,
829771,2015,2015-05-02,M Chinnaswamy Stadium,2,5.1,Royal Challengers Bangalore,Kolkata Knight Riders,Mandeep Singh,V Kohli,GB Hogg,1,0,,,,,,,,,
829771,2015,2015-05-02,M Chinnaswamy Stadium,2,5.2,Royal Challengers Bangalore,Kolkata Knight Riders,V Kohli,Mandeep Singh,GB Hogg,1,0,,,,,,,,,
829771,2015,2015-05-02,M Chinnaswamy Stadium,2,5.3,Royal Challengers Bangalore,Kolkata Knight Riders,Mandeep Singh,V Kohli,GB Hogg,1,0,,,,,,,,,
829771,2015,2015-05-02,M Chinnaswamy Stadium,2,5.4,Royal Challengers Bangalore,Kolkata Knight Riders,V Kohli,Mandeep Singh,GB Hogg,1,0,,,,,,,,,
829771,2015,2015-05-02,M Chinnaswamy Stadium,2,5.5,Royal Challengers Bangalore,Kolkata Knight Riders,Mandeep Singh,V Kohli,GB Hogg,0,0,,,,,,,,,
829771,2015,2015-05-02,M Chinnaswamy Stadium,2,5.6,Royal Challengers Bangalore,Kolkata Knight Riders,Mandeep Singh,V Kohli,GB Hogg,6,0,,,,,,,,,
829771,2015,2015-05-02,M Chinnaswamy Stadium,2,6.1,Royal Challengers Bangalore,Kolkata Knight Riders,V Kohli,Mandeep Singh,PP Chawla,1,0,,,,,,,,,
829771,2015,2015-05-02,M Chinnaswamy Stadium,2,6.2,Royal Challengers Bangalore,Kolkata Knight Riders,Mandeep Singh,V Kohli,PP Chawla,4,0,,,,,,,,,
829771,2015,2015-05-02,M Chinnaswamy Stadium,2,6.3,Royal Challengers Bangalore,Kolkata Knight Riders,Mandeep Singh,V Kohli,PP Chawla,2,0,,,,,,,,,
829771,2015,2015-05-02,M Chinnaswamy Stadium,2,6.4,Royal Challengers Bangalore,Kolkata Knight Riders,Mandeep Singh,V Kohli,PP Chawla,4,0,,,,,,,,,
829771,2015,2015-05-02,M Chinnaswamy Stadium,2,6.5,Royal Challengers Bangalore,Kolkata Knight Riders,Mandeep Singh,V Kohli,PP Chawla,1,0,,,,,,,,,
829771,2015,2015-05-02,M Chinnaswamy Stadium,2,6.6,Royal Challengers Bangalore,Kolkata Knight Riders,V Kohli,Mandeep Singh,PP Chawla,6,0,,,,,,,,,
829771,2015,2015-05-02,M Chinnaswamy Stadium,2,7.1,Royal Challengers Bangalore,Kolkata Knight Riders,Mandeep Singh,V Kohli,AD Russell,1,0,,,,,,,,,
829771,2015,2015-05-02,M Chinnaswamy Stadium,2,7.2,Royal Challengers Bangalore,Kolkata Knight Riders,V Kohli,Mandeep Singh,AD Russell,0,0,,,,,,caught,V Kohli,,
829771,2015,2015-05-02,M Chinnaswamy Stadium,2,7.3,Royal Challengers Bangalore,Kolkata Knight Riders,D Wiese,Mandeep Singh,AD Russell,0,1,1,,,,,,,,
829771,2015,2015-05-02,M Chinnaswamy Stadium,2,7.4,Royal Challengers Bangalore,Kolkata Knight Riders,D Wiese,Mandeep Singh,AD Russell,1,0,,,,,,,,,
829771,2015,2015-05-02,M Chinnaswamy Stadium,2,7.5,Royal Challengers Bangalore,Kolkata Knight Riders,Mandeep Singh,D Wiese,AD Russell,1,0,,,,,,,,,
829771,2015,2015-05-02,M Chinnaswamy Stadium,2,7.6,Royal Challengers Bangalore,Kolkata Knight Riders,D Wiese,Mandeep Singh,AD Russell,2,0,,,,,,,,,
829771,2015,2015-05-02,M Chinnaswamy Stadium,2,7.7,Royal Challengers Bangalore,Kolkata Knight Riders,D Wiese,Mandeep Singh,AD Russell,1,0,,,,,,,,,
829771,2015,2015-05-02,M Chinnaswamy Stadium,2,8.1,Royal Challengers Bangalore,Kolkata Knight Riders,D Wiese,Mandeep Singh,UT Yadav,2,0,,,,,,,,,
829771,2015,2015-05-02,M Chinnaswamy Stadium,2,8.2,Royal Challengers Bangalore,Kolkata Knight Riders,D Wiese,Mandeep Singh,UT Yadav,1,0,,,,,,,,,
829771,2015,2015-05-02,M Chinnaswamy Stadium,2,8.3,Royal Challengers Bangalore,Kolkata Knight Riders,Mandeep Singh,D Wiese,UT Yadav,1,0,,,,,,,,,
829771,2015,2015-05-02,M Chinnaswamy Stadium,2,8.4,Royal Challengers Bangalore,Kolkata Knight Riders,D Wiese,Mandeep Singh,UT Yadav,1,0,,,,,,,,,
829771,2015,2015-05-02,M Chinnaswamy Stadium,2,8.5,Royal Challengers Bangalore,Kolkata Knight Riders,Mandeep Singh,D Wiese,UT Yadav,4,0,,,,,,,,,
829771,2015,2015-05-02,M Chinnaswamy Stadium,2,8.6,Royal Challengers Bangalore,Kolkata Knight Riders,Mandeep Singh,D Wiese,UT Yadav,4,0,,,,,,,,,
829771,2015,2015-05-02,M Chinnaswamy Stadium,2,9.1,Royal Challengers Bangalore,Kolkata Knight Riders,D Wiese,Mandeep Singh,AD Russell,1,0,,,,,,,,,
829771,2015,2015-05-02,M Chinnaswamy Stadium,2,9.2,Royal Challengers Bangalore,Kolkata Knight Riders,Mandeep Singh,D Wiese,AD Russell,2,0,,,,,,,,,
829771,2015,2015-05-02,M Chinnaswamy Stadium,2,9.3,Royal Challengers Bangalore,Kolkata Knight Riders,Mandeep Singh,D Wiese,AD Russell,6,0,,,,,,,,,
829771,2015,2015-05-02,M Chinnaswamy Stadium,2,9.4,Royal Challengers Bangalore,Kolkata Knight Riders,Mandeep Singh,D Wiese,AD Russell,6,0,,,,,,,,,
