match_id,season,start_date,venue,innings,ball,batting_team,bowling_team,striker,non_striker,bowler,runs_off_bat,extras,wides,noballs,byes,legbyes,penalty,wicket_type,player_dismissed,other_wicket_type,other_player_dismissed
829751,2015,2015-04-25,Wankhede Stadium,1,0.1,Mumbai Indians,Sunrisers Hyderabad,LMP Simmons,PA Patel,TA Boult,0,0,,,,,,,,,
829751,2015,2015-04-25,Wankhede Stadium,1,0.2,Mumbai Indians,Sunrisers Hyderabad,LMP Simmons,PA Patel,TA Boult,2,0,,,,,,,,,
829751,2015,2015-04-25,Wankhede Stadium,1,0.3,Mumbai Indians,Sunrisers Hyderabad,LMP Simmons,PA Patel,TA Boult,4,0,,,,,,,,,
829751,2015,2015-04-25,Wankhede Stadium,1,0.4,Mumbai Indians,Sunrisers Hyderabad,LMP Simmons,PA Patel,TA Boult,0,1,1,,,,,,,,
829751,2015,2015-04-25,Wankhede Stadium,1,0.5,Mumbai Indians,Sunrisers Hyderabad,LMP Simmons,PA Patel,TA Boult,0,0,,,,,,,,,
829751,2015,2015-04-25,Wankhede Stadium,1,0.6,Mumbai Indians,Sunrisers Hyderabad,LMP Simmons,PA Patel,TA Boult,4,0,,,,,,,,,
829751,2015,2015-04-25,Wankhede Stadium,1,0.7,Mumbai Indians,Sunrisers Hyderabad,LMP Simmons,PA Patel,TA Boult,0,0,,,,,,,,,
829751,2015,2015-04-25,Wankhede Stadium,1,1.1,Mumbai Indians,Sunrisers Hyderabad,PA Patel,LMP Simmons,B Kumar,0,0,,,,,,,,,
829751,2015,2015-04-25,Wankhede Stadium,1,1.2,Mumbai Indians,Sunrisers Hyderabad,PA Patel,LMP Simmons,B Kumar,0,0,,,,,,,,,
829751,2015,2015-04-25,Wankhede Stadium,1,1.3,Mumbai Indians,Sunrisers Hyderabad,PA Patel,LMP Simmons,B Kumar,0,0,,,,,,,,,
829751,2015,2015-04-25,Wankhede Stadium,1,1.4,Mumbai Indians,Sunrisers Hyderabad,PA Patel,LMP Simmons,B Kumar,4,0,,,,,,,,,
829751,2015,2015-04-25,Wankhede Stadium,1,1.5,Mumbai Indians,Sunrisers Hyderabad,PA Patel,LMP Simmons,B Kumar,0,1,1,,,,,,,,
829751,2015,2015-04-25,Wankhede Stadium,1,1.6,Mumbai Indians,Sunrisers Hyderabad,PA Patel,LMP Simmons,B Kumar,0,0,,,,,,,,,
829751,2015,2015-04-25,Wankhede Stadium,1,1.7,Mumbai Indians,Sunrisers Hyderabad,PA Patel,LMP Simmons,B Kumar,0,1,1,,,,,,,,
829751,2015,2015-04-25,Wankhede Stadium,1,1.8,Mumbai Indians,Sunrisers Hyderabad,PA Patel,LMP Simmons,B Kumar,0,1,1,,,,,,,,
829751,2015,2015-04-25,Wankhede Stadium,1,1.9,Mumbai Indians,Sunrisers Hyderabad,PA Patel,LMP Simmons,B Kumar,1,0,,,,,,,,,
829751,2015,2015-04-25,Wankhede Stadium,1,2.1,Mumbai Indians,Sunrisers Hyderabad,PA Patel,LMP Simmons,TA Boult,1,0,,,,,,,,,
829751,2015,2015-04-25,Wankhede Stadium,1,2.2,Mumbai Indians,Sunrisers Hyderabad,LMP Simmons,PA Patel,TA Boult,0,0,,,,,,,,,
829751,2015,2015-04-25,Wankhede Stadium,1,2.3,Mumbai Indians,Sunrisers Hyderabad,LMP Simmons,PA Patel,TA Boult,1,0,,,,,,,,,
829751,2015,2015-04-25,Wankhede Stadium,1,2.4,Mumbai Indians,Sunrisers Hyderabad,PA Patel,LMP Simmons,TA Boult,1,0,,,,,,,,,
829751,2015,2015-04-25,Wankhede Stadium,1,2.5,Mumbai Indians,Sunrisers Hyderabad,LMP Simmons,PA Patel,TA Boult,0,0,,,,,,,,,
829751,2015,2015-04-25,Wankhede Stadium,1,2.6,Mumbai Indians,Sunrisers Hyderabad,LMP Simmons,PA Patel,TA Boult,1,0,,,,,,,,,
829751,2015,2015-04-25,Wankhede Stadium,1,3.1,Mumbai Indians,Sunrisers Hyderabad,LMP Simmons,PA Patel,DW Steyn,1,0,,,,,,,,,
829751,2015,2015-04-25,Wankhede Stadium,1,3.2,Mumbai Indians,Sunrisers Hyderabad,PA Patel,LMP Simmons,DW Steyn,0,0,,,,,,,,,
829751,2015,2015-04-25,Wankhede Stadium,1,3.3,Mumbai Indians,Sunrisers Hyderabad,PA Patel,LMP Simmons,DW Steyn,1,0,,,,,,,,,
829751,2015,2015-04-25,Wankhede Stadium,1,3.4,Mumbai Indians,Sunrisers Hyderabad,LMP Simmons,PA Patel,DW Steyn,4,0,,,,,,,,,
829751,2015,2015-04-25,Wankhede Stadium,1,3.5,Mumbai Indians,Sunrisers Hyderabad,LMP Simmons,PA Patel,DW Steyn,1,0,,,,,,,,,
829751,2015,2015-04-25,Wankhede Stadium,1,3.6,Mumbai Indians,Sunrisers Hyderabad,PA Patel,LMP Simmons,DW Steyn,0,0,,,,,,,,,
829751,2015,2015-04-25,Wankhede Stadium,1,4.1,Mumbai Indians,Sunrisers Hyderabad,LMP Simmons,PA Patel,B Kumar,0,0,,,,,,,,,
829751,2015,2015-04-25,Wankhede Stadium,1,4.2,Mumbai Indians,Sunrisers Hyderabad,LMP Simmons,PA Patel,B Kumar,0,0,,,,,,,,,
829751,2015,2015-04-25,Wankhede Stadium,1,4.3,Mumbai Indians,Sunrisers Hyderabad,LMP Simmons,PA Patel,B Kumar,1,0,,,,,,,,,
829751,2015,2015-04-25,Wankhede Stadium,1,4.4,Mumbai Indians,Sunrisers Hyderabad,PA Patel,LMP Simmons,B Kumar,4,0,,,,,,,,,
829751,2015,2015-04-25,Wankhede Stadium,1,4.5,Mumbai Indians,Sunrisers Hyderabad,PA Patel,LMP Simmons,B Kumar,0,0,,,,,,,,,
829751,2015,2015-04-25,Wankhede Stadium,1,4.6,Mumbai Indians,Sunrisers Hyderabad,PA Patel,LMP Simmons,B Kumar,0,1,,,,1,,,,,
829751,2015,2015-04-25,Wankhede Stadium,1,5.1,Mumbai Indians,Sunrisers Hyderabad,PA Patel,LMP Simmons,DW Steyn,1,0,,,,,,,,,
829751,2015,2015-04-25,Wankhede Stadium,1,5.2,Mumbai Indians,Sunrisers Hyderabad,LMP Simmons,PA Patel,DW Steyn,1,0,,,,,,,,,
829751,2015,2015-04-25,Wankhede Stadium,1,5.3,Mumbai Indians,Sunrisers Hyderabad,PA Patel,LMP Simmons,DW Steyn,4,0,,,,,,,,,
829751,2015,2015-04-25,Wankhede Stadium,1,5.4,Mumbai Indians,Sunrisers Hyderabad,PA Patel,LMP Simmons,DW Steyn,0,0,,,,,,caught,PA Patel,,
829751,2015,2015-04-25,Wankhede Stadium,1,5.5,Mumbai Indians,Sunrisers Hyderabad,UBT Chand,LMP Simmons,DW Steyn,4,0,,,,,,,,,
829751,2015,2015-04-25,Wankhede Stadium,1,5.6,Mumbai Indians,Sunrisers Hyderabad,UBT Chand,LMP Simmons,DW Steyn,0,0,,,,,,,,,
829751,2015,2015-04-25,Wankhede Stadium,1,6.1,Mumbai Indians,Sunrisers Hyderabad,LMP Simmons,UBT Chand,P Kumar,1,0,,,,,,,,,
829751,2015,2015-04-25,Wankhede Stadium,1,6.2,Mumbai Indians,Sunrisers Hyderabad,UBT Chand,LMP Simmons,P Kumar,1,0,,,,,,,,,
829751,2015,2015-04-25,Wankhede Stadium,1,6.3,Mumbai Indians,Sunrisers Hyderabad,LMP Simmons,UBT Chand,P Kumar,0,0,,,,,,,,,
829751,2015,2015-04-25,Wankhede Stadium,1,6.4,Mumbai Indians,Sunrisers Hyderabad,LMP Simmons,UBT Chand,P Kumar,0,0,,,,,,,,,
829751,2015,2015-04-25,Wankhede Stadium,1,6.5,Mumbai Indians,Sunrisers Hyderabad,LMP Simmons,UBT Chand,P Kumar,1,0,,,,,,,,,
829751,2015,2015-04-25,Wankhede Stadium,1,6.6,Mumbai Indians,Sunrisers Hyderabad,UBT Chand,LMP Simmons,P Kumar,0,0,,,,,,caught,UBT Chand,,
829751,2015,2015-04-25,Wankhede Stadium,1,7.1,Mumbai Indians,Sunrisers Hyderabad,LMP Simmons,RG Sharma,KV Sharma,1,0,,,,,,,,,
829751,2015,2015-04-25,Wankhede Stadium,1,7.2,Mumbai Indians,Sunrisers Hyderabad,RG Sharma,LMP Simmons,KV Sharma,0,0,,,,,,,,,
829751,2015,2015-04-25,Wankhede Stadium,1,7.3,Mumbai Indians,Sunrisers Hyderabad,RG Sharma,LMP Simmons,KV Sharma,1,0,,,,,,,,,
829751,2015,2015-04-25,Wankhede Stadium,1,7.4,Mumbai Indians,Sunrisers Hyderabad,LMP Simmons,RG Sharma,KV Sharma,4,0,,,,,,,,,
829751,2015,2015-04-25,Wankhede Stadium,1,7.5,Mumbai Indians,Sunrisers Hyderabad,LMP Simmons,RG Sharma,KV Sharma,0,0,,,,,,,,,
829751,2015,2015-04-25,Wankhede Stadium,1,7.6,Mumbai Indians,Sunrisers Hyderabad,LMP Simmons,RG Sharma,KV Sharma,1,0,,,,,,,,,
829751,2015,2015-04-25,Wankhede Stadium,1,8.1,Mumbai Indians,Sunrisers Hyderabad,LMP Simmons,RG Sharma,P Kumar,0,0,,,,,,,,,
829751,2015,2015-04-25,Wankhede Stadium,1,8.2,Mumbai Indians,Sunrisers Hyderabad,LMP Simmons,RG Sharma,P Kumar,1,0,,,,,,,,,
829751,2015,2015-04-25,Wankhede Stadium,1,8.3,Mumbai Indians,Sunrisers Hyderabad,RG Sharma,LMP Simmons,P Kumar,4,0,,,,,,,,,
829751,2015,2015-04-25,Wankhede Stadium,1,8.4,Mumbai Indians,Sunrisers Hyderabad,RG Sharma,LMP Simmons,P Kumar,1,0,,,,,,,,,
829751,2015,2015-04-25,Wankhede Stadium,1,8.5,Mumbai Indians,Sunrisers Hyderabad,LMP Simmons,RG Sharma,P Kumar,0,0,,,,,,,,,
829751,2015,2015-04-25,Wankhede Stadium,1,8.6,Mumbai Indians,Sunrisers Hyderabad,LMP Simmons,RG Sharma,P Kumar,0,0,,,,,,,,,
829751,2015,2015-04-25,Wankhede Stadium,1,9.1,Mumbai Indians,Sunrisers Hyderabad,RG Sharma,LMP Simmons,KV Sharma,1,0,,,,,,,,,
829751,2015,2015-04-25,Wankhede Stadium,1,9.2,Mumbai Indians,Sunrisers Hyderabad,LMP Simmons,RG Sharma,KV Sharma,1,0,,,,,,,,,
829751,2015,2015-04-25,Wankhede Stadium,1,9.3,Mumbai Indians,Sunrisers Hyderabad,RG Sharma,LMP Simmons,KV Sharma,1,0,,,,,,,,,
829751,2015,2015-04-25,Wankhede Stadium,1,9.4,Mumbai Indians,Sunrisers Hyderabad,LMP Simmons,RG Sharma,KV Sharma,0,0,,,,,,,,,
829751,2015,2015-04-25,Wankhede Stadium,1,9.5,Mumbai Indians,Sunrisers Hyderabad,LMP Simmons,RG Sharma,KV Sharma,6,0,,,,,,,,,
829751,2015,2015-04-25,Wankhede Stadium,1,9.6,Mumbai Indians,Sunrisers Hyderabad,LMP Simmons,RG Sharma,KV Sharma,1,0,,,,,,,,,
829751,2015,2015-04-25,Wankhede Stadium,1,10.1,Mumbai Indians,Sunrisers Hyderabad,LMP Simmons,RG Sharma,P Kumar,1,0,,,,,,,,,
829751,2015,2015-04-25,Wankhede Stadium,1,10.2,Mumbai Indians,Sunrisers Hyderabad,RG Sharma,LMP Simmons,P Kumar,1,0,,,,,,,,,
829751,2015,2015-04-25,Wankhede Stadium,1,10.3,Mumbai Indians,Sunrisers Hyderabad,LMP Simmons,RG Sharma,P Kumar,1,0,,,,,,,,,
829751,2015,2015-04-25,Wankhede Stadium,1,10.4,Mumbai Indians,Sunrisers Hyderabad,RG Sharma,LMP Simmons,P Kumar,6,0,,,,,,,,,
829751,2015,2015-04-25,Wankhede Stadium,1,10.5,Mumbai Indians,Sunrisers Hyderabad,RG Sharma,LMP Simmons,P Kumar,1,0,,,,,,,,,
829751,2015,2015-04-25,Wankhede Stadium,1,10.6,Mumbai Indians,Sunrisers Hyderabad,LMP Simmons,RG Sharma,P Kumar,1,0,,,,,,,,,
829751,2015,2015-04-25,Wankhede Stadium,1,11.1,Mumbai Indians,Sunrisers Hyderabad,LMP Simmons,RG Sharma,KV Sharma,1,0,,,,,,,,,
829751,2015,2015-04-25,Wankhede Stadium,1,11.2,Mumbai Indians,Sunrisers Hyderabad,RG Sharma,LMP Simmons,KV Sharma,4,0,,,,,,,,,
829751,2015,2015-04-25,Wankhede Stadium,1,11.3,Mumbai Indians,Sunrisers Hyderabad,RG Sharma,LMP Simmons,KV Sharma,1,0,,,,,,,,,
829751,2015,2015-04-25,Wankhede Stadium,1,11.4,Mumbai Indians,Sunrisers Hyderabad,LMP Simmons,RG Sharma,KV Sharma,1,0,,,,,,,,,
829751,2015,2015-04-25,Wankhede Stadium,1,11.5,Mumbai Indians,Sunrisers Hyderabad,RG Sharma,LMP Simmons,KV Sharma,1,0,,,,,,,,,
829751,2015,2015-04-25,Wankhede Stadium,1,11.6,Mumbai Indians,Sunrisers Hyderabad,LMP Simmons,RG Sharma,KV Sharma,1,0,,,,,,,,,
829751,2015,2015-04-25,Wankhede Stadium,1,12.1,Mumbai Indians,Sunrisers Hyderabad,LMP Simmons,RG Sharma,DW Steyn,4,0,,,,,,,,,
829751,2015,2015-04-25,Wankhede Stadium,1,12.2,Mumbai Indians,Sunrisers Hyderabad,LMP Simmons,RG Sharma,DW Steyn,4,0,,,,,,,,,
829751,2015,2015-04-25,Wankhede Stadium,1,12.3,Mumbai Indians,Sunrisers Hyderabad,LMP Simmons,RG Sharma,DW Steyn,0,0,,,,,,bowled,LMP Simmons,,
829751,2015,2015-04-25,Wankhede Stadium,1,12.4,Mumbai Indians,Sunrisers Hyderabad,KA Pollard,RG Sharma,DW Steyn,0,0,,,,,,,,,
829751,2015,2015-04-25,Wankhede Stadium,1,12.5,Mumbai Indians,Sunrisers Hyderabad,KA Pollard,RG Sharma,DW Steyn,0,0,,,,,,,,,
829751,2015,2015-04-25,Wankhede Stadium,1,12.6,Mumbai Indians,Sunrisers Hyderabad,KA Pollard,RG Sharma,DW Steyn,4,0,,,,,,,,,
829751,2015,2015-04-25,Wankhede Stadium,1,13.1,Mumbai Indians,Sunrisers Hyderabad,RG Sharma,KA Pollard,KV Sharma,1,0,,,,,,,,,
829751,2015,2015-04-25,Wankhede Stadium,1,13.2,Mumbai Indians,Sunrisers Hyderabad,KA Pollard,RG Sharma,KV Sharma,1,0,,,,,,,,,
829751,2015,2015-04-25,Wankhede Stadium,1,13.3,Mumbai Indians,Sunrisers Hyderabad,RG Sharma,KA Pollard,KV Sharma,1,0,,,,,,,,,
829751,2015,2015-04-25,Wankhede Stadium,1,13.4,Mumbai Indians,Sunrisers Hyderabad,KA Pollard,RG Sharma,KV Sharma,1,0,,,,,,,,,
829751,2015,2015-04-25,Wankhede Stadium,1,13.5,Mumbai Indians,Sunrisers Hyderabad,RG Sharma,KA Pollard,KV Sharma,0,0,,,,,,caught,RG Sharma,,
829751,2015,2015-04-25,Wankhede Stadium,1,13.6,Mumbai Indians,Sunrisers Hyderabad,KA Pollard,AT Rayudu,KV Sharma,0,0,,,,,,,,,
829751,2015,2015-04-25,Wankhede Stadium,1,14.1,Mumbai Indians,Sunrisers Hyderabad,AT Rayudu,KA Pollard,TA Boult,1,0,,,,,,,,,
829751,2015,2015-04-25,Wankhede Stadium,1,14.2,Mumbai Indians,Sunrisers Hyderabad,KA Pollard,AT Rayudu,TA Boult,0,0,,,,,,,,,
829751,2015,2015-04-25,Wankhede Stadium,1,14.3,Mumbai Indians,Sunrisers Hyderabad,KA Pollard,AT Rayudu,TA Boult,1,0,,,,,,,,,
829751,2015,2015-04-25,Wankhede Stadium,1,14.4,Mumbai Indians,Sunrisers Hyderabad,AT Rayudu,KA Pollard,TA Boult,1,0,,,,,,,,,
829751,2015,2015-04-25,Wankhede Stadium,1,14.5,Mumbai Indians,Sunrisers Hyderabad,KA Pollard,AT Rayudu,TA Boult,0,0,,,,,,,,,
829751,2015,2015-04-25,Wankhede Stadium,1,14.6,Mumbai Indians,Sunrisers Hyderabad,KA Pollard,AT Rayudu,TA Boult,1,0,,,,,,,,,
829751,2015,2015-04-25,Wankhede Stadium,1,15.1,Mumbai Indians,Sunrisers Hyderabad,KA Pollard,AT Rayudu,DW Steyn,1,0,,,,,,,,,
829751,2015,2015-04-25,Wankhede Stadium,1,15.2,Mumbai Indians,Sunrisers Hyderabad,AT Rayudu,KA Pollard,DW Steyn,1,0,,,,,,,,,
829751,2015,2015-04-25,Wankhede Stadium,1,15.3,Mumbai Indians,Sunrisers Hyderabad,KA Pollard,AT Rayudu,DW Steyn,2,0,,,,,,,,,
829751,2015,2015-04-25,Wankhede Stadium,1,15.4,Mumbai Indians,Sunrisers Hyderabad,KA Pollard,AT Rayudu,DW Steyn,1,0,,,,,,,,,
829751,2015,2015-04-25,Wankhede Stadium,1,15.5,Mumbai Indians,Sunrisers Hyderabad,AT Rayudu,KA Pollard,DW Steyn,0,0,,,,,,,,,
829751,2015,2015-04-25,Wankhede Stadium,1,15.6,Mumbai Indians,Sunrisers Hyderabad,AT Rayudu,KA Pollard,DW Steyn,4,0,,,,,,,,,
829751,2015,2015-04-25,Wankhede Stadium,1,16.1,Mumbai Indians,Sunrisers Hyderabad,KA Pollard,AT Rayudu,B Kumar,4,0,,,,,,,,,
829751,2015,2015-04-25,Wankhede Stadium,1,16.2,Mumbai Indians,Sunrisers Hyderabad,KA Pollard,AT Rayudu,B Kumar,1,0,,,,,,,,,
829751,2015,2015-04-25,Wankhede Stadium,1,16.3,Mumbai Indians,Sunrisers Hyderabad,AT Rayudu,KA Pollard,B Kumar,0,0,,,,,,,,,
829751,2015,2015-04-25,Wankhede Stadium,1,16.4,Mumbai Indians,Sunrisers Hyderabad,AT Rayudu,KA Pollard,B Kumar,0,0,,,,,,caught,AT Rayudu,,
829751,2015,2015-04-25,Wankhede Stadium,1,16.5,Mumbai Indians,Sunrisers Hyderabad,Harbhajan Singh,KA Pollard,B Kumar,0,0,,,,,,,,,
829751,2015,2015-04-25,Wankhede Stadium,1,16.6,Mumbai Indians,Sunrisers Hyderabad,Harbhajan Singh,KA Pollard,B Kumar,0,0,,,,,,,,,
829751,2015,2015-04-25,Wankhede Stadium,1,17.1,Mumbai Indians,Sunrisers Hyderabad,KA Pollard,Harbhajan Singh,P Kumar,0,1,1,,,,,,,,
829751,2015,2015-04-25,Wankhede Stadium,1,17.2,Mumbai Indians,Sunrisers Hyderabad,KA Pollard,Harbhajan Singh,P Kumar,1,0,,,,,,,,,
829751,2015,2015-04-25,Wankhede Stadium,1,17.3,Mumbai Indians,Sunrisers Hyderabad,Harbhajan Singh,KA Pollard,P Kumar,0,0,,,,,,,,,
829751,2015,2015-04-25,Wankhede Stadium,1,17.4,Mumbai Indians,Sunrisers Hyderabad,Harbhajan Singh,KA Pollard,P Kumar,0,0,,,,,,caught,Harbhajan Singh,,
829751,2015,2015-04-25,Wankhede Stadium,1,17.5,Mumbai Indians,Sunrisers Hyderabad,KA Pollard,J Suchith,P Kumar,4,0,,,,,,,,,
829751,2015,2015-04-25,Wankhede Stadium,1,17.6,Mumbai Indians,Sunrisers Hyderabad,KA Pollard,J Suchith,P Kumar,0,1,1,,,,,,,,
829751,2015,2015-04-25,Wankhede Stadium,1,17.7,Mumbai Indians,Sunrisers Hyderabad,KA Pollard,J Suchith,P Kumar,6,0,,,,,,,,,
829751,2015,2015-04-25,Wankhede Stadium,1,17.8,Mumbai Indians,Sunrisers Hyderabad,KA Pollard,J Suchith,P Kumar,0,1,1,,,,,,,,
829751,2015,2015-04-25,Wankhede Stadium,1,17.9,Mumbai Indians,Sunrisers Hyderabad,KA Pollard,J Suchith,P Kumar,1,0,,,,,,,,,
829751,2015,2015-04-25,Wankhede Stadium,1,18.1,Mumbai Indians,Sunrisers Hyderabad,KA Pollard,J Suchith,TA Boult,0,0,,,,,,,,,
829751,2015,2015-04-25,Wankhede Stadium,1,18.2,Mumbai Indians,Sunrisers Hyderabad,KA Pollard,J Suchith,TA Boult,0,1,1,,,,,,,,
829751,2015,2015-04-25,Wankhede Stadium,1,18.3,Mumbai Indians,Sunrisers Hyderabad,KA Pollard,J Suchith,TA Boult,1,0,,,,,,,,,
829751,2015,2015-04-25,Wankhede Stadium,1,18.4,Mumbai Indians,Sunrisers Hyderabad,J Suchith,KA Pollard,TA Boult,2,0,,,,,,,,,
829751,2015,2015-04-25,Wankhede Stadium,1,18.5,Mumbai Indians,Sunrisers Hyderabad,J Suchith,KA Pollard,TA Boult,1,0,,,,,,,,,
829751,2015,2015-04-25,Wankhede Stadium,1,18.6,Mumbai Indians,Sunrisers Hyderabad,KA Pollard,J Suchith,TA Boult,2,0,,,,,,,,,
829751,2015,2015-04-25,Wankhede Stadium,1,18.7,Mumbai Indians,Sunrisers Hyderabad,KA Pollard,J Suchith,TA Boult,1,0,,,,,,,,,
829751,2015,2015-04-25,Wankhede Stadium,1,19.1,Mumbai Indians,Sunrisers Hyderabad,KA Pollard,J Suchith,B Kumar,0,0,,,,,,bowled,KA Pollard,,
829751,2015,2015-04-25,Wankhede Stadium,1,19.2,Mumbai Indians,Sunrisers Hyderabad,R Vinay Kumar,J Suchith,B Kumar,0,0,,,,,,caught,R Vinay Kumar,,
829751,2015,2015-04-25,Wankhede Stadium,1,19.3,Mumbai Indians,Sunrisers Hyderabad,MJ McClenaghan,J Suchith,B Kumar,1,0,,,,,,,,,
829751,2015,2015-04-25,Wankhede Stadium,1,19.4,Mumbai Indians,Sunrisers Hyderabad,J Suchith,MJ McClenaghan,B Kumar,0,1,1,,,,,,,,
829751,2015,2015-04-25,Wankhede Stadium,1,19.5,Mumbai Indians,Sunrisers Hyderabad,J Suchith,MJ McClenaghan,B Kumar,2,0,,,,,,,,,
829751,2015,2015-04-25,Wankhede Stadium,1,19.6,Mumbai Indians,Sunrisers Hyderabad,J Suchith,MJ McClenaghan,B Kumar,2,0,,,,,,,,,
829751,2015,2015-04-25,Wankhede Stadium,1,19.7,Mumbai Indians,Sunrisers Hyderabad,J Suchith,MJ McClenaghan,B Kumar,2,0,,,,,,,,,
829751,2015,2015-04-25,Wankhede Stadium,2,0.1,Sunrisers Hyderabad,Mumbai Indians,S Dhawan,DA Warner,Harbhajan Singh,4,0,,,,,,,,,
829751,2015,2015-04-25,Wankhede Stadium,2,0.2,Sunrisers Hyderabad,Mumbai Indians,S Dhawan,DA Warner,Harbhajan Singh,0,0,,,,,,,,,
829751,2015,2015-04-25,Wankhede Stadium,2,0.3,Sunrisers Hyderabad,Mumbai Indians,S Dhawan,DA Warner,Harbhajan Singh,1,0,,,,,,,,,
829751,2015,2015-04-25,Wankhede Stadium,2,0.4,Sunrisers Hyderabad,Mumbai Indians,DA Warner,S Dhawan,Harbhajan Singh,4,0,,,,,,,,,
829751,2015,2015-04-25,Wankhede Stadium,2,0.5,Sunrisers Hyderabad,Mumbai Indians,DA Warner,S Dhawan,Harbhajan Singh,0,0,,,,,,,,,
829751,2015,2015-04-25,Wankhede Stadium,2,0.6,Sunrisers Hyderabad,Mumbai Indians,DA Warner,S Dhawan,Harbhajan Singh,0,0,,,,,,,,,
829751,2015,2015-04-25,Wankhede Stadium,2,1.1,Sunrisers Hyderabad,Mumbai Indians,S Dhawan,DA Warner,MJ McClenaghan,0,0,,,,,,,,,
829751,2015,2015-04-25,Wankhede Stadium,2,1.2,Sunrisers Hyderabad,Mumbai Indians,S Dhawan,DA Warner,MJ McClenaghan,0,0,,,,,,,,,
829751,2015,2015-04-25,Wankhede Stadium,2,1.3,Sunrisers Hyderabad,Mumbai Indians,S Dhawan,DA Warner,MJ McClenaghan,0,0,,,,,,,,,
829751,2015,2015-04-25,Wankhede Stadium,2,1.4,Sunrisers Hyderabad,Mumbai Indians,S Dhawan,DA Warner,MJ McClenaghan,0,0,,,,,,,,,
829751,2015,2015-04-25,Wankhede Stadium,2,1.5,Sunrisers Hyderabad,Mumbai Indians,S Dhawan,DA Warner,MJ McClenaghan,4,0,,,,,,,,,
829751,2015,2015-04-25,Wankhede Stadium,2,1.6,Sunrisers Hyderabad,Mumbai Indians,S Dhawan,DA Warner,MJ McClenaghan,1,0,,,,,,,,,
829751,2015,2015-04-25,Wankhede Stadium,2,2.1,Sunrisers Hyderabad,Mumbai Indians,S Dhawan,DA Warner,SL Malinga,0,0,,,,,,,,,
829751,2015,2015-04-25,Wankhede Stadium,2,2.2,Sunrisers Hyderabad,Mumbai Indians,S Dhawan,DA Warner,SL Malinga,2,0,,,,,,,,,
829751,2015,2015-04-25,Wankhede Stadium,2,2.3,Sunrisers Hyderabad,Mumbai Indians,S Dhawan,DA Warner,SL Malinga,0,0,,,,,,,,,
829751,2015,2015-04-25,Wankhede Stadium,2,2.4,Sunrisers Hyderabad,Mumbai Indians,S Dhawan,DA Warner,SL Malinga,1,0,,,,,,,,,
829751,2015,2015-04-25,Wankhede Stadium,2,2.5,Sunrisers Hyderabad,Mumbai Indians,DA Warner,S Dhawan,SL Malinga,0,0,,,,,,,,,
829751,2015,2015-04-25,Wankhede Stadium,2,2.6,Sunrisers Hyderabad,Mumbai Indians,DA Warner,S Dhawan,SL Malinga,4,0,,,,,,,,,
829751,2015,2015-04-25,Wankhede Stadium,2,3.1,Sunrisers Hyderabad,Mumbai Indians,S Dhawan,DA Warner,Harbhajan Singh,4,0,,,,,,,,,
829751,2015,2015-04-25,Wankhede Stadium,2,3.2,Sunrisers Hyderabad,Mumbai Indians,S Dhawan,DA Warner,Harbhajan Singh,0,0,,,,,,,,,
829751,2015,2015-04-25,Wankhede Stadium,2,3.3,Sunrisers Hyderabad,Mumbai Indians,S Dhawan,DA Warner,Harbhajan Singh,4,0,,,,,,,,,
829751,2015,2015-04-25,Wankhede Stadium,2,3.4,Sunrisers Hyderabad,Mumbai Indians,S Dhawan,DA Warner,Harbhajan Singh,4,0,,,,,,,,,
829751,2015,2015-04-25,Wankhede Stadium,2,3.5,Sunrisers Hyderabad,Mumbai Indians,S Dhawan,DA Warner,Harbhajan Singh,6,0,,,,,,,,,
829751,2015,2015-04-25,Wankhede Stadium,2,3.6,Sunrisers Hyderabad,Mumbai Indians,S Dhawan,DA Warner,Harbhajan Singh,0,0,,,,,,,,,
829751,2015,2015-04-25,Wankhede Stadium,2,4.1,Sunrisers Hyderabad,Mumbai Indians,DA Warner,S Dhawan,SL Malinga,1,0,,,,,,,,,
829751,2015,2015-04-25,Wankhede Stadium,2,4.2,Sunrisers Hyderabad,Mumbai Indians,S Dhawan,DA Warner,SL Malinga,0,0,,,,,,,,,
829751,2015,2015-04-25,Wankhede Stadium,2,4.3,Sunrisers Hyderabad,Mumbai Indians,S Dhawan,DA Warner,SL Malinga,0,0,,,,,,,,,
829751,2015,2015-04-25,Wankhede Stadium,2,4.4,Sunrisers Hyderabad,Mumbai Indians,S Dhawan,DA Warner,SL Malinga,4,0,,,,,,,,,
829751,2015,2015-04-25,Wankhede Stadium,2,4.5,Sunrisers Hyderabad,Mumbai Indians,S Dhawan,DA Warner,SL Malinga,1,0,,,,,,,,,
829751,2015,2015-04-25,Wankhede Stadium,2,4.6,Sunrisers Hyderabad,Mumbai Indians,DA Warner,S Dhawan,SL Malinga,0,0,,,,,,caught,DA Warner,,
829751,2015,2015-04-25,Wankhede Stadium,2,5.1,Sunrisers Hyderabad,Mumbai Indians,S Dhawan,KL Rahul,MJ McClenaghan,4,0,,,,,,,,,
829751,2015,2015-04-25,Wankhede Stadium,2,5.2,Sunrisers Hyderabad,Mumbai Indians,S Dhawan,KL Rahul,MJ McClenaghan,0,1,1,,,,,,,,
829751,2015,2015-04-25,Wankhede Stadium,2,5.3,Sunrisers Hyderabad,Mumbai Indians,S Dhawan,KL Rahul,MJ McClenaghan,0,0,,,,,,,,,
829751,2015,2015-04-25,Wankhede Stadium,2,5.4,Sunrisers Hyderabad,Mumbai Indians,S Dhawan,KL Rahul,MJ McClenaghan,0,0,,,,,,,,,
829751,2015,2015-04-25,Wankhede Stadium,2,5.5,Sunrisers Hyderabad,Mumbai Indians,S Dhawan,KL Rahul,MJ McClenaghan,0,0,,,,,,,,,
829751,2015,2015-04-25,Wankhede Stadium,2,5.6,Sunrisers Hyderabad,Mumbai Indians,S Dhawan,KL Rahul,MJ McClenaghan,2,0,,,,,,,,,
829751,2015,2015-04-25,Wankhede Stadium,2,5.7,Sunrisers Hyderabad,Mumbai Indians,S Dhawan,KL Rahul,MJ McClenaghan,0,0,,,,,,caught,S Dhawan,,
829751,2015,2015-04-25,Wankhede Stadium,2,6.1,Sunrisers Hyderabad,Mumbai Indians,KL Rahul,NV Ojha,J Suchith,0,0,,,,,,,,,
829751,2015,2015-04-25,Wankhede Stadium,2,6.2,Sunrisers Hyderabad,Mumbai Indians,KL Rahul,NV Ojha,J Suchith,1,0,,,,,,,,,
829751,2015,2015-04-25,Wankhede Stadium,2,6.3,Sunrisers Hyderabad,Mumbai Indians,NV Ojha,KL Rahul,J Suchith,1,0,,,,,,,,,
829751,2015,2015-04-25,Wankhede Stadium,2,6.4,Sunrisers Hyderabad,Mumbai Indians,KL Rahul,NV Ojha,J Suchith,1,0,,,,,,,,,
829751,2015,2015-04-25,Wankhede Stadium,2,6.5,Sunrisers Hyderabad,Mumbai Indians,NV Ojha,KL Rahul,J Suchith,1,0,,,,,,,,,
829751,2015,2015-04-25,Wankhede Stadium,2,6.6,Sunrisers Hyderabad,Mumbai Indians,KL Rahul,NV Ojha,J Suchith,1,0,,,,,,,,,
829751,2015,2015-04-25,Wankhede Stadium,2,7.1,Sunrisers Hyderabad,Mumbai Indians,KL Rahul,NV Ojha,R Vinay Kumar,1,0,,,,,,,,,
829751,2015,2015-04-25,Wankhede Stadium,2,7.2,Sunrisers Hyderabad,Mumbai Indians,NV Ojha,KL Rahul,R Vinay Kumar,1,0,,,,,,,,,
829751,2015,2015-04-25,Wankhede Stadium,2,7.3,Sunrisers Hyderabad,Mumbai Indians,KL Rahul,NV Ojha,R Vinay Kumar,1,0,,,,,,,,,
829751,2015,2015-04-25,Wankhede Stadium,2,7.4,Sunrisers Hyderabad,Mumbai Indians,NV Ojha,KL Rahul,R Vinay Kumar,1,0,,,,,,,,,
829751,2015,2015-04-25,Wankhede Stadium,2,7.5,Sunrisers Hyderabad,Mumbai Indians,KL Rahul,NV Ojha,R Vinay Kumar,0,1,1,,,,,,,,
829751,2015,2015-04-25,Wankhede Stadium,2,7.6,Sunrisers Hyderabad,Mumbai Indians,KL Rahul,NV Ojha,R Vinay Kumar,1,0,,,,,,,,,
829751,2015,2015-04-25,Wankhede Stadium,2,7.7,Sunrisers Hyderabad,Mumbai Indians,NV Ojha,KL Rahul,R Vinay Kumar,1,0,,,,,,,,,
829751,2015,2015-04-25,Wankhede Stadium,2,8.1,Sunrisers Hyderabad,Mumbai Indians,NV Ojha,KL Rahul,J Suchith,0,0,,,,,,,,,
829751,2015,2015-04-25,Wankhede Stadium,2,8.2,Sunrisers Hyderabad,Mumbai Indians,NV Ojha,KL Rahul,J Suchith,2,0,,,,,,,,,
829751,2015,2015-04-25,Wankhede Stadium,2,8.3,Sunrisers Hyderabad,Mumbai Indians,NV Ojha,KL Rahul,J Suchith,2,0,,,,,,,,,
829751,2015,2015-04-25,Wankhede Stadium,2,8.4,Sunrisers Hyderabad,Mumbai Indians,NV Ojha,KL Rahul,J Suchith,0,0,,,,,,caught,NV Ojha,,
829751,2015,2015-04-25,Wankhede Stadium,2,8.5,Sunrisers Hyderabad,Mumbai Indians,KL Rahul,RS Bopara,J Suchith,0,0,,,,,,,,,
829751,2015,2015-04-25,Wankhede Stadium,2,8.6,Sunrisers Hyderabad,Mumbai Indians,KL Rahul,RS Bopara,J Suchith,0,0,,,,,,,,,
829751,2015,2015-04-25,Wankhede Stadium,2,9.1,Sunrisers Hyderabad,Mumbai Indians,RS Bopara,KL Rahul,R Vinay Kumar,0,0,,,,,,,,,
829751,2015,2015-04-25,Wankhede Stadium,2,9.2,Sunrisers Hyderabad,Mumbai Indians,RS Bopara,KL Rahul,R Vinay Kumar,1,0,,,,,,,,,
829751,2015,2015-04-25,Wankhede Stadium,2,9.3,Sunrisers Hyderabad,Mumbai Indians,KL Rahul,RS Bopara,R Vinay Kumar,0,0,,,,,,,,,
829751,2015,2015-04-25,Wankhede Stadium,2,9.4,Sunrisers Hyderabad,Mumbai Indians,KL Rahul,RS Bopara,R Vinay Kumar,2,0,,,,,,,,,
829751,2015,2015-04-25,Wankhede Stadium,2,9.5,Sunrisers Hyderabad,Mumbai Indians,KL Rahul,RS Bopara,R Vinay Kumar,2,0,,,,,,,,,
829751,2015,2015-04-25,Wankhede Stadium,2,9.6,Sunrisers Hyderabad,Mumbai Indians,KL Rahul,RS Bopara,R Vinay Kumar,1,0,,,,,,,,,
829751,2015,2015-04-25,Wankhede Stadium,2,10.1,Sunrisers Hyderabad,Mumbai Indians,KL Rahul,RS Bopara,J Suchith,0,0,,,,,,,,,
829751,2015,2015-04-25,Wankhede Stadium,2,10.2,Sunrisers Hyderabad,Mumbai Indians,KL Rahul,RS Bopara,J Suchith,0,0,,,,,,,,,
829751,2015,2015-04-25,Wankhede Stadium,2,10.3,Sunrisers Hyderabad,Mumbai Indians,KL Rahul,RS Bopara,J Suchith,0,0,,,,,,,,,
829751,2015,2015-04-25,Wankhede Stadium,2,10.4,Sunrisers Hyderabad,Mumbai Indians,KL Rahul,RS Bopara,J Suchith,1,0,,,,,,,,,
829751,2015,2015-04-25,Wankhede Stadium,2,10.5,Sunrisers Hyderabad,Mumbai Indians,RS Bopara,KL Rahul,J Suchith,1,0,,,,,,,,,
829751,2015,2015-04-25,Wankhede Stadium,2,10.6,Sunrisers Hyderabad,Mumbai Indians,KL Rahul,RS Bopara,J Suchith,1,0,,,,,,,,,
829751,2015,2015-04-25,Wankhede Stadium,2,11.1,Sunrisers Hyderabad,Mumbai Indians,KL Rahul,RS Bopara,Harbhajan Singh,0,0,,,,,,,,,
829751,2015,2015-04-25,Wankhede Stadium,2,11.2,Sunrisers Hyderabad,Mumbai Indians,KL Rahul,RS Bopara,Harbhajan Singh,1,0,,,,,,,,,
829751,2015,2015-04-25,Wankhede Stadium,2,11.3,Sunrisers Hyderabad,Mumbai Indians,RS Bopara,KL Rahul,Harbhajan Singh,0,0,,,,,,,,,
829751,2015,2015-04-25,Wankhede Stadium,2,11.4,Sunrisers Hyderabad,Mumbai Indians,RS Bopara,KL Rahul,Harbhajan Singh,0,0,,,,,,,,,
829751,2015,2015-04-25,Wankhede Stadium,2,11.5,Sunrisers Hyderabad,Mumbai Indians,RS Bopara,KL Rahul,Harbhajan Singh,2,0,,,,,,,,,
829751,2015,2015-04-25,Wankhede Stadium,2,11.6,Sunrisers Hyderabad,Mumbai Indians,RS Bopara,KL Rahul,Harbhajan Singh,1,0,,,,,,,,,
829751,2015,2015-04-25,Wankhede Stadium,2,12.1,Sunrisers Hyderabad,Mumbai Indians,RS Bopara,KL Rahul,J Suchith,1,0,,,,,,,,,
829751,2015,2015-04-25,Wankhede Stadium,2,12.2,Sunrisers Hyderabad,Mumbai Indians,KL Rahul,RS Bopara,J Suchith,6,0,,,,,,,,,
829751,2015,2015-04-25,Wankhede Stadium,2,12.3,Sunrisers Hyderabad,Mumbai Indians,KL Rahul,RS Bopara,J Suchith,1,0,,,,,,,,,
829751,2015,2015-04-25,Wankhede Stadium,2,12.4,Sunrisers Hyderabad,Mumbai Indians,RS Bopara,KL Rahul,J Suchith,4,0,,,,,,,,,
829751,2015,2015-04-25,Wankhede Stadium,2,12.5,Sunrisers Hyderabad,Mumbai Indians,RS Bopara,KL Rahul,J Suchith,1,0,,,,,,,,,
829751,2015,2015-04-25,Wankhede Stadium,2,12.6,Sunrisers Hyderabad,Mumbai Indians,KL Rahul,RS Bopara,J Suchith,0,0,,,,,,,,,
829751,2015,2015-04-25,Wankhede Stadium,2,13.1,Sunrisers Hyderabad,Mumbai Indians,RS Bopara,KL Rahul,Harbhajan Singh,1,0,,,,,,,,,
829751,2015,2015-04-25,Wankhede Stadium,2,13.2,Sunrisers Hyderabad,Mumbai Indians,KL Rahul,RS Bopara,Harbhajan Singh,3,0,,,,,,,,,
829751,2015,2015-04-25,Wankhede Stadium,2,13.3,Sunrisers Hyderabad,Mumbai Indians,RS Bopara,KL Rahul,Harbhajan Singh,0,0,,,,,,,,,
829751,2015,2015-04-25,Wankhede Stadium,2,13.4,Sunrisers Hyderabad,Mumbai Indians,RS Bopara,KL Rahul,Harbhajan Singh,0,0,,,,,,,,,
829751,2015,2015-04-25,Wankhede Stadium,2,13.5,Sunrisers Hyderabad,Mumbai Indians,RS Bopara,KL Rahul,Harbhajan Singh,1,0,,,,,,,,,
829751,2015,2015-04-25,Wankhede Stadium,2,13.6,Sunrisers Hyderabad,Mumbai Indians,KL Rahul,RS Bopara,Harbhajan Singh,0,0,,,,,,,,,
829751,2015,2015-04-25,Wankhede Stadium,2,14.1,Sunrisers Hyderabad,Mumbai Indians,RS Bopara,KL Rahul,MJ McClenaghan,2,0,,,,,,,,,
829751,2015,2015-04-25,Wankhede Stadium,2,14.2,Sunrisers Hyderabad,Mumbai Indians,RS Bopara,KL Rahul,MJ McClenaghan,1,0,,,,,,,,,
829751,2015,2015-04-25,Wankhede Stadium,2,14.3,Sunrisers Hyderabad,Mumbai Indians,KL Rahul,RS Bopara,MJ McClenaghan,1,0,,,,,,,,,
829751,2015,2015-04-25,Wankhede Stadium,2,14.4,Sunrisers Hyderabad,Mumbai Indians,RS Bopara,KL Rahul,MJ McClenaghan,1,0,,,,,,,,,
829751,2015,2015-04-25,Wankhede Stadium,2,14.5,Sunrisers Hyderabad,Mumbai Indians,KL Rahul,RS Bopara,MJ McClenaghan,0,0,,,,,,caught,KL Rahul,,
829751,2015,2015-04-25,Wankhede Stadium,2,14.6,Sunrisers Hyderabad,Mumbai Indians,RS Bopara,GH Vihari,MJ McClenaghan,0,0,,,,,,,,,
829751,2015,2015-04-25,Wankhede Stadium,2,15.1,Sunrisers Hyderabad,Mumbai Indians,GH Vihari,RS Bopara,R Vinay Kumar,1,0,,,,,,,,,
829751,2015,2015-04-25,Wankhede Stadium,2,15.2,Sunrisers Hyderabad,Mumbai Indians,RS Bopara,GH Vihari,R Vinay Kumar,0,0,,,,,,,,,
829751,2015,2015-04-25,Wankhede Stadium,2,15.3,Sunrisers Hyderabad,Mumbai Indians,RS Bopara,GH Vihari,R Vinay Kumar,1,0,,,,,,,,,
829751,2015,2015-04-25,Wankhede Stadium,2,15.4,Sunrisers Hyderabad,Mumbai Indians,GH Vihari,RS Bopara,R Vinay Kumar,4,0,,,,,,,,,
829751,2015,2015-04-25,Wankhede Stadium,2,15.5,Sunrisers Hyderabad,Mumbai Indians,GH Vihari,RS Bopara,R Vinay Kumar,0,0,,,,,,,,,
829751,2015,2015-04-25,Wankhede Stadium,2,15.6,Sunrisers Hyderabad,Mumbai Indians,GH Vihari,RS Bopara,R Vinay Kumar,4,0,,,,,,,,,
829751,2015,2015-04-25,Wankhede Stadium,2,16.1,Sunrisers Hyderabad,Mumbai Indians,RS Bopara,GH Vihari,SL Malinga,1,0,,,,,,,,,
829751,2015,2015-04-25,Wankhede Stadium,2,16.2,Sunrisers Hyderabad,Mumbai Indians,GH Vihari,RS Bopara,SL Malinga,1,1,,1,,,,,,,
829751,2015,2015-04-25,Wankhede Stadium,2,16.3,Sunrisers Hyderabad,Mumbai Indians,RS Bopara,GH Vihari,SL Malinga,2,0,,,,,,,,,
829751,2015,2015-04-25,Wankhede Stadium,2,16.4,Sunrisers Hyderabad,Mumbai Indians,RS Bopara,GH Vihari,SL Malinga,0,0,,,,,,,,,
829751,2015,2015-04-25,Wankhede Stadium,2,16.5,Sunrisers Hyderabad,Mumbai Indians,RS Bopara,GH Vihari,SL Malinga,1,0,,,,,,,,,
829751,2015,2015-04-25,Wankhede Stadium,2,16.6,Sunrisers Hyderabad,Mumbai Indians,GH Vihari,RS Bopara,SL Malinga,0,0,,,,,,,,,
829751,2015,2015-04-25,Wankhede Stadium,2,16.7,Sunrisers Hyderabad,Mumbai Indians,GH Vihari,RS Bopara,SL Malinga,4,0,,,,,,,,,
829751,2015,2015-04-25,Wankhede Stadium,2,17.1,Sunrisers Hyderabad,Mumbai Indians,RS Bopara,GH Vihari,MJ McClenaghan,0,0,,,,,,,,,
829751,2015,2015-04-25,Wankhede Stadium,2,17.2,Sunrisers Hyderabad,Mumbai Indians,RS Bopara,GH Vihari,MJ McClenaghan,1,0,,,,,,,,,
829751,2015,2015-04-25,Wankhede Stadium,2,17.3,Sunrisers Hyderabad,Mumbai Indians,GH Vihari,RS Bopara,MJ McClenaghan,1,0,,,,,,,,,
829751,2015,2015-04-25,Wankhede Stadium,2,17.4,Sunrisers Hyderabad,Mumbai Indians,RS Bopara,GH Vihari,MJ McClenaghan,0,0,,,,,,caught,RS Bopara,,
829751,2015,2015-04-25,Wankhede Stadium,2,17.5,Sunrisers Hyderabad,Mumbai Indians,GH Vihari,KV Sharma,MJ McClenaghan,1,0,,,,,,,,,
829751,2015,2015-04-25,Wankhede Stadium,2,17.6,Sunrisers Hyderabad,Mumbai Indians,KV Sharma,GH Vihari,MJ McClenaghan,0,0,,,,,,,,,
829751,2015,2015-04-25,Wankhede Stadium,2,18.1,Sunrisers Hyderabad,Mumbai Indians,GH Vihari,KV Sharma,SL Malinga,0,0,,,,,,caught,GH Vihari,,
829751,2015,2015-04-25,Wankhede Stadium,2,18.2,Sunrisers Hyderabad,Mumbai Indians,P Kumar,KV Sharma,SL Malinga,0,0,,,,,,,,,
829751,2015,2015-04-25,Wankhede Stadium,2,18.3,Sunrisers Hyderabad,Mumbai Indians,P Kumar,KV Sharma,SL Malinga,0,0,,,,,,bowled,P Kumar,,
829751,2015,2015-04-25,Wankhede Stadium,2,18.4,Sunrisers Hyderabad,Mumbai Indians,DW Steyn,KV Sharma,SL Malinga,0,0,,,,,,caught,DW Steyn,,
829751,2015,2015-04-25,Wankhede Stadium,2,18.5,Sunrisers Hyderabad,Mumbai Indians,KV Sharma,B Kumar,SL Malinga,0,0,,,,,,,,,
829751,2015,2015-04-25,Wankhede Stadium,2,18.6,Sunrisers Hyderabad,Mumbai Indians,KV Sharma,B Kumar,SL Malinga,0,1,,,,1,,,,,
829751,2015,2015-04-25,Wankhede Stadium,2,19.1,Sunrisers Hyderabad,Mumbai Indians,KV Sharma,B Kumar,R Vinay Kumar,2,0,,,,,,,,,
829751,2015,2015-04-25,Wankhede Stadium,2,19.2,Sunrisers Hyderabad,Mumbai Indians,KV Sharma,B Kumar,R Vinay Kumar,0,1,,,,1,,,,,
829751,2015,2015-04-25,Wankhede Stadium,2,19.3,Sunrisers Hyderabad,Mumbai Indians,B Kumar,KV Sharma,R Vinay Kumar,0,0,,,,,,,,,
829751,2015,2015-04-25,Wankhede Stadium,2,19.4,Sunrisers Hyderabad,Mumbai Indians,B Kumar,KV Sharma,R Vinay Kumar,4,0,,,,,,,,,
829751,2015,2015-04-25,Wankhede Stadium,2,19.5,Sunrisers Hyderabad,Mumbai Indians,B Kumar,KV Sharma,R Vinay Kumar,0,0,,,,,,,,,
829751,2015,2015-04-25,Wankhede Stadium,2,19.6,Sunrisers Hyderabad,Mumbai Indians,B Kumar,KV Sharma,R Vinay Kumar,2,0,,,,,,,,,
