match_id,season,start_date,venue,innings,ball,batting_team,bowling_team,striker,non_striker,bowler,runs_off_bat,extras,wides,noballs,byes,legbyes,penalty,wicket_type,player_dismissed,other_wicket_type,other_player_dismissed
829733,2015,2015-04-18,Maharashtra Cricket Association Stadium,1,0.1,Kings XI Punjab,Kolkata Knight Riders,M Vijay,V Sehwag,UT Yadav,0,0,,,,,,,,,
829733,2015,2015-04-18,Maharashtra Cricket Association Stadium,1,0.2,Kings XI Punjab,Kolkata Knight Riders,M Vijay,V Sehwag,UT Yadav,0,0,,,,,,,,,
829733,2015,2015-04-18,Maharashtra Cricket Association Stadium,1,0.3,Kings XI Punjab,Kolkata Knight Riders,M Vijay,V Sehwag,UT Yadav,0,0,,,,,,,,,
829733,2015,2015-04-18,Maharashtra Cricket Association Stadium,1,0.4,Kings XI Punjab,Kolkata Knight Riders,M Vijay,V Sehwag,UT Yadav,0,0,,,,,,caught,M Vijay,,
829733,2015,2015-04-18,Maharashtra Cricket Association Stadium,1,0.5,Kings XI Punjab,Kolkata Knight Riders,WP Saha,V Sehwag,UT Yadav,0,0,,,,,,,,,
829733,2015,2015-04-18,Maharashtra Cricket Association Stadium,1,0.6,Kings XI Punjab,Kolkata Knight Riders,WP Saha,V Sehwag,UT Yadav,2,0,,,,,,,,,
829733,2015,2015-04-18,Maharashtra Cricket Association Stadium,1,1.1,Kings XI Punjab,Kolkata Knight Riders,V Sehwag,WP Saha,M Morkel,1,0,,,,,,,,,
829733,2015,2015-04-18,Maharashtra Cricket Association Stadium,1,1.2,Kings XI Punjab,Kolkata Knight Riders,WP Saha,V Sehwag,M Morkel,0,1,,,,1,,,,,
829733,2015,2015-04-18,Maharashtra Cricket Association Stadium,1,1.3,Kings XI Punjab,Kolkata Knight Riders,V Sehwag,WP Saha,M Morkel,1,0,,,,,,,,,
829733,2015,2015-04-18,Maharashtra Cricket Association Stadium,1,1.4,Kings XI Punjab,Kolkata Knight Riders,WP Saha,V Sehwag,M Morkel,1,0,,,,,,,,,
829733,2015,2015-04-18,Maharashtra Cricket Association Stadium,1,1.5,Kings XI Punjab,Kolkata Knight Riders,V Sehwag,WP Saha,M Morkel,0,0,,,,,,,,,
829733,2015,2015-04-18,Maharashtra Cricket Association Stadium,1,1.6,Kings XI Punjab,Kolkata Knight Riders,V Sehwag,WP Saha,M Morkel,0,0,,,,,,,,,
829733,2015,2015-04-18,Maharashtra Cricket Association Stadium,1,2.1,Kings XI Punjab,Kolkata Knight Riders,WP Saha,V Sehwag,UT Yadav,0,0,,,,,,,,,
829733,2015,2015-04-18,Maharashtra Cricket Association Stadium,1,2.2,Kings XI Punjab,Kolkata Knight Riders,WP Saha,V Sehwag,UT Yadav,0,0,,,,,,,,,
829733,2015,2015-04-18,Maharashtra Cricket Association Stadium,1,2.3,Kings XI Punjab,Kolkata Knight Riders,WP Saha,V Sehwag,UT Yadav,4,0,,,,,,,,,
829733,2015,2015-04-18,Maharashtra Cricket Association Stadium,1,2.4,Kings XI Punjab,Kolkata Knight Riders,WP Saha,V Sehwag,UT Yadav,2,0,,,,,,,,,
829733,2015,2015-04-18,Maharashtra Cricket Association Stadium,1,2.5,Kings XI Punjab,Kolkata Knight Riders,WP Saha,V Sehwag,UT Yadav,6,0,,,,,,,,,
829733,2015,2015-04-18,Maharashtra Cricket Association Stadium,1,2.6,Kings XI Punjab,Kolkata Knight Riders,WP Saha,V Sehwag,UT Yadav,0,0,,,,,,,,,
829733,2015,2015-04-18,Maharashtra Cricket Association Stadium,1,3.1,Kings XI Punjab,Kolkata Knight Riders,V Sehwag,WP Saha,M Morkel,0,0,,,,,,,,,
829733,2015,2015-04-18,Maharashtra Cricket Association Stadium,1,3.2,Kings XI Punjab,Kolkata Knight Riders,V Sehwag,WP Saha,M Morkel,0,0,,,,,,,,,
829733,2015,2015-04-18,Maharashtra Cricket Association Stadium,1,3.3,Kings XI Punjab,Kolkata Knight Riders,V Sehwag,WP Saha,M Morkel,4,0,,,,,,,,,
829733,2015,2015-04-18,Maharashtra Cricket Association Stadium,1,3.4,Kings XI Punjab,Kolkata Knight Riders,V Sehwag,WP Saha,M Morkel,1,0,,,,,,,,,
829733,2015,2015-04-18,Maharashtra Cricket Association Stadium,1,3.5,Kings XI Punjab,Kolkata Knight Riders,WP Saha,V Sehwag,M Morkel,0,0,,,,,,caught,WP Saha,,
829733,2015,2015-04-18,Maharashtra Cricket Association Stadium,1,3.6,Kings XI Punjab,Kolkata Knight Riders,GJ Maxwell,V Sehwag,M Morkel,0,0,,,,,,,,,
829733,2015,2015-04-18,Maharashtra Cricket Association Stadium,1,4.1,Kings XI Punjab,Kolkata Knight Riders,V Sehwag,GJ Maxwell,AD Russell,4,0,,,,,,,,,
829733,2015,2015-04-18,Maharashtra Cricket Association Stadium,1,4.2,Kings XI Punjab,Kolkata Knight Riders,V Sehwag,GJ Maxwell,AD Russell,0,0,,,,,,caught,V Sehwag,,
829733,2015,2015-04-18,Maharashtra Cricket Association Stadium,1,4.3,Kings XI Punjab,Kolkata Knight Riders,GJ Bailey,GJ Maxwell,AD Russell,4,0,,,,,,,,,
829733,2015,2015-04-18,Maharashtra Cricket Association Stadium,1,4.4,Kings XI Punjab,Kolkata Knight Riders,GJ Bailey,GJ Maxwell,AD Russell,4,0,,,,,,,,,
829733,2015,2015-04-18,Maharashtra Cricket Association Stadium,1,4.5,Kings XI Punjab,Kolkata Knight Riders,GJ Bailey,GJ Maxwell,AD Russell,1,0,,,,,,,,,
829733,2015,2015-04-18,Maharashtra Cricket Association Stadium,1,4.6,Kings XI Punjab,Kolkata Knight Riders,GJ Maxwell,GJ Bailey,AD Russell,1,0,,,,,,,,,
829733,2015,2015-04-18,Maharashtra Cricket Association Stadium,1,5.1,Kings XI Punjab,Kolkata Knight Riders,GJ Maxwell,GJ Bailey,M Morkel,6,0,,,,,,,,,
829733,2015,2015-04-18,Maharashtra Cricket Association Stadium,1,5.2,Kings XI Punjab,Kolkata Knight Riders,GJ Maxwell,GJ Bailey,M Morkel,4,0,,,,,,,,,
829733,2015,2015-04-18,Maharashtra Cricket Association Stadium,1,5.3,Kings XI Punjab,Kolkata Knight Riders,GJ Maxwell,GJ Bailey,M Morkel,1,0,,,,,,,,,
829733,2015,2015-04-18,Maharashtra Cricket Association Stadium,1,5.4,Kings XI Punjab,Kolkata Knight Riders,GJ Bailey,GJ Maxwell,M Morkel,0,0,,,,,,,,,
829733,2015,2015-04-18,Maharashtra Cricket Association Stadium,1,5.5,Kings XI Punjab,Kolkata Knight Riders,GJ Bailey,GJ Maxwell,M Morkel,0,0,,,,,,,,,
829733,2015,2015-04-18,Maharashtra Cricket Association Stadium,1,5.6,Kings XI Punjab,Kolkata Knight Riders,GJ Bailey,GJ Maxwell,M Morkel,0,0,,,,,,,,,
829733,2015,2015-04-18,Maharashtra Cricket Association Stadium,1,6.1,Kings XI Punjab,Kolkata Knight Riders,GJ Maxwell,GJ Bailey,SP Narine,0,0,,,,,,,,,
829733,2015,2015-04-18,Maharashtra Cricket Association Stadium,1,6.2,Kings XI Punjab,Kolkata Knight Riders,GJ Maxwell,GJ Bailey,SP Narine,0,0,,,,,,,,,
829733,2015,2015-04-18,Maharashtra Cricket Association Stadium,1,6.3,Kings XI Punjab,Kolkata Knight Riders,GJ Maxwell,GJ Bailey,SP Narine,0,0,,,,,,,,,
829733,2015,2015-04-18,Maharashtra Cricket Association Stadium,1,6.4,Kings XI Punjab,Kolkata Knight Riders,GJ Maxwell,GJ Bailey,SP Narine,0,0,,,,,,,,,
829733,2015,2015-04-18,Maharashtra Cricket Association Stadium,1,6.5,Kings XI Punjab,Kolkata Knight Riders,GJ Maxwell,GJ Bailey,SP Narine,1,0,,,,,,,,,
829733,2015,2015-04-18,Maharashtra Cricket Association Stadium,1,6.6,Kings XI Punjab,Kolkata Knight Riders,GJ Bailey,GJ Maxwell,SP Narine,1,0,,,,,,,,,
829733,2015,2015-04-18,Maharashtra Cricket Association Stadium,1,7.1,Kings XI Punjab,Kolkata Knight Riders,GJ Bailey,GJ Maxwell,AD Russell,0,0,,,,,,,,,
829733,2015,2015-04-18,Maharashtra Cricket Association Stadium,1,7.2,Kings XI Punjab,Kolkata Knight Riders,GJ Bailey,GJ Maxwell,AD Russell,0,0,,,,,,,,,
829733,2015,2015-04-18,Maharashtra Cricket Association Stadium,1,7.3,Kings XI Punjab,Kolkata Knight Riders,GJ Bailey,GJ Maxwell,AD Russell,1,0,,,,,,,,,
829733,2015,2015-04-18,Maharashtra Cricket Association Stadium,1,7.4,Kings XI Punjab,Kolkata Knight Riders,GJ Maxwell,GJ Bailey,AD Russell,0,0,,,,,,,,,
829733,2015,2015-04-18,Maharashtra Cricket Association Stadium,1,7.5,Kings XI Punjab,Kolkata Knight Riders,GJ Maxwell,GJ Bailey,AD Russell,1,0,,,,,,,,,
829733,2015,2015-04-18,Maharashtra Cricket Association Stadium,1,7.6,Kings XI Punjab,Kolkata Knight Riders,GJ Bailey,GJ Maxwell,AD Russell,2,0,,,,,,,,,
829733,2015,2015-04-18,Maharashtra Cricket Association Stadium,1,8.1,Kings XI Punjab,Kolkata Knight Riders,GJ Maxwell,GJ Bailey,SP Narine,1,0,,,,,,,,,
829733,2015,2015-04-18,Maharashtra Cricket Association Stadium,1,8.2,Kings XI Punjab,Kolkata Knight Riders,GJ Bailey,GJ Maxwell,SP Narine,1,0,,,,,,,,,
829733,2015,2015-04-18,Maharashtra Cricket Association Stadium,1,8.3,Kings XI Punjab,Kolkata Knight Riders,GJ Maxwell,GJ Bailey,SP Narine,4,0,,,,,,,,,
829733,2015,2015-04-18,Maharashtra Cricket Association Stadium,1,8.4,Kings XI Punjab,Kolkata Knight Riders,GJ Maxwell,GJ Bailey,SP Narine,0,0,,,,,,,,,
829733,2015,2015-04-18,Maharashtra Cricket Association Stadium,1,8.5,Kings XI Punjab,Kolkata Knight Riders,GJ Maxwell,GJ Bailey,SP Narine,0,4,,,4,,,,,,
829733,2015,2015-04-18,Maharashtra Cricket Association Stadium,1,8.6,Kings XI Punjab,Kolkata Knight Riders,GJ Maxwell,GJ Bailey,SP Narine,0,0,,,,,,,,,
829733,2015,2015-04-18,Maharashtra Cricket Association Stadium,1,9.1,Kings XI Punjab,Kolkata Knight Riders,GJ Bailey,GJ Maxwell,AD Russell,1,0,,,,,,,,,
829733,2015,2015-04-18,Maharashtra Cricket Association Stadium,1,9.2,Kings XI Punjab,Kolkata Knight Riders,GJ Maxwell,GJ Bailey,AD Russell,6,0,,,,,,,,,
829733,2015,2015-04-18,Maharashtra Cricket Association Stadium,1,9.3,Kings XI Punjab,Kolkata Knight Riders,GJ Maxwell,GJ Bailey,AD Russell,0,1,1,,,,,,,,
829733,2015,2015-04-18,Maharashtra Cricket Association Stadium,1,9.4,Kings XI Punjab,Kolkata Knight Riders,GJ Maxwell,GJ Bailey,AD Russell,0,1,1,,,,,,,,
829733,2015,2015-04-18,Maharashtra Cricket Association Stadium,1,9.5,Kings XI Punjab,Kolkata Knight Riders,GJ Maxwell,GJ Bailey,AD Russell,1,0,,,,,,,,,
829733,2015,2015-04-18,Maharashtra Cricket Association Stadium,1,9.6,Kings XI Punjab,Kolkata Knight Riders,GJ Bailey,GJ Maxwell,AD Russell,1,0,,,,,,,,,
829733,2015,2015-04-18,Maharashtra Cricket Association Stadium,1,9.7,Kings XI Punjab,Kolkata Knight Riders,GJ Maxwell,GJ Bailey,AD Russell,0,0,,,,,,,,,
829733,2015,2015-04-18,Maharashtra Cricket Association Stadium,1,9.8,Kings XI Punjab,Kolkata Knight Riders,GJ Maxwell,GJ Bailey,AD Russell,2,0,,,,,,,,,
829733,2015,2015-04-18,Maharashtra Cricket Association Stadium,1,10.1,Kings XI Punjab,Kolkata Knight Riders,GJ Bailey,GJ Maxwell,PP Chawla,1,0,,,,,,,,,
829733,2015,2015-04-18,Maharashtra Cricket Association Stadium,1,10.2,Kings XI Punjab,Kolkata Knight Riders,GJ Maxwell,GJ Bailey,PP Chawla,1,0,,,,,,,,,
829733,2015,2015-04-18,Maharashtra Cricket Association Stadium,1,10.3,Kings XI Punjab,Kolkata Knight Riders,GJ Bailey,GJ Maxwell,PP Chawla,0,0,,,,,,,,,
829733,2015,2015-04-18,Maharashtra Cricket Association Stadium,1,10.4,Kings XI Punjab,Kolkata Knight Riders,GJ Bailey,GJ Maxwell,PP Chawla,1,0,,,,,,,,,
829733,2015,2015-04-18,Maharashtra Cricket Association Stadium,1,10.5,Kings XI Punjab,Kolkata Knight Riders,GJ Maxwell,GJ Bailey,PP Chawla,2,0,,,,,,,,,
829733,2015,2015-04-18,Maharashtra Cricket Association Stadium,1,10.6,Kings XI Punjab,Kolkata Knight Riders,GJ Maxwell,GJ Bailey,PP Chawla,1,0,,,,,,,,,
829733,2015,2015-04-18,Maharashtra Cricket Association Stadium,1,11.1,Kings XI Punjab,Kolkata Knight Riders,GJ Maxwell,GJ Bailey,UT Yadav,1,0,,,,,,,,,
829733,2015,2015-04-18,Maharashtra Cricket Association Stadium,1,11.2,Kings XI Punjab,Kolkata Knight Riders,GJ Bailey,GJ Maxwell,UT Yadav,0,1,1,,,,,,,,
829733,2015,2015-04-18,Maharashtra Cricket Association Stadium,1,11.3,Kings XI Punjab,Kolkata Knight Riders,GJ Bailey,GJ Maxwell,UT Yadav,4,0,,,,,,,,,
829733,2015,2015-04-18,Maharashtra Cricket Association Stadium,1,11.4,Kings XI Punjab,Kolkata Knight Riders,GJ Bailey,GJ Maxwell,UT Yadav,1,0,,,,,,,,,
829733,2015,2015-04-18,Maharashtra Cricket Association Stadium,1,11.5,Kings XI Punjab,Kolkata Knight Riders,GJ Maxwell,GJ Bailey,UT Yadav,0,0,,,,,,caught,GJ Maxwell,,
829733,2015,2015-04-18,Maharashtra Cricket Association Stadium,1,11.6,Kings XI Punjab,Kolkata Knight Riders,GJ Bailey,NLTC Perera,UT Yadav,1,0,,,,,,,,,
829733,2015,2015-04-18,Maharashtra Cricket Association Stadium,1,11.7,Kings XI Punjab,Kolkata Knight Riders,NLTC Perera,GJ Bailey,UT Yadav,0,0,,,,,,,,,
829733,2015,2015-04-18,Maharashtra Cricket Association Stadium,1,12.1,Kings XI Punjab,Kolkata Knight Riders,GJ Bailey,NLTC Perera,PP Chawla,1,0,,,,,,,,,
829733,2015,2015-04-18,Maharashtra Cricket Association Stadium,1,12.2,Kings XI Punjab,Kolkata Knight Riders,NLTC Perera,GJ Bailey,PP Chawla,1,0,,,,,,,,,
829733,2015,2015-04-18,Maharashtra Cricket Association Stadium,1,12.3,Kings XI Punjab,Kolkata Knight Riders,GJ Bailey,NLTC Perera,PP Chawla,1,0,,,,,,,,,
829733,2015,2015-04-18,Maharashtra Cricket Association Stadium,1,12.4,Kings XI Punjab,Kolkata Knight Riders,NLTC Perera,GJ Bailey,PP Chawla,1,0,,,,,,,,,
829733,2015,2015-04-18,Maharashtra Cricket Association Stadium,1,12.5,Kings XI Punjab,Kolkata Knight Riders,GJ Bailey,NLTC Perera,PP Chawla,0,0,,,,,,,,,
829733,2015,2015-04-18,Maharashtra Cricket Association Stadium,1,12.6,Kings XI Punjab,Kolkata Knight Riders,GJ Bailey,NLTC Perera,PP Chawla,0,0,,,,,,,,,
829733,2015,2015-04-18,Maharashtra Cricket Association Stadium,1,13.1,Kings XI Punjab,Kolkata Knight Riders,NLTC Perera,GJ Bailey,AD Russell,6,0,,,,,,,,,
829733,2015,2015-04-18,Maharashtra Cricket Association Stadium,1,13.2,Kings XI Punjab,Kolkata Knight Riders,NLTC Perera,GJ Bailey,AD Russell,0,4,,,4,,,,,,
829733,2015,2015-04-18,Maharashtra Cricket Association Stadium,1,13.3,Kings XI Punjab,Kolkata Knight Riders,NLTC Perera,GJ Bailey,AD Russell,0,0,,,,,,,,,
829733,2015,2015-04-18,Maharashtra Cricket Association Stadium,1,13.4,Kings XI Punjab,Kolkata Knight Riders,NLTC Perera,GJ Bailey,AD Russell,1,0,,,,,,,,,
829733,2015,2015-04-18,Maharashtra Cricket Association Stadium,1,13.5,Kings XI Punjab,Kolkata Knight Riders,GJ Bailey,NLTC Perera,AD Russell,1,0,,,,,,,,,
829733,2015,2015-04-18,Maharashtra Cricket Association Stadium,1,13.6,Kings XI Punjab,Kolkata Knight Riders,NLTC Perera,GJ Bailey,AD Russell,0,0,,,,,,caught,NLTC Perera,,
829733,2015,2015-04-18,Maharashtra Cricket Association Stadium,1,14.1,Kings XI Punjab,Kolkata Knight Riders,GJ Bailey,Gurkeerat Singh,PP Chawla,1,0,,,,,,,,,
829733,2015,2015-04-18,Maharashtra Cricket Association Stadium,1,14.2,Kings XI Punjab,Kolkata Knight Riders,Gurkeerat Singh,GJ Bailey,PP Chawla,1,0,,,,,,,,,
829733,2015,2015-04-18,Maharashtra Cricket Association Stadium,1,14.3,Kings XI Punjab,Kolkata Knight Riders,GJ Bailey,Gurkeerat Singh,PP Chawla,1,0,,,,,,,,,
829733,2015,2015-04-18,Maharashtra Cricket Association Stadium,1,14.4,Kings XI Punjab,Kolkata Knight Riders,Gurkeerat Singh,GJ Bailey,PP Chawla,0,0,,,,,,,,,
829733,2015,2015-04-18,Maharashtra Cricket Association Stadium,1,14.5,Kings XI Punjab,Kolkata Knight Riders,Gurkeerat Singh,GJ Bailey,PP Chawla,1,0,,,,,,,,,
829733,2015,2015-04-18,Maharashtra Cricket Association Stadium,1,14.6,Kings XI Punjab,Kolkata Knight Riders,GJ Bailey,Gurkeerat Singh,PP Chawla,1,0,,,,,,,,,
829733,2015,2015-04-18,Maharashtra Cricket Association Stadium,1,15.1,Kings XI Punjab,Kolkata Knight Riders,GJ Bailey,Gurkeerat Singh,SP Narine,1,0,,,,,,,,,
829733,2015,2015-04-18,Maharashtra Cricket Association Stadium,1,15.2,Kings XI Punjab,Kolkata Knight Riders,Gurkeerat Singh,GJ Bailey,SP Narine,0,0,,,,,,,,,
829733,2015,2015-04-18,Maharashtra Cricket Association Stadium,1,15.3,Kings XI Punjab,Kolkata Knight Riders,Gurkeerat Singh,GJ Bailey,SP Narine,0,0,,,,,,,,,
829733,2015,2015-04-18,Maharashtra Cricket Association Stadium,1,15.4,Kings XI Punjab,Kolkata Knight Riders,Gurkeerat Singh,GJ Bailey,SP Narine,1,0,,,,,,,,,
829733,2015,2015-04-18,Maharashtra Cricket Association Stadium,1,15.5,Kings XI Punjab,Kolkata Knight Riders,GJ Bailey,Gurkeerat Singh,SP Narine,0,0,,,,,,,,,
829733,2015,2015-04-18,Maharashtra Cricket Association Stadium,1,15.6,Kings XI Punjab,Kolkata Knight Riders,GJ Bailey,Gurkeerat Singh,SP Narine,1,0,,,,,,,,,
829733,2015,2015-04-18,Maharashtra Cricket Association Stadium,1,16.1,Kings XI Punjab,Kolkata Knight Riders,GJ Bailey,Gurkeerat Singh,PP Chawla,1,0,,,,,,,,,
829733,2015,2015-04-18,Maharashtra Cricket Association Stadium,1,16.2,Kings XI Punjab,Kolkata Knight Riders,Gurkeerat Singh,GJ Bailey,PP Chawla,6,0,,,,,,,,,
829733,2015,2015-04-18,Maharashtra Cricket Association Stadium,1,16.3,Kings XI Punjab,Kolkata Knight Riders,Gurkeerat Singh,GJ Bailey,PP Chawla,1,0,,,,,,,,,
829733,2015,2015-04-18,Maharashtra Cricket Association Stadium,1,16.4,Kings XI Punjab,Kolkata Knight Riders,GJ Bailey,Gurkeerat Singh,PP Chawla,0,0,,,,,,,,,
829733,2015,2015-04-18,Maharashtra Cricket Association Stadium,1,16.5,Kings XI Punjab,Kolkata Knight Riders,GJ Bailey,Gurkeerat Singh,PP Chawla,0,0,,,,,,,,,
829733,2015,2015-04-18,Maharashtra Cricket Association Stadium,1,16.6,Kings XI Punjab,Kolkata Knight Riders,GJ Bailey,Gurkeerat Singh,PP Chawla,6,0,,,,,,,,,
829733,2015,2015-04-18,Maharashtra Cricket Association Stadium,1,17.1,Kings XI Punjab,Kolkata Knight Riders,Gurkeerat Singh,GJ Bailey,UT Yadav,1,0,,,,,,,,,
829733,2015,2015-04-18,Maharashtra Cricket Association Stadium,1,17.2,Kings XI Punjab,Kolkata Knight Riders,GJ Bailey,Gurkeerat Singh,UT Yadav,1,0,,,,,,,,,
829733,2015,2015-04-18,Maharashtra Cricket Association Stadium,1,17.3,Kings XI Punjab,Kolkata Knight Riders,Gurkeerat Singh,GJ Bailey,UT Yadav,0,0,,,,,,caught,Gurkeerat Singh,,
829733,2015,2015-04-18,Maharashtra Cricket Association Stadium,1,17.4,Kings XI Punjab,Kolkata Knight Riders,AR Patel,GJ Bailey,UT Yadav,1,0,,,,,,,,,
829733,2015,2015-04-18,Maharashtra Cricket Association Stadium,1,17.5,Kings XI Punjab,Kolkata Knight Riders,GJ Bailey,AR Patel,UT Yadav,4,0,,,,,,,,,
829733,2015,2015-04-18,Maharashtra Cricket Association Stadium,1,17.6,Kings XI Punjab,Kolkata Knight Riders,GJ Bailey,AR Patel,UT Yadav,4,0,,,,,,,,,
829733,2015,2015-04-18,Maharashtra Cricket Association Stadium,1,18.1,Kings XI Punjab,Kolkata Knight Riders,AR Patel,GJ Bailey,SP Narine,1,0,,,,,,,,,
829733,2015,2015-04-18,Maharashtra Cricket Association Stadium,1,18.2,Kings XI Punjab,Kolkata Knight Riders,GJ Bailey,AR Patel,SP Narine,0,0,,,,,,,,,
829733,2015,2015-04-18,Maharashtra Cricket Association Stadium,1,18.3,Kings XI Punjab,Kolkata Knight Riders,GJ Bailey,AR Patel,SP Narine,2,0,,,,,,,,,
829733,2015,2015-04-18,Maharashtra Cricket Association Stadium,1,18.4,Kings XI Punjab,Kolkata Knight Riders,GJ Bailey,AR Patel,SP Narine,2,0,,,,,,,,,
829733,2015,2015-04-18,Maharashtra Cricket Association Stadium,1,18.5,Kings XI Punjab,Kolkata Knight Riders,GJ Bailey,AR Patel,SP Narine,1,0,,,,,,,,,
829733,2015,2015-04-18,Maharashtra Cricket Association Stadium,1,18.6,Kings XI Punjab,Kolkata Knight Riders,AR Patel,GJ Bailey,SP Narine,0,0,,,,,,caught,AR Patel,,
829733,2015,2015-04-18,Maharashtra Cricket Association Stadium,1,19.1,Kings XI Punjab,Kolkata Knight Riders,MG Johnson,GJ Bailey,M Morkel,1,0,,,,,,,,,
829733,2015,2015-04-18,Maharashtra Cricket Association Stadium,1,19.2,Kings XI Punjab,Kolkata Knight Riders,GJ Bailey,MG Johnson,M Morkel,6,0,,,,,,,,,
829733,2015,2015-04-18,Maharashtra Cricket Association Stadium,1,19.3,Kings XI Punjab,Kolkata Knight Riders,GJ Bailey,MG Johnson,M Morkel,0,0,,,,,,,,,
829733,2015,2015-04-18,Maharashtra Cricket Association Stadium,1,19.4,Kings XI Punjab,Kolkata Knight Riders,GJ Bailey,MG Johnson,M Morkel,1,0,,,,,,run out,GJ Bailey,,
829733,2015,2015-04-18,Maharashtra Cricket Association Stadium,1,19.5,Kings XI Punjab,Kolkata Knight Riders,Anureet Singh,MG Johnson,M Morkel,0,1,,,1,,,,,,
829733,2015,2015-04-18,Maharashtra Cricket Association Stadium,1,19.6,Kings XI Punjab,Kolkata Knight Riders,MG Johnson,Anureet Singh,M Morkel,0,0,,,,,,caught,MG Johnson,,
829733,2015,2015-04-18,Maharashtra Cricket Association Stadium,2,0.1,Kolkata Knight Riders,Kings XI Punjab,RV Uthappa,G Gambhir,Sandeep Sharma,2,0,,,,,,,,,
829733,2015,2015-04-18,Maharashtra Cricket Association Stadium,2,0.2,Kolkata Knight Riders,Kings XI Punjab,RV Uthappa,G Gambhir,Sandeep Sharma,0,0,,,,,,,,,
829733,2015,2015-04-18,Maharashtra Cricket Association Stadium,2,0.3,Kolkata Knight Riders,Kings XI Punjab,RV Uthappa,G Gambhir,Sandeep Sharma,0,0,,,,,,,,,
829733,2015,2015-04-18,Maharashtra Cricket Association Stadium,2,0.4,Kolkata Knight Riders,Kings XI Punjab,RV Uthappa,G Gambhir,Sandeep Sharma,1,0,,,,,,,,,
829733,2015,2015-04-18,Maharashtra Cricket Association Stadium,2,0.5,Kolkata Knight Riders,Kings XI Punjab,G Gambhir,RV Uthappa,Sandeep Sharma,1,0,,,,,,,,,
829733,2015,2015-04-18,Maharashtra Cricket Association Stadium,2,0.6,Kolkata Knight Riders,Kings XI Punjab,RV Uthappa,G Gambhir,Sandeep Sharma,4,0,,,,,,,,,
829733,2015,2015-04-18,Maharashtra Cricket Association Stadium,2,1.1,Kolkata Knight Riders,Kings XI Punjab,G Gambhir,RV Uthappa,Anureet Singh,0,0,,,,,,,,,
829733,2015,2015-04-18,Maharashtra Cricket Association Stadium,2,1.2,Kolkata Knight Riders,Kings XI Punjab,G Gambhir,RV Uthappa,Anureet Singh,0,1,,,,1,,,,,
829733,2015,2015-04-18,Maharashtra Cricket Association Stadium,2,1.3,Kolkata Knight Riders,Kings XI Punjab,RV Uthappa,G Gambhir,Anureet Singh,4,0,,,,,,,,,
829733,2015,2015-04-18,Maharashtra Cricket Association Stadium,2,1.4,Kolkata Knight Riders,Kings XI Punjab,RV Uthappa,G Gambhir,Anureet Singh,1,0,,,,,,,,,
829733,2015,2015-04-18,Maharashtra Cricket Association Stadium,2,1.5,Kolkata Knight Riders,Kings XI Punjab,G Gambhir,RV Uthappa,Anureet Singh,1,0,,,,,,,,,
829733,2015,2015-04-18,Maharashtra Cricket Association Stadium,2,1.6,Kolkata Knight Riders,Kings XI Punjab,RV Uthappa,G Gambhir,Anureet Singh,1,0,,,,,,,,,
829733,2015,2015-04-18,Maharashtra Cricket Association Stadium,2,2.1,Kolkata Knight Riders,Kings XI Punjab,RV Uthappa,G Gambhir,Sandeep Sharma,0,0,,,,,,,,,
829733,2015,2015-04-18,Maharashtra Cricket Association Stadium,2,2.2,Kolkata Knight Riders,Kings XI Punjab,RV Uthappa,G Gambhir,Sandeep Sharma,0,0,,,,,,lbw,RV Uthappa,,
829733,2015,2015-04-18,Maharashtra Cricket Association Stadium,2,2.3,Kolkata Knight Riders,Kings XI Punjab,MK Pandey,G Gambhir,Sandeep Sharma,3,0,,,,,,,,,
829733,2015,2015-04-18,Maharashtra Cricket Association Stadium,2,2.4,Kolkata Knight Riders,Kings XI Punjab,G Gambhir,MK Pandey,Sandeep Sharma,2,0,,,,,,,,,
829733,2015,2015-04-18,Maharashtra Cricket Association Stadium,2,2.5,Kolkata Knight Riders,Kings XI Punjab,G Gambhir,MK Pandey,Sandeep Sharma,0,0,,,,,,,,,
829733,2015,2015-04-18,Maharashtra Cricket Association Stadium,2,2.6,Kolkata Knight Riders,Kings XI Punjab,G Gambhir,MK Pandey,Sandeep Sharma,0,0,,,,,,,,,
829733,2015,2015-04-18,Maharashtra Cricket Association Stadium,2,3.1,Kolkata Knight Riders,Kings XI Punjab,MK Pandey,G Gambhir,Anureet Singh,0,0,,,,,,,,,
829733,2015,2015-04-18,Maharashtra Cricket Association Stadium,2,3.2,Kolkata Knight Riders,Kings XI Punjab,MK Pandey,G Gambhir,Anureet Singh,1,0,,,,,,,,,
829733,2015,2015-04-18,Maharashtra Cricket Association Stadium,2,3.3,Kolkata Knight Riders,Kings XI Punjab,G Gambhir,MK Pandey,Anureet Singh,0,0,,,,,,,,,
829733,2015,2015-04-18,Maharashtra Cricket Association Stadium,2,3.4,Kolkata Knight Riders,Kings XI Punjab,G Gambhir,MK Pandey,Anureet Singh,4,0,,,,,,,,,
829733,2015,2015-04-18,Maharashtra Cricket Association Stadium,2,3.5,Kolkata Knight Riders,Kings XI Punjab,G Gambhir,MK Pandey,Anureet Singh,0,0,,,,,,,,,
829733,2015,2015-04-18,Maharashtra Cricket Association Stadium,2,3.6,Kolkata Knight Riders,Kings XI Punjab,G Gambhir,MK Pandey,Anureet Singh,0,0,,,,,,,,,
829733,2015,2015-04-18,Maharashtra Cricket Association Stadium,2,4.1,Kolkata Knight Riders,Kings XI Punjab,MK Pandey,G Gambhir,Sandeep Sharma,4,0,,,,,,,,,
829733,2015,2015-04-18,Maharashtra Cricket Association Stadium,2,4.2,Kolkata Knight Riders,Kings XI Punjab,MK Pandey,G Gambhir,Sandeep Sharma,4,0,,,,,,,,,
829733,2015,2015-04-18,Maharashtra Cricket Association Stadium,2,4.3,Kolkata Knight Riders,Kings XI Punjab,MK Pandey,G Gambhir,Sandeep Sharma,0,0,,,,,,caught,MK Pandey,,
829733,2015,2015-04-18,Maharashtra Cricket Association Stadium,2,4.4,Kolkata Knight Riders,Kings XI Punjab,SA Yadav,G Gambhir,Sandeep Sharma,0,0,,,,,,,,,
829733,2015,2015-04-18,Maharashtra Cricket Association Stadium,2,4.5,Kolkata Knight Riders,Kings XI Punjab,SA Yadav,G Gambhir,Sandeep Sharma,0,0,,,,,,,,,
829733,2015,2015-04-18,Maharashtra Cricket Association Stadium,2,4.6,Kolkata Knight Riders,Kings XI Punjab,SA Yadav,G Gambhir,Sandeep Sharma,4,0,,,,,,,,,
829733,2015,2015-04-18,Maharashtra Cricket Association Stadium,2,5.1,Kolkata Knight Riders,Kings XI Punjab,G Gambhir,SA Yadav,MG Johnson,0,0,,,,,,,,,
829733,2015,2015-04-18,Maharashtra Cricket Association Stadium,2,5.2,Kolkata Knight Riders,Kings XI Punjab,G Gambhir,SA Yadav,MG Johnson,1,0,,,,,,,,,
829733,2015,2015-04-18,Maharashtra Cricket Association Stadium,2,5.3,Kolkata Knight Riders,Kings XI Punjab,SA Yadav,G Gambhir,MG Johnson,6,0,,,,,,,,,
829733,2015,2015-04-18,Maharashtra Cricket Association Stadium,2,5.4,Kolkata Knight Riders,Kings XI Punjab,SA Yadav,G Gambhir,MG Johnson,2,0,,,,,,,,,
829733,2015,2015-04-18,Maharashtra Cricket Association Stadium,2,5.5,Kolkata Knight Riders,Kings XI Punjab,SA Yadav,G Gambhir,MG Johnson,0,0,,,,,,,,,
829733,2015,2015-04-18,Maharashtra Cricket Association Stadium,2,5.6,Kolkata Knight Riders,Kings XI Punjab,SA Yadav,G Gambhir,MG Johnson,6,0,,,,,,,,,
829733,2015,2015-04-18,Maharashtra Cricket Association Stadium,2,6.1,Kolkata Knight Riders,Kings XI Punjab,G Gambhir,SA Yadav,NLTC Perera,1,0,,,,,,,,,
829733,2015,2015-04-18,Maharashtra Cricket Association Stadium,2,6.2,Kolkata Knight Riders,Kings XI Punjab,SA Yadav,G Gambhir,NLTC Perera,4,0,,,,,,,,,
829733,2015,2015-04-18,Maharashtra Cricket Association Stadium,2,6.3,Kolkata Knight Riders,Kings XI Punjab,SA Yadav,G Gambhir,NLTC Perera,1,0,,,,,,,,,
829733,2015,2015-04-18,Maharashtra Cricket Association Stadium,2,6.4,Kolkata Knight Riders,Kings XI Punjab,G Gambhir,SA Yadav,NLTC Perera,1,0,,,,,,,,,
829733,2015,2015-04-18,Maharashtra Cricket Association Stadium,2,6.5,Kolkata Knight Riders,Kings XI Punjab,SA Yadav,G Gambhir,NLTC Perera,0,0,,,,,,caught,SA Yadav,,
829733,2015,2015-04-18,Maharashtra Cricket Association Stadium,2,6.6,Kolkata Knight Riders,Kings XI Punjab,YK Pathan,G Gambhir,NLTC Perera,0,0,,,,,,,,,
829733,2015,2015-04-18,Maharashtra Cricket Association Stadium,2,7.1,Kolkata Knight Riders,Kings XI Punjab,G Gambhir,YK Pathan,Sandeep Sharma,0,0,,,,,,,,,
829733,2015,2015-04-18,Maharashtra Cricket Association Stadium,2,7.2,Kolkata Knight Riders,Kings XI Punjab,G Gambhir,YK Pathan,Sandeep Sharma,0,0,,,,,,,,,
829733,2015,2015-04-18,Maharashtra Cricket Association Stadium,2,7.3,Kolkata Knight Riders,Kings XI Punjab,G Gambhir,YK Pathan,Sandeep Sharma,0,0,,,,,,,,,
829733,2015,2015-04-18,Maharashtra Cricket Association Stadium,2,7.4,Kolkata Knight Riders,Kings XI Punjab,G Gambhir,YK Pathan,Sandeep Sharma,0,0,,,,,,caught,G Gambhir,,
829733,2015,2015-04-18,Maharashtra Cricket Association Stadium,2,7.5,Kolkata Knight Riders,Kings XI Punjab,RN ten Doeschate,YK Pathan,Sandeep Sharma,0,0,,,,,,lbw,RN ten Doeschate,,
829733,2015,2015-04-18,Maharashtra Cricket Association Stadium,2,7.6,Kolkata Knight Riders,Kings XI Punjab,AD Russell,YK Pathan,Sandeep Sharma,0,0,,,,,,,,,
829733,2015,2015-04-18,Maharashtra Cricket Association Stadium,2,8.1,Kolkata Knight Riders,Kings XI Punjab,YK Pathan,AD Russell,AR Patel,0,0,,,,,,,,,
829733,2015,2015-04-18,Maharashtra Cricket Association Stadium,2,8.2,Kolkata Knight Riders,Kings XI Punjab,YK Pathan,AD Russell,AR Patel,0,0,,,,,,,,,
829733,2015,2015-04-18,Maharashtra Cricket Association Stadium,2,8.3,Kolkata Knight Riders,Kings XI Punjab,YK Pathan,AD Russell,AR Patel,0,0,,,,,,,,,
829733,2015,2015-04-18,Maharashtra Cricket Association Stadium,2,8.4,Kolkata Knight Riders,Kings XI Punjab,YK Pathan,AD Russell,AR Patel,1,0,,,,,,,,,
829733,2015,2015-04-18,Maharashtra Cricket Association Stadium,2,8.5,Kolkata Knight Riders,Kings XI Punjab,AD Russell,YK Pathan,AR Patel,2,0,,,,,,,,,
829733,2015,2015-04-18,Maharashtra Cricket Association Stadium,2,8.6,Kolkata Knight Riders,Kings XI Punjab,AD Russell,YK Pathan,AR Patel,0,0,,,,,,,,,
829733,2015,2015-04-18,Maharashtra Cricket Association Stadium,2,9.1,Kolkata Knight Riders,Kings XI Punjab,YK Pathan,AD Russell,NLTC Perera,0,0,,,,,,,,,
829733,2015,2015-04-18,Maharashtra Cricket Association Stadium,2,9.2,Kolkata Knight Riders,Kings XI Punjab,YK Pathan,AD Russell,NLTC Perera,1,0,,,,,,,,,
829733,2015,2015-04-18,Maharashtra Cricket Association Stadium,2,9.3,Kolkata Knight Riders,Kings XI Punjab,AD Russell,YK Pathan,NLTC Perera,4,0,,,,,,,,,
829733,2015,2015-04-18,Maharashtra Cricket Association Stadium,2,9.4,Kolkata Knight Riders,Kings XI Punjab,AD Russell,YK Pathan,NLTC Perera,0,0,,,,,,,,,
829733,2015,2015-04-18,Maharashtra Cricket Association Stadium,2,9.5,Kolkata Knight Riders,Kings XI Punjab,AD Russell,YK Pathan,NLTC Perera,0,0,,,,,,,,,
829733,2015,2015-04-18,Maharashtra Cricket Association Stadium,2,9.6,Kolkata Knight Riders,Kings XI Punjab,AD Russell,YK Pathan,NLTC Perera,0,0,,,,,,,,,
829733,2015,2015-04-18,Maharashtra Cricket Association Stadium,2,10.1,Kolkata Knight Riders,Kings XI Punjab,YK Pathan,AD Russell,MG Johnson,0,0,,,,,,,,,
829733,2015,2015-04-18,Maharashtra Cricket Association Stadium,2,10.2,Kolkata Knight Riders,Kings XI Punjab,YK Pathan,AD Russell,MG Johnson,1,0,,,,,,,,,
829733,2015,2015-04-18,Maharashtra Cricket Association Stadium,2,10.3,Kolkata Knight Riders,Kings XI Punjab,AD Russell,YK Pathan,MG Johnson,4,0,,,,,,,,,
829733,2015,2015-04-18,Maharashtra Cricket Association Stadium,2,10.4,Kolkata Knight Riders,Kings XI Punjab,AD Russell,YK Pathan,MG Johnson,0,0,,,,,,,,,
829733,2015,2015-04-18,Maharashtra Cricket Association Stadium,2,10.5,Kolkata Knight Riders,Kings XI Punjab,AD Russell,YK Pathan,MG Johnson,4,0,,,,,,,,,
829733,2015,2015-04-18,Maharashtra Cricket Association Stadium,2,10.6,Kolkata Knight Riders,Kings XI Punjab,AD Russell,YK Pathan,MG Johnson,0,0,,,,,,,,,
829733,2015,2015-04-18,Maharashtra Cricket Association Stadium,2,11.1,Kolkata Knight Riders,Kings XI Punjab,YK Pathan,AD Russell,NLTC Perera,0,1,1,,,,,,,,
829733,2015,2015-04-18,Maharashtra Cricket Association Stadium,2,11.2,Kolkata Knight Riders,Kings XI Punjab,YK Pathan,AD Russell,NLTC Perera,1,0,,,,,,,,,
829733,2015,2015-04-18,Maharashtra Cricket Association Stadium,2,11.3,Kolkata Knight Riders,Kings XI Punjab,AD Russell,YK Pathan,NLTC Perera,4,0,,,,,,,,,
829733,2015,2015-04-18,Maharashtra Cricket Association Stadium,2,11.4,Kolkata Knight Riders,Kings XI Punjab,AD Russell,YK Pathan,NLTC Perera,0,0,,,,,,,,,
829733,2015,2015-04-18,Maharashtra Cricket Association Stadium,2,11.5,Kolkata Knight Riders,Kings XI Punjab,AD Russell,YK Pathan,NLTC Perera,0,0,,,,,,,,,
829733,2015,2015-04-18,Maharashtra Cricket Association Stadium,2,11.6,Kolkata Knight Riders,Kings XI Punjab,AD Russell,YK Pathan,NLTC Perera,0,0,,,,,,,,,
829733,2015,2015-04-18,Maharashtra Cricket Association Stadium,2,11.7,Kolkata Knight Riders,Kings XI Punjab,AD Russell,YK Pathan,NLTC Perera,1,0,,,,,,,,,
829733,2015,2015-04-18,Maharashtra Cricket Association Stadium,2,12.1,Kolkata Knight Riders,Kings XI Punjab,AD Russell,YK Pathan,AR Patel,4,0,,,,,,,,,
829733,2015,2015-04-18,Maharashtra Cricket Association Stadium,2,12.2,Kolkata Knight Riders,Kings XI Punjab,AD Russell,YK Pathan,AR Patel,6,0,,,,,,,,,
829733,2015,2015-04-18,Maharashtra Cricket Association Stadium,2,12.3,Kolkata Knight Riders,Kings XI Punjab,AD Russell,YK Pathan,AR Patel,4,0,,,,,,,,,
829733,2015,2015-04-18,Maharashtra Cricket Association Stadium,2,12.4,Kolkata Knight Riders,Kings XI Punjab,AD Russell,YK Pathan,AR Patel,2,0,,,,,,,,,
829733,2015,2015-04-18,Maharashtra Cricket Association Stadium,2,12.5,Kolkata Knight Riders,Kings XI Punjab,AD Russell,YK Pathan,AR Patel,2,0,,,,,,,,,
829733,2015,2015-04-18,Maharashtra Cricket Association Stadium,2,12.6,Kolkata Knight Riders,Kings XI Punjab,AD Russell,YK Pathan,AR Patel,1,0,,,,,,,,,
829733,2015,2015-04-18,Maharashtra Cricket Association Stadium,2,13.1,Kolkata Knight Riders,Kings XI Punjab,AD Russell,YK Pathan,MG Johnson,4,0,,,,,,,,,
829733,2015,2015-04-18,Maharashtra Cricket Association Stadium,2,13.2,Kolkata Knight Riders,Kings XI Punjab,AD Russell,YK Pathan,MG Johnson,1,0,,,,,,,,,
829733,2015,2015-04-18,Maharashtra Cricket Association Stadium,2,13.3,Kolkata Knight Riders,Kings XI Punjab,YK Pathan,AD Russell,MG Johnson,4,0,,,,,,,,,
829733,2015,2015-04-18,Maharashtra Cricket Association Stadium,2,13.4,Kolkata Knight Riders,Kings XI Punjab,YK Pathan,AD Russell,MG Johnson,0,0,,,,,,,,,
829733,2015,2015-04-18,Maharashtra Cricket Association Stadium,2,13.5,Kolkata Knight Riders,Kings XI Punjab,YK Pathan,AD Russell,MG Johnson,1,0,,,,,,,,,
829733,2015,2015-04-18,Maharashtra Cricket Association Stadium,2,13.6,Kolkata Knight Riders,Kings XI Punjab,AD Russell,YK Pathan,MG Johnson,0,0,,,,,,,,,
829733,2015,2015-04-18,Maharashtra Cricket Association Stadium,2,14.1,Kolkata Knight Riders,Kings XI Punjab,YK Pathan,AD Russell,Anureet Singh,0,0,,,,,,,,,
829733,2015,2015-04-18,Maharashtra Cricket Association Stadium,2,14.2,Kolkata Knight Riders,Kings XI Punjab,YK Pathan,AD Russell,Anureet Singh,4,0,,,,,,,,,
829733,2015,2015-04-18,Maharashtra Cricket Association Stadium,2,14.3,Kolkata Knight Riders,Kings XI Punjab,YK Pathan,AD Russell,Anureet Singh,1,0,,,,,,,,,
829733,2015,2015-04-18,Maharashtra Cricket Association Stadium,2,14.4,Kolkata Knight Riders,Kings XI Punjab,AD Russell,YK Pathan,Anureet Singh,2,0,,,,,,,,,
829733,2015,2015-04-18,Maharashtra Cricket Association Stadium,2,14.5,Kolkata Knight Riders,Kings XI Punjab,AD Russell,YK Pathan,Anureet Singh,1,0,,,,,,,,,
829733,2015,2015-04-18,Maharashtra Cricket Association Stadium,2,14.6,Kolkata Knight Riders,Kings XI Punjab,YK Pathan,AD Russell,Anureet Singh,4,0,,,,,,,,,
829733,2015,2015-04-18,Maharashtra Cricket Association Stadium,2,15.1,Kolkata Knight Riders,Kings XI Punjab,AD Russell,YK Pathan,NLTC Perera,4,0,,,,,,,,,
829733,2015,2015-04-18,Maharashtra Cricket Association Stadium,2,15.2,Kolkata Knight Riders,Kings XI Punjab,AD Russell,YK Pathan,NLTC Perera,1,0,,,,,,,,,
829733,2015,2015-04-18,Maharashtra Cricket Association Stadium,2,15.3,Kolkata Knight Riders,Kings XI Punjab,YK Pathan,AD Russell,NLTC Perera,1,0,,,,,,,,,
829733,2015,2015-04-18,Maharashtra Cricket Association Stadium,2,15.4,Kolkata Knight Riders,Kings XI Punjab,AD Russell,YK Pathan,NLTC Perera,6,0,,,,,,,,,
829733,2015,2015-04-18,Maharashtra Cricket Association Stadium,2,15.5,Kolkata Knight Riders,Kings XI Punjab,AD Russell,YK Pathan,NLTC Perera,1,0,,,,,,,,,
829733,2015,2015-04-18,Maharashtra Cricket Association Stadium,2,15.6,Kolkata Knight Riders,Kings XI Punjab,YK Pathan,AD Russell,NLTC Perera,1,0,,,,,,,,,
829733,2015,2015-04-18,Maharashtra Cricket Association Stadium,2,16.1,Kolkata Knight Riders,Kings XI Punjab,YK Pathan,AD Russell,Anureet Singh,4,0,,,,,,,,,
829733,2015,2015-04-18,Maharashtra Cricket Association Stadium,2,16.2,Kolkata Knight Riders,Kings XI Punjab,YK Pathan,AD Russell,Anureet Singh,1,0,,,,,,,,,
829733,2015,2015-04-18,Maharashtra Cricket Association Stadium,2,16.3,Kolkata Knight Riders,Kings XI Punjab,AD Russell,YK Pathan,Anureet Singh,2,0,,,,,,,,,
829733,2015,2015-04-18,Maharashtra Cricket Association Stadium,2,16.4,Kolkata Knight Riders,Kings XI Punjab,AD Russell,YK Pathan,Anureet Singh,1,0,,,,,,,,,
829733,2015,2015-04-18,Maharashtra Cricket Association Stadium,2,16.5,Kolkata Knight Riders,Kings XI Punjab,YK Pathan,AD Russell,Anureet Singh,1,0,,,,,,,,,
829733,2015,2015-04-18,Maharashtra Cricket Association Stadium,2,16.6,Kolkata Knight Riders,Kings XI Punjab,AD Russell,YK Pathan,Anureet Singh,4,0,,,,,,,,,
829733,2015,2015-04-18,Maharashtra Cricket Association Stadium,2,17.1,Kolkata Knight Riders,Kings XI Punjab,YK Pathan,AD Russell,MG Johnson,1,0,,,,,,,,,
829733,2015,2015-04-18,Maharashtra Cricket Association Stadium,2,17.2,Kolkata Knight Riders,Kings XI Punjab,AD Russell,YK Pathan,MG Johnson,1,0,,,,,,,,,
829733,2015,2015-04-18,Maharashtra Cricket Association Stadium,2,17.3,Kolkata Knight Riders,Kings XI Punjab,YK Pathan,AD Russell,MG Johnson,1,0,,,,,,,,,
829733,2015,2015-04-18,Maharashtra Cricket Association Stadium,2,17.4,Kolkata Knight Riders,Kings XI Punjab,AD Russell,YK Pathan,MG Johnson,0,0,,,,,,bowled,AD Russell,,
829733,2015,2015-04-18,Maharashtra Cricket Association Stadium,2,17.5,Kolkata Knight Riders,Kings XI Punjab,PP Chawla,YK Pathan,MG Johnson,4,0,,,,,,,,,
