match_id,season,start_date,venue,innings,ball,batting_team,bowling_team,striker,non_striker,bowler,runs_off_bat,extras,wides,noballs,byes,legbyes,penalty,wicket_type,player_dismissed,other_wicket_type,other_player_dismissed
829757,2015,2015-04-26,Feroz Shah Kotla,1,0.1,Delhi Daredevils,Royal Challengers Bangalore,MA Agarwal,SS Iyer,MA Starc,0,0,,,,,,,,,
829757,2015,2015-04-26,Feroz Shah Kotla,1,0.2,Delhi Daredevils,Royal Challengers Bangalore,MA Agarwal,SS Iyer,MA Starc,0,0,,,,,,,,,
829757,2015,2015-04-26,Feroz Shah Kotla,1,0.3,Delhi Daredevils,Royal Challengers Bangalore,MA Agarwal,SS Iyer,MA Starc,0,0,,,,,,,,,
829757,2015,2015-04-26,Feroz Shah Kotla,1,0.4,Delhi Daredevils,Royal Challengers Bangalore,MA Agarwal,SS Iyer,MA Starc,1,0,,,,,,,,,
829757,2015,2015-04-26,Feroz Shah Kotla,1,0.5,Delhi Daredevils,Royal Challengers Bangalore,SS Iyer,MA Agarwal,MA Starc,0,1,1,,,,,,,,
829757,2015,2015-04-26,Feroz Shah Kotla,1,0.6,Delhi Daredevils,Royal Challengers Bangalore,SS Iyer,MA Agarwal,MA Starc,0,0,,,,,,lbw,SS Iyer,,
829757,2015,2015-04-26,Feroz Shah Kotla,1,0.7,Delhi Daredevils,Royal Challengers Bangalore,JP Duminy,MA Agarwal,MA Starc,0,0,,,,,,,,,
829757,2015,2015-04-26,Feroz Shah Kotla,1,1.1,Delhi Daredevils,Royal Challengers Bangalore,MA Agarwal,JP Duminy,VR Aaron,0,0,,,,,,,,,
829757,2015,2015-04-26,Feroz Shah Kotla,1,1.2,Delhi Daredevils,Royal Challengers Bangalore,MA Agarwal,JP Duminy,VR Aaron,4,0,,,,,,,,,
829757,2015,2015-04-26,Feroz Shah Kotla,1,1.3,Delhi Daredevils,Royal Challengers Bangalore,MA Agarwal,JP Duminy,VR Aaron,0,1,1,,,,,,,,
829757,2015,2015-04-26,Feroz Shah Kotla,1,1.4,Delhi Daredevils,Royal Challengers Bangalore,MA Agarwal,JP Duminy,VR Aaron,1,0,,,,,,,,,
829757,2015,2015-04-26,Feroz Shah Kotla,1,1.5,Delhi Daredevils,Royal Challengers Bangalore,JP Duminy,MA Agarwal,VR Aaron,0,1,,,,1,,,,,
829757,2015,2015-04-26,Feroz Shah Kotla,1,1.6,Delhi Daredevils,Royal Challengers Bangalore,MA Agarwal,JP Duminy,VR Aaron,1,0,,,,,,,,,
829757,2015,2015-04-26,Feroz Shah Kotla,1,1.7,Delhi Daredevils,Royal Challengers Bangalore,JP Duminy,MA Agarwal,VR Aaron,0,0,,,,,,,,,
829757,2015,2015-04-26,Feroz Shah Kotla,1,2.1,Delhi Daredevils,Royal Challengers Bangalore,MA Agarwal,JP Duminy,MA Starc,0,0,,,,,,,,,
829757,2015,2015-04-26,Feroz Shah Kotla,1,2.2,Delhi Daredevils,Royal Challengers Bangalore,MA Agarwal,JP Duminy,MA Starc,0,1,,,,1,,,,,
829757,2015,2015-04-26,Feroz Shah Kotla,1,2.3,Delhi Daredevils,Royal Challengers Bangalore,JP Duminy,MA Agarwal,MA Starc,0,0,,,,,,,,,
829757,2015,2015-04-26,Feroz Shah Kotla,1,2.4,Delhi Daredevils,Royal Challengers Bangalore,JP Duminy,MA Agarwal,MA Starc,4,0,,,,,,,,,
829757,2015,2015-04-26,Feroz Shah Kotla,1,2.5,Delhi Daredevils,Royal Challengers Bangalore,JP Duminy,MA Agarwal,MA Starc,2,0,,,,,,,,,
829757,2015,2015-04-26,Feroz Shah Kotla,1,2.6,Delhi Daredevils,Royal Challengers Bangalore,JP Duminy,MA Agarwal,MA Starc,0,0,,,,,,,,,
829757,2015,2015-04-26,Feroz Shah Kotla,1,3.1,Delhi Daredevils,Royal Challengers Bangalore,MA Agarwal,JP Duminy,VR Aaron,0,0,,,,,,,,,
829757,2015,2015-04-26,Feroz Shah Kotla,1,3.2,Delhi Daredevils,Royal Challengers Bangalore,MA Agarwal,JP Duminy,VR Aaron,1,0,,,,,,,,,
829757,2015,2015-04-26,Feroz Shah Kotla,1,3.3,Delhi Daredevils,Royal Challengers Bangalore,JP Duminy,MA Agarwal,VR Aaron,0,0,,,,,,,,,
829757,2015,2015-04-26,Feroz Shah Kotla,1,3.4,Delhi Daredevils,Royal Challengers Bangalore,JP Duminy,MA Agarwal,VR Aaron,0,1,1,,,,,,,,
829757,2015,2015-04-26,Feroz Shah Kotla,1,3.5,Delhi Daredevils,Royal Challengers Bangalore,JP Duminy,MA Agarwal,VR Aaron,4,0,,,,,,,,,
829757,2015,2015-04-26,Feroz Shah Kotla,1,3.6,Delhi Daredevils,Royal Challengers Bangalore,JP Duminy,MA Agarwal,VR Aaron,1,0,,,,,,,,,
829757,2015,2015-04-26,Feroz Shah Kotla,1,3.7,Delhi Daredevils,Royal Challengers Bangalore,MA Agarwal,JP Duminy,VR Aaron,6,0,,,,,,,,,
829757,2015,2015-04-26,Feroz Shah Kotla,1,4.1,Delhi Daredevils,Royal Challengers Bangalore,JP Duminy,MA Agarwal,HV Patel,0,0,,,,,,,,,
829757,2015,2015-04-26,Feroz Shah Kotla,1,4.2,Delhi Daredevils,Royal Challengers Bangalore,JP Duminy,MA Agarwal,HV Patel,1,0,,,,,,,,,
829757,2015,2015-04-26,Feroz Shah Kotla,1,4.3,Delhi Daredevils,Royal Challengers Bangalore,MA Agarwal,JP Duminy,HV Patel,1,0,,,,,,,,,
829757,2015,2015-04-26,Feroz Shah Kotla,1,4.4,Delhi Daredevils,Royal Challengers Bangalore,JP Duminy,MA Agarwal,HV Patel,1,0,,,,,,,,,
829757,2015,2015-04-26,Feroz Shah Kotla,1,4.5,Delhi Daredevils,Royal Challengers Bangalore,MA Agarwal,JP Duminy,HV Patel,0,0,,,,,,,,,
829757,2015,2015-04-26,Feroz Shah Kotla,1,4.6,Delhi Daredevils,Royal Challengers Bangalore,MA Agarwal,JP Duminy,HV Patel,1,0,,,,,,,,,
829757,2015,2015-04-26,Feroz Shah Kotla,1,5.1,Delhi Daredevils,Royal Challengers Bangalore,MA Agarwal,JP Duminy,D Wiese,0,1,1,,,,,,,,
829757,2015,2015-04-26,Feroz Shah Kotla,1,5.2,Delhi Daredevils,Royal Challengers Bangalore,MA Agarwal,JP Duminy,D Wiese,1,0,,,,,,,,,
829757,2015,2015-04-26,Feroz Shah Kotla,1,5.3,Delhi Daredevils,Royal Challengers Bangalore,JP Duminy,MA Agarwal,D Wiese,0,0,,,,,,caught,JP Duminy,,
829757,2015,2015-04-26,Feroz Shah Kotla,1,5.4,Delhi Daredevils,Royal Challengers Bangalore,Yuvraj Singh,MA Agarwal,D Wiese,0,0,,,,,,,,,
829757,2015,2015-04-26,Feroz Shah Kotla,1,5.5,Delhi Daredevils,Royal Challengers Bangalore,Yuvraj Singh,MA Agarwal,D Wiese,0,0,,,,,,,,,
829757,2015,2015-04-26,Feroz Shah Kotla,1,5.6,Delhi Daredevils,Royal Challengers Bangalore,Yuvraj Singh,MA Agarwal,D Wiese,0,0,,,,,,,,,
829757,2015,2015-04-26,Feroz Shah Kotla,1,5.7,Delhi Daredevils,Royal Challengers Bangalore,Yuvraj Singh,MA Agarwal,D Wiese,2,0,,,,,,,,,
829757,2015,2015-04-26,Feroz Shah Kotla,1,6.1,Delhi Daredevils,Royal Challengers Bangalore,MA Agarwal,Yuvraj Singh,VR Aaron,1,0,,,,,,,,,
829757,2015,2015-04-26,Feroz Shah Kotla,1,6.2,Delhi Daredevils,Royal Challengers Bangalore,Yuvraj Singh,MA Agarwal,VR Aaron,0,0,,,,,,caught,Yuvraj Singh,,
829757,2015,2015-04-26,Feroz Shah Kotla,1,6.3,Delhi Daredevils,Royal Challengers Bangalore,AD Mathews,MA Agarwal,VR Aaron,0,0,,,,,,caught,AD Mathews,,
829757,2015,2015-04-26,Feroz Shah Kotla,1,6.4,Delhi Daredevils,Royal Challengers Bangalore,KM Jadhav,MA Agarwal,VR Aaron,0,0,,,,,,,,,
829757,2015,2015-04-26,Feroz Shah Kotla,1,6.5,Delhi Daredevils,Royal Challengers Bangalore,KM Jadhav,MA Agarwal,VR Aaron,0,0,,,,,,,,,
829757,2015,2015-04-26,Feroz Shah Kotla,1,6.6,Delhi Daredevils,Royal Challengers Bangalore,KM Jadhav,MA Agarwal,VR Aaron,0,1,1,,,,,,,,
829757,2015,2015-04-26,Feroz Shah Kotla,1,6.7,Delhi Daredevils,Royal Challengers Bangalore,KM Jadhav,MA Agarwal,VR Aaron,0,0,,,,,,,,,
829757,2015,2015-04-26,Feroz Shah Kotla,1,7.1,Delhi Daredevils,Royal Challengers Bangalore,MA Agarwal,KM Jadhav,Iqbal Abdulla,1,0,,,,,,,,,
829757,2015,2015-04-26,Feroz Shah Kotla,1,7.2,Delhi Daredevils,Royal Challengers Bangalore,KM Jadhav,MA Agarwal,Iqbal Abdulla,0,0,,,,,,,,,
829757,2015,2015-04-26,Feroz Shah Kotla,1,7.3,Delhi Daredevils,Royal Challengers Bangalore,KM Jadhav,MA Agarwal,Iqbal Abdulla,0,0,,,,,,,,,
829757,2015,2015-04-26,Feroz Shah Kotla,1,7.4,Delhi Daredevils,Royal Challengers Bangalore,KM Jadhav,MA Agarwal,Iqbal Abdulla,1,0,,,,,,,,,
829757,2015,2015-04-26,Feroz Shah Kotla,1,7.5,Delhi Daredevils,Royal Challengers Bangalore,MA Agarwal,KM Jadhav,Iqbal Abdulla,0,0,,,,,,,,,
829757,2015,2015-04-26,Feroz Shah Kotla,1,7.6,Delhi Daredevils,Royal Challengers Bangalore,MA Agarwal,KM Jadhav,Iqbal Abdulla,1,0,,,,,,,,,
829757,2015,2015-04-26,Feroz Shah Kotla,1,8.1,Delhi Daredevils,Royal Challengers Bangalore,MA Agarwal,KM Jadhav,VR Aaron,0,0,,,,,,,,,
829757,2015,2015-04-26,Feroz Shah Kotla,1,8.2,Delhi Daredevils,Royal Challengers Bangalore,MA Agarwal,KM Jadhav,VR Aaron,0,0,,,,,,,,,
829757,2015,2015-04-26,Feroz Shah Kotla,1,8.3,Delhi Daredevils,Royal Challengers Bangalore,MA Agarwal,KM Jadhav,VR Aaron,0,0,,,,,,,,,
829757,2015,2015-04-26,Feroz Shah Kotla,1,8.4,Delhi Daredevils,Royal Challengers Bangalore,MA Agarwal,KM Jadhav,VR Aaron,1,0,,,,,,,,,
829757,2015,2015-04-26,Feroz Shah Kotla,1,8.5,Delhi Daredevils,Royal Challengers Bangalore,KM Jadhav,MA Agarwal,VR Aaron,1,0,,,,,,,,,
829757,2015,2015-04-26,Feroz Shah Kotla,1,8.6,Delhi Daredevils,Royal Challengers Bangalore,MA Agarwal,KM Jadhav,VR Aaron,0,0,,,,,,,,,
829757,2015,2015-04-26,Feroz Shah Kotla,1,9.1,Delhi Daredevils,Royal Challengers Bangalore,KM Jadhav,MA Agarwal,Iqbal Abdulla,2,0,,,,,,,,,
829757,2015,2015-04-26,Feroz Shah Kotla,1,9.2,Delhi Daredevils,Royal Challengers Bangalore,KM Jadhav,MA Agarwal,Iqbal Abdulla,1,0,,,,,,,,,
829757,2015,2015-04-26,Feroz Shah Kotla,1,9.3,Delhi Daredevils,Royal Challengers Bangalore,MA Agarwal,KM Jadhav,Iqbal Abdulla,1,0,,,,,,,,,
829757,2015,2015-04-26,Feroz Shah Kotla,1,9.4,Delhi Daredevils,Royal Challengers Bangalore,KM Jadhav,MA Agarwal,Iqbal Abdulla,4,0,,,,,,,,,
829757,2015,2015-04-26,Feroz Shah Kotla,1,9.5,Delhi Daredevils,Royal Challengers Bangalore,KM Jadhav,MA Agarwal,Iqbal Abdulla,1,0,,,,,,,,,
829757,2015,2015-04-26,Feroz Shah Kotla,1,9.6,Delhi Daredevils,Royal Challengers Bangalore,MA Agarwal,KM Jadhav,Iqbal Abdulla,0,0,,,,,,,,,
829757,2015,2015-04-26,Feroz Shah Kotla,1,10.1,Delhi Daredevils,Royal Challengers Bangalore,KM Jadhav,MA Agarwal,HV Patel,4,0,,,,,,,,,
829757,2015,2015-04-26,Feroz Shah Kotla,1,10.2,Delhi Daredevils,Royal Challengers Bangalore,KM Jadhav,MA Agarwal,HV Patel,0,0,,,,,,,,,
829757,2015,2015-04-26,Feroz Shah Kotla,1,10.3,Delhi Daredevils,Royal Challengers Bangalore,KM Jadhav,MA Agarwal,HV Patel,1,0,,,,,,,,,
829757,2015,2015-04-26,Feroz Shah Kotla,1,10.4,Delhi Daredevils,Royal Challengers Bangalore,MA Agarwal,KM Jadhav,HV Patel,1,0,,,,,,,,,
829757,2015,2015-04-26,Feroz Shah Kotla,1,10.5,Delhi Daredevils,Royal Challengers Bangalore,KM Jadhav,MA Agarwal,HV Patel,1,0,,,,,,,,,
829757,2015,2015-04-26,Feroz Shah Kotla,1,10.6,Delhi Daredevils,Royal Challengers Bangalore,MA Agarwal,KM Jadhav,HV Patel,1,0,,,,,,,,,
829757,2015,2015-04-26,Feroz Shah Kotla,1,11.1,Delhi Daredevils,Royal Challengers Bangalore,MA Agarwal,KM Jadhav,D Wiese,1,0,,,,,,,,,
829757,2015,2015-04-26,Feroz Shah Kotla,1,11.2,Delhi Daredevils,Royal Challengers Bangalore,KM Jadhav,MA Agarwal,D Wiese,1,0,,,,,,,,,
829757,2015,2015-04-26,Feroz Shah Kotla,1,11.3,Delhi Daredevils,Royal Challengers Bangalore,MA Agarwal,KM Jadhav,D Wiese,1,0,,,,,,,,,
829757,2015,2015-04-26,Feroz Shah Kotla,1,11.4,Delhi Daredevils,Royal Challengers Bangalore,KM Jadhav,MA Agarwal,D Wiese,0,0,,,,,,,,,
829757,2015,2015-04-26,Feroz Shah Kotla,1,11.5,Delhi Daredevils,Royal Challengers Bangalore,KM Jadhav,MA Agarwal,D Wiese,1,0,,,,,,,,,
829757,2015,2015-04-26,Feroz Shah Kotla,1,11.6,Delhi Daredevils,Royal Challengers Bangalore,MA Agarwal,KM Jadhav,D Wiese,1,0,,,,,,,,,
829757,2015,2015-04-26,Feroz Shah Kotla,1,12.1,Delhi Daredevils,Royal Challengers Bangalore,MA Agarwal,KM Jadhav,Iqbal Abdulla,0,0,,,,,,stumped,MA Agarwal,,
829757,2015,2015-04-26,Feroz Shah Kotla,1,12.2,Delhi Daredevils,Royal Challengers Bangalore,NM Coulter-Nile,KM Jadhav,Iqbal Abdulla,0,0,,,,,,,,,
829757,2015,2015-04-26,Feroz Shah Kotla,1,12.3,Delhi Daredevils,Royal Challengers Bangalore,NM Coulter-Nile,KM Jadhav,Iqbal Abdulla,0,0,,,,,,,,,
829757,2015,2015-04-26,Feroz Shah Kotla,1,12.4,Delhi Daredevils,Royal Challengers Bangalore,NM Coulter-Nile,KM Jadhav,Iqbal Abdulla,0,0,,,,,,,,,
829757,2015,2015-04-26,Feroz Shah Kotla,1,12.5,Delhi Daredevils,Royal Challengers Bangalore,NM Coulter-Nile,KM Jadhav,Iqbal Abdulla,0,0,,,,,,,,,
829757,2015,2015-04-26,Feroz Shah Kotla,1,12.6,Delhi Daredevils,Royal Challengers Bangalore,NM Coulter-Nile,KM Jadhav,Iqbal Abdulla,0,0,,,,,,,,,
829757,2015,2015-04-26,Feroz Shah Kotla,1,13.1,Delhi Daredevils,Royal Challengers Bangalore,KM Jadhav,NM Coulter-Nile,D Wiese,1,0,,,,,,,,,
829757,2015,2015-04-26,Feroz Shah Kotla,1,13.2,Delhi Daredevils,Royal Challengers Bangalore,NM Coulter-Nile,KM Jadhav,D Wiese,0,0,,,,,,,,,
829757,2015,2015-04-26,Feroz Shah Kotla,1,13.3,Delhi Daredevils,Royal Challengers Bangalore,NM Coulter-Nile,KM Jadhav,D Wiese,4,0,,,,,,,,,
829757,2015,2015-04-26,Feroz Shah Kotla,1,13.4,Delhi Daredevils,Royal Challengers Bangalore,NM Coulter-Nile,KM Jadhav,D Wiese,0,0,,,,,,lbw,NM Coulter-Nile,,
829757,2015,2015-04-26,Feroz Shah Kotla,1,13.5,Delhi Daredevils,Royal Challengers Bangalore,A Mishra,KM Jadhav,D Wiese,1,0,,,,,,,,,
829757,2015,2015-04-26,Feroz Shah Kotla,1,13.6,Delhi Daredevils,Royal Challengers Bangalore,KM Jadhav,A Mishra,D Wiese,2,0,,,,,,,,,
829757,2015,2015-04-26,Feroz Shah Kotla,1,14.1,Delhi Daredevils,Royal Challengers Bangalore,A Mishra,KM Jadhav,MA Starc,1,0,,,,,,,,,
829757,2015,2015-04-26,Feroz Shah Kotla,1,14.2,Delhi Daredevils,Royal Challengers Bangalore,KM Jadhav,A Mishra,MA Starc,4,0,,,,,,,,,
829757,2015,2015-04-26,Feroz Shah Kotla,1,14.3,Delhi Daredevils,Royal Challengers Bangalore,KM Jadhav,A Mishra,MA Starc,4,0,,,,,,,,,
829757,2015,2015-04-26,Feroz Shah Kotla,1,14.4,Delhi Daredevils,Royal Challengers Bangalore,KM Jadhav,A Mishra,MA Starc,1,0,,,,,,,,,
829757,2015,2015-04-26,Feroz Shah Kotla,1,14.5,Delhi Daredevils,Royal Challengers Bangalore,A Mishra,KM Jadhav,MA Starc,0,0,,,,,,,,,
829757,2015,2015-04-26,Feroz Shah Kotla,1,14.6,Delhi Daredevils,Royal Challengers Bangalore,A Mishra,KM Jadhav,MA Starc,0,0,,,,,,bowled,A Mishra,,
829757,2015,2015-04-26,Feroz Shah Kotla,1,15.1,Delhi Daredevils,Royal Challengers Bangalore,KM Jadhav,S Nadeem,Iqbal Abdulla,0,1,1,,,,,,,,
829757,2015,2015-04-26,Feroz Shah Kotla,1,15.2,Delhi Daredevils,Royal Challengers Bangalore,KM Jadhav,S Nadeem,Iqbal Abdulla,1,0,,,,,,,,,
829757,2015,2015-04-26,Feroz Shah Kotla,1,15.3,Delhi Daredevils,Royal Challengers Bangalore,S Nadeem,KM Jadhav,Iqbal Abdulla,0,0,,,,,,,,,
829757,2015,2015-04-26,Feroz Shah Kotla,1,15.4,Delhi Daredevils,Royal Challengers Bangalore,S Nadeem,KM Jadhav,Iqbal Abdulla,1,0,,,,,,,,,
829757,2015,2015-04-26,Feroz Shah Kotla,1,15.5,Delhi Daredevils,Royal Challengers Bangalore,KM Jadhav,S Nadeem,Iqbal Abdulla,1,0,,,,,,,,,
829757,2015,2015-04-26,Feroz Shah Kotla,1,15.6,Delhi Daredevils,Royal Challengers Bangalore,S Nadeem,KM Jadhav,Iqbal Abdulla,0,0,,,,,,,,,
829757,2015,2015-04-26,Feroz Shah Kotla,1,15.7,Delhi Daredevils,Royal Challengers Bangalore,S Nadeem,KM Jadhav,Iqbal Abdulla,1,0,,,,,,,,,
829757,2015,2015-04-26,Feroz Shah Kotla,1,16.1,Delhi Daredevils,Royal Challengers Bangalore,S Nadeem,KM Jadhav,MA Starc,0,0,,,,,,,,,
829757,2015,2015-04-26,Feroz Shah Kotla,1,16.2,Delhi Daredevils,Royal Challengers Bangalore,S Nadeem,KM Jadhav,MA Starc,0,0,,,,,,,,,
829757,2015,2015-04-26,Feroz Shah Kotla,1,16.3,Delhi Daredevils,Royal Challengers Bangalore,S Nadeem,KM Jadhav,MA Starc,0,0,,,,,,bowled,S Nadeem,,
829757,2015,2015-04-26,Feroz Shah Kotla,1,16.4,Delhi Daredevils,Royal Challengers Bangalore,Imran Tahir,KM Jadhav,MA Starc,1,0,,,,,,,,,
829757,2015,2015-04-26,Feroz Shah Kotla,1,16.5,Delhi Daredevils,Royal Challengers Bangalore,KM Jadhav,Imran Tahir,MA Starc,1,0,,,,,,,,,
829757,2015,2015-04-26,Feroz Shah Kotla,1,16.6,Delhi Daredevils,Royal Challengers Bangalore,Imran Tahir,KM Jadhav,MA Starc,0,0,,,,,,,,,
829757,2015,2015-04-26,Feroz Shah Kotla,1,17.1,Delhi Daredevils,Royal Challengers Bangalore,KM Jadhav,Imran Tahir,HV Patel,0,0,,,,,,,,,
829757,2015,2015-04-26,Feroz Shah Kotla,1,17.2,Delhi Daredevils,Royal Challengers Bangalore,KM Jadhav,Imran Tahir,HV Patel,0,0,,,,,,,,,
829757,2015,2015-04-26,Feroz Shah Kotla,1,17.3,Delhi Daredevils,Royal Challengers Bangalore,KM Jadhav,Imran Tahir,HV Patel,0,0,,,,,,caught,KM Jadhav,,
829757,2015,2015-04-26,Feroz Shah Kotla,1,17.4,Delhi Daredevils,Royal Challengers Bangalore,DJ Muthuswami,Imran Tahir,HV Patel,1,0,,,,,,,,,
829757,2015,2015-04-26,Feroz Shah Kotla,1,17.5,Delhi Daredevils,Royal Challengers Bangalore,Imran Tahir,DJ Muthuswami,HV Patel,1,0,,,,,,,,,
829757,2015,2015-04-26,Feroz Shah Kotla,1,17.6,Delhi Daredevils,Royal Challengers Bangalore,DJ Muthuswami,Imran Tahir,HV Patel,0,0,,,,,,,,,
829757,2015,2015-04-26,Feroz Shah Kotla,1,18.1,Delhi Daredevils,Royal Challengers Bangalore,Imran Tahir,DJ Muthuswami,D Wiese,1,0,,,,,,,,,
829757,2015,2015-04-26,Feroz Shah Kotla,1,18.2,Delhi Daredevils,Royal Challengers Bangalore,DJ Muthuswami,Imran Tahir,D Wiese,0,0,,,,,,run out,DJ Muthuswami,,
829757,2015,2015-04-26,Feroz Shah Kotla,2,0.1,Royal Challengers Bangalore,Delhi Daredevils,CH Gayle,V Kohli,NM Coulter-Nile,0,0,,,,,,,,,
829757,2015,2015-04-26,Feroz Shah Kotla,2,0.2,Royal Challengers Bangalore,Delhi Daredevils,CH Gayle,V Kohli,NM Coulter-Nile,0,0,,,,,,,,,
829757,2015,2015-04-26,Feroz Shah Kotla,2,0.3,Royal Challengers Bangalore,Delhi Daredevils,CH Gayle,V Kohli,NM Coulter-Nile,0,0,,,,,,,,,
829757,2015,2015-04-26,Feroz Shah Kotla,2,0.4,Royal Challengers Bangalore,Delhi Daredevils,CH Gayle,V Kohli,NM Coulter-Nile,0,0,,,,,,,,,
829757,2015,2015-04-26,Feroz Shah Kotla,2,0.5,Royal Challengers Bangalore,Delhi Daredevils,CH Gayle,V Kohli,NM Coulter-Nile,0,1,1,,,,,,,,
829757,2015,2015-04-26,Feroz Shah Kotla,2,0.6,Royal Challengers Bangalore,Delhi Daredevils,CH Gayle,V Kohli,NM Coulter-Nile,2,0,,,,,,,,,
829757,2015,2015-04-26,Feroz Shah Kotla,2,0.7,Royal Challengers Bangalore,Delhi Daredevils,CH Gayle,V Kohli,NM Coulter-Nile,1,0,,,,,,,,,
829757,2015,2015-04-26,Feroz Shah Kotla,2,1.1,Royal Challengers Bangalore,Delhi Daredevils,CH Gayle,V Kohli,DJ Muthuswami,0,0,,,,,,,,,
829757,2015,2015-04-26,Feroz Shah Kotla,2,1.2,Royal Challengers Bangalore,Delhi Daredevils,CH Gayle,V Kohli,DJ Muthuswami,0,0,,,,,,,,,
829757,2015,2015-04-26,Feroz Shah Kotla,2,1.3,Royal Challengers Bangalore,Delhi Daredevils,CH Gayle,V Kohli,DJ Muthuswami,6,0,,,,,,,,,
829757,2015,2015-04-26,Feroz Shah Kotla,2,1.4,Royal Challengers Bangalore,Delhi Daredevils,CH Gayle,V Kohli,DJ Muthuswami,4,0,,,,,,,,,
829757,2015,2015-04-26,Feroz Shah Kotla,2,1.5,Royal Challengers Bangalore,Delhi Daredevils,CH Gayle,V Kohli,DJ Muthuswami,0,0,,,,,,,,,
829757,2015,2015-04-26,Feroz Shah Kotla,2,1.6,Royal Challengers Bangalore,Delhi Daredevils,CH Gayle,V Kohli,DJ Muthuswami,4,0,,,,,,,,,
829757,2015,2015-04-26,Feroz Shah Kotla,2,2.1,Royal Challengers Bangalore,Delhi Daredevils,V Kohli,CH Gayle,NM Coulter-Nile,0,0,,,,,,,,,
829757,2015,2015-04-26,Feroz Shah Kotla,2,2.2,Royal Challengers Bangalore,Delhi Daredevils,V Kohli,CH Gayle,NM Coulter-Nile,1,0,,,,,,,,,
829757,2015,2015-04-26,Feroz Shah Kotla,2,2.3,Royal Challengers Bangalore,Delhi Daredevils,CH Gayle,V Kohli,NM Coulter-Nile,0,0,,,,,,,,,
829757,2015,2015-04-26,Feroz Shah Kotla,2,2.4,Royal Challengers Bangalore,Delhi Daredevils,CH Gayle,V Kohli,NM Coulter-Nile,4,0,,,,,,,,,
829757,2015,2015-04-26,Feroz Shah Kotla,2,2.5,Royal Challengers Bangalore,Delhi Daredevils,CH Gayle,V Kohli,NM Coulter-Nile,1,0,,,,,,,,,
829757,2015,2015-04-26,Feroz Shah Kotla,2,2.6,Royal Challengers Bangalore,Delhi Daredevils,V Kohli,CH Gayle,NM Coulter-Nile,0,0,,,,,,,,,
829757,2015,2015-04-26,Feroz Shah Kotla,2,3.1,Royal Challengers Bangalore,Delhi Daredevils,CH Gayle,V Kohli,Imran Tahir,0,0,,,,,,,,,
829757,2015,2015-04-26,Feroz Shah Kotla,2,3.2,Royal Challengers Bangalore,Delhi Daredevils,CH Gayle,V Kohli,Imran Tahir,4,0,,,,,,,,,
829757,2015,2015-04-26,Feroz Shah Kotla,2,3.3,Royal Challengers Bangalore,Delhi Daredevils,CH Gayle,V Kohli,Imran Tahir,1,0,,,,,,,,,
829757,2015,2015-04-26,Feroz Shah Kotla,2,3.4,Royal Challengers Bangalore,Delhi Daredevils,V Kohli,CH Gayle,Imran Tahir,1,0,,,,,,,,,
829757,2015,2015-04-26,Feroz Shah Kotla,2,3.5,Royal Challengers Bangalore,Delhi Daredevils,CH Gayle,V Kohli,Imran Tahir,1,0,,,,,,,,,
829757,2015,2015-04-26,Feroz Shah Kotla,2,3.6,Royal Challengers Bangalore,Delhi Daredevils,V Kohli,CH Gayle,Imran Tahir,1,0,,,,,,,,,
829757,2015,2015-04-26,Feroz Shah Kotla,2,4.1,Royal Challengers Bangalore,Delhi Daredevils,V Kohli,CH Gayle,NM Coulter-Nile,1,0,,,,,,,,,
829757,2015,2015-04-26,Feroz Shah Kotla,2,4.2,Royal Challengers Bangalore,Delhi Daredevils,CH Gayle,V Kohli,NM Coulter-Nile,0,0,,,,,,,,,
829757,2015,2015-04-26,Feroz Shah Kotla,2,4.3,Royal Challengers Bangalore,Delhi Daredevils,CH Gayle,V Kohli,NM Coulter-Nile,0,0,,,,,,,,,
829757,2015,2015-04-26,Feroz Shah Kotla,2,4.4,Royal Challengers Bangalore,Delhi Daredevils,CH Gayle,V Kohli,NM Coulter-Nile,0,0,,,,,,,,,
829757,2015,2015-04-26,Feroz Shah Kotla,2,4.5,Royal Challengers Bangalore,Delhi Daredevils,CH Gayle,V Kohli,NM Coulter-Nile,4,0,,,,,,,,,
829757,2015,2015-04-26,Feroz Shah Kotla,2,4.6,Royal Challengers Bangalore,Delhi Daredevils,CH Gayle,V Kohli,NM Coulter-Nile,6,0,,,,,,,,,
829757,2015,2015-04-26,Feroz Shah Kotla,2,5.1,Royal Challengers Bangalore,Delhi Daredevils,V Kohli,CH Gayle,JP Duminy,0,0,,,,,,,,,
829757,2015,2015-04-26,Feroz Shah Kotla,2,5.2,Royal Challengers Bangalore,Delhi Daredevils,V Kohli,CH Gayle,JP Duminy,1,0,,,,,,,,,
829757,2015,2015-04-26,Feroz Shah Kotla,2,5.3,Royal Challengers Bangalore,Delhi Daredevils,CH Gayle,V Kohli,JP Duminy,4,0,,,,,,,,,
829757,2015,2015-04-26,Feroz Shah Kotla,2,5.4,Royal Challengers Bangalore,Delhi Daredevils,CH Gayle,V Kohli,JP Duminy,0,0,,,,,,,,,
829757,2015,2015-04-26,Feroz Shah Kotla,2,5.5,Royal Challengers Bangalore,Delhi Daredevils,CH Gayle,V Kohli,JP Duminy,1,0,,,,,,,,,
829757,2015,2015-04-26,Feroz Shah Kotla,2,5.6,Royal Challengers Bangalore,Delhi Daredevils,V Kohli,CH Gayle,JP Duminy,1,0,,,,,,,,,
829757,2015,2015-04-26,Feroz Shah Kotla,2,6.1,Royal Challengers Bangalore,Delhi Daredevils,V Kohli,CH Gayle,A Mishra,0,0,,,,,,,,,
829757,2015,2015-04-26,Feroz Shah Kotla,2,6.2,Royal Challengers Bangalore,Delhi Daredevils,V Kohli,CH Gayle,A Mishra,4,0,,,,,,,,,
829757,2015,2015-04-26,Feroz Shah Kotla,2,6.3,Royal Challengers Bangalore,Delhi Daredevils,V Kohli,CH Gayle,A Mishra,4,0,,,,,,,,,
829757,2015,2015-04-26,Feroz Shah Kotla,2,6.4,Royal Challengers Bangalore,Delhi Daredevils,V Kohli,CH Gayle,A Mishra,1,0,,,,,,,,,
829757,2015,2015-04-26,Feroz Shah Kotla,2,6.5,Royal Challengers Bangalore,Delhi Daredevils,CH Gayle,V Kohli,A Mishra,1,0,,,,,,,,,
829757,2015,2015-04-26,Feroz Shah Kotla,2,6.6,Royal Challengers Bangalore,Delhi Daredevils,V Kohli,CH Gayle,A Mishra,1,0,,,,,,,,,
829757,2015,2015-04-26,Feroz Shah Kotla,2,7.1,Royal Challengers Bangalore,Delhi Daredevils,V Kohli,CH Gayle,Imran Tahir,4,0,,,,,,,,,
829757,2015,2015-04-26,Feroz Shah Kotla,2,7.2,Royal Challengers Bangalore,Delhi Daredevils,V Kohli,CH Gayle,Imran Tahir,1,0,,,,,,,,,
829757,2015,2015-04-26,Feroz Shah Kotla,2,7.3,Royal Challengers Bangalore,Delhi Daredevils,CH Gayle,V Kohli,Imran Tahir,6,0,,,,,,,,,
829757,2015,2015-04-26,Feroz Shah Kotla,2,7.4,Royal Challengers Bangalore,Delhi Daredevils,CH Gayle,V Kohli,Imran Tahir,0,0,,,,,,,,,
829757,2015,2015-04-26,Feroz Shah Kotla,2,7.5,Royal Challengers Bangalore,Delhi Daredevils,CH Gayle,V Kohli,Imran Tahir,0,0,,,,,,,,,
829757,2015,2015-04-26,Feroz Shah Kotla,2,7.6,Royal Challengers Bangalore,Delhi Daredevils,CH Gayle,V Kohli,Imran Tahir,1,0,,,,,,,,,
829757,2015,2015-04-26,Feroz Shah Kotla,2,8.1,Royal Challengers Bangalore,Delhi Daredevils,CH Gayle,V Kohli,A Mishra,0,1,1,,,,,,,,
829757,2015,2015-04-26,Feroz Shah Kotla,2,8.2,Royal Challengers Bangalore,Delhi Daredevils,CH Gayle,V Kohli,A Mishra,6,0,,,,,,,,,
829757,2015,2015-04-26,Feroz Shah Kotla,2,8.3,Royal Challengers Bangalore,Delhi Daredevils,CH Gayle,V Kohli,A Mishra,1,0,,,,,,,,,
829757,2015,2015-04-26,Feroz Shah Kotla,2,8.4,Royal Challengers Bangalore,Delhi Daredevils,V Kohli,CH Gayle,A Mishra,1,0,,,,,,,,,
829757,2015,2015-04-26,Feroz Shah Kotla,2,8.5,Royal Challengers Bangalore,Delhi Daredevils,CH Gayle,V Kohli,A Mishra,1,0,,,,,,,,,
829757,2015,2015-04-26,Feroz Shah Kotla,2,8.6,Royal Challengers Bangalore,Delhi Daredevils,V Kohli,CH Gayle,A Mishra,4,0,,,,,,,,,
829757,2015,2015-04-26,Feroz Shah Kotla,2,8.7,Royal Challengers Bangalore,Delhi Daredevils,V Kohli,CH Gayle,A Mishra,0,0,,,,,,,,,
829757,2015,2015-04-26,Feroz Shah Kotla,2,9.1,Royal Challengers Bangalore,Delhi Daredevils,CH Gayle,V Kohli,AD Mathews,1,0,,,,,,,,,
829757,2015,2015-04-26,Feroz Shah Kotla,2,9.2,Royal Challengers Bangalore,Delhi Daredevils,V Kohli,CH Gayle,AD Mathews,1,0,,,,,,,,,
829757,2015,2015-04-26,Feroz Shah Kotla,2,9.3,Royal Challengers Bangalore,Delhi Daredevils,CH Gayle,V Kohli,AD Mathews,0,0,,,,,,,,,
829757,2015,2015-04-26,Feroz Shah Kotla,2,9.4,Royal Challengers Bangalore,Delhi Daredevils,CH Gayle,V Kohli,AD Mathews,0,0,,,,,,,,,
829757,2015,2015-04-26,Feroz Shah Kotla,2,9.5,Royal Challengers Bangalore,Delhi Daredevils,CH Gayle,V Kohli,AD Mathews,1,0,,,,,,,,,
829757,2015,2015-04-26,Feroz Shah Kotla,2,9.6,Royal Challengers Bangalore,Delhi Daredevils,V Kohli,CH Gayle,AD Mathews,0,0,,,,,,,,,
829757,2015,2015-04-26,Feroz Shah Kotla,2,10.1,Royal Challengers Bangalore,Delhi Daredevils,CH Gayle,V Kohli,NM Coulter-Nile,1,0,,,,,,,,,
829757,2015,2015-04-26,Feroz Shah Kotla,2,10.2,Royal Challengers Bangalore,Delhi Daredevils,V Kohli,CH Gayle,NM Coulter-Nile,4,0,,,,,,,,,
829757,2015,2015-04-26,Feroz Shah Kotla,2,10.3,Royal Challengers Bangalore,Delhi Daredevils,V Kohli,CH Gayle,NM Coulter-Nile,4,0,,,,,,,,,
