match_id,season,start_date,venue,innings,ball,batting_team,bowling_team,striker,non_striker,bowler,runs_off_bat,extras,wides,noballs,byes,legbyes,penalty,wicket_type,player_dismissed,other_wicket_type,other_player_dismissed
829735,2015,2015-04-19,"Sardar Patel Stadium, Motera",1,0.1,Chennai Super Kings,Rajasthan Royals,DR Smith,BB McCullum,Ankit Sharma,1,0,,,,,,,,,
829735,2015,2015-04-19,"Sardar Patel Stadium, Motera",1,0.2,Chennai Super Kings,Rajasthan Royals,BB McCullum,DR Smith,Ankit Sharma,0,0,,,,,,,,,
829735,2015,2015-04-19,"Sardar Patel Stadium, Motera",1,0.3,Chennai Super Kings,Rajasthan Royals,BB McCullum,DR Smith,Ankit Sharma,4,0,,,,,,,,,
829735,2015,2015-04-19,"Sardar Patel Stadium, Motera",1,0.4,Chennai Super Kings,Rajasthan Royals,BB McCullum,DR Smith,Ankit Sharma,0,0,,,,,,,,,
829735,2015,2015-04-19,"Sardar Patel Stadium, Motera",1,0.5,Chennai Super Kings,Rajasthan Royals,BB McCullum,DR Smith,Ankit Sharma,4,0,,,,,,,,,
829735,2015,2015-04-19,"Sardar Patel Stadium, Motera",1,0.6,Chennai Super Kings,Rajasthan Royals,BB McCullum,DR Smith,Ankit Sharma,0,0,,,,,,,,,
829735,2015,2015-04-19,"Sardar Patel Stadium, Motera",1,1.1,Chennai Super Kings,Rajasthan Royals,DR Smith,BB McCullum,CH Morris,0,0,,,,,,,,,
829735,2015,2015-04-19,"Sardar Patel Stadium, Motera",1,1.2,Chennai Super Kings,Rajasthan Royals,DR Smith,BB McCullum,CH Morris,0,0,,,,,,,,,
829735,2015,2015-04-19,"Sardar Patel Stadium, Motera",1,1.3,Chennai Super Kings,Rajasthan Royals,DR Smith,BB McCullum,CH Morris,0,0,,,,,,,,,
829735,2015,2015-04-19,"Sardar Patel Stadium, Motera",1,1.4,Chennai Super Kings,Rajasthan Royals,DR Smith,BB McCullum,CH Morris,0,0,,,,,,,,,
829735,2015,2015-04-19,"Sardar Patel Stadium, Motera",1,1.5,Chennai Super Kings,Rajasthan Royals,DR Smith,BB McCullum,CH Morris,2,0,,,,,,,,,
829735,2015,2015-04-19,"Sardar Patel Stadium, Motera",1,1.6,Chennai Super Kings,Rajasthan Royals,DR Smith,BB McCullum,CH Morris,0,0,,,,,,,,,
829735,2015,2015-04-19,"Sardar Patel Stadium, Motera",1,2.1,Chennai Super Kings,Rajasthan Royals,BB McCullum,DR Smith,PV Tambe,4,0,,,,,,,,,
829735,2015,2015-04-19,"Sardar Patel Stadium, Motera",1,2.2,Chennai Super Kings,Rajasthan Royals,BB McCullum,DR Smith,PV Tambe,0,0,,,,,,caught,BB McCullum,,
829735,2015,2015-04-19,"Sardar Patel Stadium, Motera",1,2.3,Chennai Super Kings,Rajasthan Royals,SK Raina,DR Smith,PV Tambe,1,0,,,,,,,,,
829735,2015,2015-04-19,"Sardar Patel Stadium, Motera",1,2.4,Chennai Super Kings,Rajasthan Royals,DR Smith,SK Raina,PV Tambe,1,0,,,,,,,,,
829735,2015,2015-04-19,"Sardar Patel Stadium, Motera",1,2.5,Chennai Super Kings,Rajasthan Royals,SK Raina,DR Smith,PV Tambe,0,0,,,,,,,,,
829735,2015,2015-04-19,"Sardar Patel Stadium, Motera",1,2.6,Chennai Super Kings,Rajasthan Royals,SK Raina,DR Smith,PV Tambe,0,0,,,,,,,,,
829735,2015,2015-04-19,"Sardar Patel Stadium, Motera",1,3.1,Chennai Super Kings,Rajasthan Royals,DR Smith,SK Raina,DJ Hooda,4,0,,,,,,,,,
829735,2015,2015-04-19,"Sardar Patel Stadium, Motera",1,3.2,Chennai Super Kings,Rajasthan Royals,DR Smith,SK Raina,DJ Hooda,4,0,,,,,,,,,
829735,2015,2015-04-19,"Sardar Patel Stadium, Motera",1,3.3,Chennai Super Kings,Rajasthan Royals,DR Smith,SK Raina,DJ Hooda,1,0,,,,,,,,,
829735,2015,2015-04-19,"Sardar Patel Stadium, Motera",1,3.4,Chennai Super Kings,Rajasthan Royals,SK Raina,DR Smith,DJ Hooda,1,0,,,,,,,,,
829735,2015,2015-04-19,"Sardar Patel Stadium, Motera",1,3.5,Chennai Super Kings,Rajasthan Royals,DR Smith,SK Raina,DJ Hooda,1,0,,,,,,,,,
829735,2015,2015-04-19,"Sardar Patel Stadium, Motera",1,3.6,Chennai Super Kings,Rajasthan Royals,SK Raina,DR Smith,DJ Hooda,0,0,,,,,,,,,
829735,2015,2015-04-19,"Sardar Patel Stadium, Motera",1,4.1,Chennai Super Kings,Rajasthan Royals,DR Smith,SK Raina,JP Faulkner,0,0,,,,,,,,,
829735,2015,2015-04-19,"Sardar Patel Stadium, Motera",1,4.2,Chennai Super Kings,Rajasthan Royals,DR Smith,SK Raina,JP Faulkner,0,0,,,,,,,,,
829735,2015,2015-04-19,"Sardar Patel Stadium, Motera",1,4.3,Chennai Super Kings,Rajasthan Royals,DR Smith,SK Raina,JP Faulkner,6,0,,,,,,,,,
829735,2015,2015-04-19,"Sardar Patel Stadium, Motera",1,4.4,Chennai Super Kings,Rajasthan Royals,DR Smith,SK Raina,JP Faulkner,0,0,,,,,,,,,
829735,2015,2015-04-19,"Sardar Patel Stadium, Motera",1,4.5,Chennai Super Kings,Rajasthan Royals,DR Smith,SK Raina,JP Faulkner,0,0,,,,,,,,,
829735,2015,2015-04-19,"Sardar Patel Stadium, Motera",1,4.6,Chennai Super Kings,Rajasthan Royals,DR Smith,SK Raina,JP Faulkner,2,0,,,,,,,,,
829735,2015,2015-04-19,"Sardar Patel Stadium, Motera",1,5.1,Chennai Super Kings,Rajasthan Royals,SK Raina,DR Smith,CH Morris,0,0,,,,,,,,,
829735,2015,2015-04-19,"Sardar Patel Stadium, Motera",1,5.2,Chennai Super Kings,Rajasthan Royals,SK Raina,DR Smith,CH Morris,2,0,,,,,,,,,
829735,2015,2015-04-19,"Sardar Patel Stadium, Motera",1,5.3,Chennai Super Kings,Rajasthan Royals,SK Raina,DR Smith,CH Morris,0,0,,,,,,caught,SK Raina,,
829735,2015,2015-04-19,"Sardar Patel Stadium, Motera",1,5.4,Chennai Super Kings,Rajasthan Royals,F du Plessis,DR Smith,CH Morris,1,0,,,,,,,,,
829735,2015,2015-04-19,"Sardar Patel Stadium, Motera",1,5.5,Chennai Super Kings,Rajasthan Royals,DR Smith,F du Plessis,CH Morris,0,0,,,,,,,,,
829735,2015,2015-04-19,"Sardar Patel Stadium, Motera",1,5.6,Chennai Super Kings,Rajasthan Royals,DR Smith,F du Plessis,CH Morris,0,0,,,,,,,,,
829735,2015,2015-04-19,"Sardar Patel Stadium, Motera",1,6.1,Chennai Super Kings,Rajasthan Royals,F du Plessis,DR Smith,Ankit Sharma,0,0,,,,,,,,,
829735,2015,2015-04-19,"Sardar Patel Stadium, Motera",1,6.2,Chennai Super Kings,Rajasthan Royals,F du Plessis,DR Smith,Ankit Sharma,0,0,,,,,,caught,F du Plessis,,
829735,2015,2015-04-19,"Sardar Patel Stadium, Motera",1,6.3,Chennai Super Kings,Rajasthan Royals,DJ Bravo,DR Smith,Ankit Sharma,0,0,,,,,,,,,
829735,2015,2015-04-19,"Sardar Patel Stadium, Motera",1,6.4,Chennai Super Kings,Rajasthan Royals,DJ Bravo,DR Smith,Ankit Sharma,0,0,,,,,,,,,
829735,2015,2015-04-19,"Sardar Patel Stadium, Motera",1,6.5,Chennai Super Kings,Rajasthan Royals,DJ Bravo,DR Smith,Ankit Sharma,1,0,,,,,,,,,
829735,2015,2015-04-19,"Sardar Patel Stadium, Motera",1,6.6,Chennai Super Kings,Rajasthan Royals,DR Smith,DJ Bravo,Ankit Sharma,0,0,,,,,,,,,
829735,2015,2015-04-19,"Sardar Patel Stadium, Motera",1,7.1,Chennai Super Kings,Rajasthan Royals,DJ Bravo,DR Smith,PV Tambe,0,0,,,,,,,,,
829735,2015,2015-04-19,"Sardar Patel Stadium, Motera",1,7.2,Chennai Super Kings,Rajasthan Royals,DJ Bravo,DR Smith,PV Tambe,1,0,,,,,,,,,
829735,2015,2015-04-19,"Sardar Patel Stadium, Motera",1,7.3,Chennai Super Kings,Rajasthan Royals,DR Smith,DJ Bravo,PV Tambe,1,0,,,,,,,,,
829735,2015,2015-04-19,"Sardar Patel Stadium, Motera",1,7.4,Chennai Super Kings,Rajasthan Royals,DJ Bravo,DR Smith,PV Tambe,4,0,,,,,,,,,
829735,2015,2015-04-19,"Sardar Patel Stadium, Motera",1,7.5,Chennai Super Kings,Rajasthan Royals,DJ Bravo,DR Smith,PV Tambe,1,0,,,,,,,,,
829735,2015,2015-04-19,"Sardar Patel Stadium, Motera",1,7.6,Chennai Super Kings,Rajasthan Royals,DR Smith,DJ Bravo,PV Tambe,2,0,,,,,,,,,
829735,2015,2015-04-19,"Sardar Patel Stadium, Motera",1,8.1,Chennai Super Kings,Rajasthan Royals,DJ Bravo,DR Smith,Ankit Sharma,1,0,,,,,,,,,
829735,2015,2015-04-19,"Sardar Patel Stadium, Motera",1,8.2,Chennai Super Kings,Rajasthan Royals,DR Smith,DJ Bravo,Ankit Sharma,2,0,,,,,,,,,
829735,2015,2015-04-19,"Sardar Patel Stadium, Motera",1,8.3,Chennai Super Kings,Rajasthan Royals,DR Smith,DJ Bravo,Ankit Sharma,2,0,,,,,,,,,
829735,2015,2015-04-19,"Sardar Patel Stadium, Motera",1,8.4,Chennai Super Kings,Rajasthan Royals,DR Smith,DJ Bravo,Ankit Sharma,6,0,,,,,,,,,
829735,2015,2015-04-19,"Sardar Patel Stadium, Motera",1,8.5,Chennai Super Kings,Rajasthan Royals,DR Smith,DJ Bravo,Ankit Sharma,4,0,,,,,,,,,
829735,2015,2015-04-19,"Sardar Patel Stadium, Motera",1,8.6,Chennai Super Kings,Rajasthan Royals,DR Smith,DJ Bravo,Ankit Sharma,1,0,,,,,,,,,
829735,2015,2015-04-19,"Sardar Patel Stadium, Motera",1,9.1,Chennai Super Kings,Rajasthan Royals,DR Smith,DJ Bravo,JP Faulkner,0,0,,,,,,bowled,DR Smith,,
829735,2015,2015-04-19,"Sardar Patel Stadium, Motera",1,9.2,Chennai Super Kings,Rajasthan Royals,MS Dhoni,DJ Bravo,JP Faulkner,0,0,,,,,,,,,
829735,2015,2015-04-19,"Sardar Patel Stadium, Motera",1,9.3,Chennai Super Kings,Rajasthan Royals,MS Dhoni,DJ Bravo,JP Faulkner,1,0,,,,,,,,,
829735,2015,2015-04-19,"Sardar Patel Stadium, Motera",1,9.4,Chennai Super Kings,Rajasthan Royals,DJ Bravo,MS Dhoni,JP Faulkner,1,0,,,,,,,,,
829735,2015,2015-04-19,"Sardar Patel Stadium, Motera",1,9.5,Chennai Super Kings,Rajasthan Royals,MS Dhoni,DJ Bravo,JP Faulkner,1,0,,,,,,,,,
829735,2015,2015-04-19,"Sardar Patel Stadium, Motera",1,9.6,Chennai Super Kings,Rajasthan Royals,DJ Bravo,MS Dhoni,JP Faulkner,0,0,,,,,,,,,
829735,2015,2015-04-19,"Sardar Patel Stadium, Motera",1,10.1,Chennai Super Kings,Rajasthan Royals,MS Dhoni,DJ Bravo,STR Binny,0,0,,,,,,,,,
829735,2015,2015-04-19,"Sardar Patel Stadium, Motera",1,10.2,Chennai Super Kings,Rajasthan Royals,MS Dhoni,DJ Bravo,STR Binny,0,0,,,,,,,,,
829735,2015,2015-04-19,"Sardar Patel Stadium, Motera",1,10.3,Chennai Super Kings,Rajasthan Royals,MS Dhoni,DJ Bravo,STR Binny,0,0,,,,,,,,,
829735,2015,2015-04-19,"Sardar Patel Stadium, Motera",1,10.4,Chennai Super Kings,Rajasthan Royals,MS Dhoni,DJ Bravo,STR Binny,0,0,,,,,,,,,
829735,2015,2015-04-19,"Sardar Patel Stadium, Motera",1,10.5,Chennai Super Kings,Rajasthan Royals,MS Dhoni,DJ Bravo,STR Binny,4,0,,,,,,,,,
829735,2015,2015-04-19,"Sardar Patel Stadium, Motera",1,10.6,Chennai Super Kings,Rajasthan Royals,MS Dhoni,DJ Bravo,STR Binny,1,0,,,,,,,,,
829735,2015,2015-04-19,"Sardar Patel Stadium, Motera",1,11.1,Chennai Super Kings,Rajasthan Royals,MS Dhoni,DJ Bravo,SR Watson,1,0,,,,,,,,,
829735,2015,2015-04-19,"Sardar Patel Stadium, Motera",1,11.2,Chennai Super Kings,Rajasthan Royals,DJ Bravo,MS Dhoni,SR Watson,0,1,,,,1,,,,,
829735,2015,2015-04-19,"Sardar Patel Stadium, Motera",1,11.3,Chennai Super Kings,Rajasthan Royals,MS Dhoni,DJ Bravo,SR Watson,0,0,,,,,,,,,
829735,2015,2015-04-19,"Sardar Patel Stadium, Motera",1,11.4,Chennai Super Kings,Rajasthan Royals,MS Dhoni,DJ Bravo,SR Watson,1,0,,,,,,,,,
829735,2015,2015-04-19,"Sardar Patel Stadium, Motera",1,11.5,Chennai Super Kings,Rajasthan Royals,DJ Bravo,MS Dhoni,SR Watson,0,1,1,,,,,,,,
829735,2015,2015-04-19,"Sardar Patel Stadium, Motera",1,11.6,Chennai Super Kings,Rajasthan Royals,DJ Bravo,MS Dhoni,SR Watson,4,0,,,,,,,,,
829735,2015,2015-04-19,"Sardar Patel Stadium, Motera",1,11.7,Chennai Super Kings,Rajasthan Royals,DJ Bravo,MS Dhoni,SR Watson,4,0,,,,,,,,,
829735,2015,2015-04-19,"Sardar Patel Stadium, Motera",1,12.1,Chennai Super Kings,Rajasthan Royals,MS Dhoni,DJ Bravo,PV Tambe,1,0,,,,,,,,,
829735,2015,2015-04-19,"Sardar Patel Stadium, Motera",1,12.2,Chennai Super Kings,Rajasthan Royals,DJ Bravo,MS Dhoni,PV Tambe,1,0,,,,,,,,,
829735,2015,2015-04-19,"Sardar Patel Stadium, Motera",1,12.3,Chennai Super Kings,Rajasthan Royals,MS Dhoni,DJ Bravo,PV Tambe,1,0,,,,,,,,,
829735,2015,2015-04-19,"Sardar Patel Stadium, Motera",1,12.4,Chennai Super Kings,Rajasthan Royals,DJ Bravo,MS Dhoni,PV Tambe,1,0,,,,,,,,,
829735,2015,2015-04-19,"Sardar Patel Stadium, Motera",1,12.5,Chennai Super Kings,Rajasthan Royals,MS Dhoni,DJ Bravo,PV Tambe,0,0,,,,,,,,,
829735,2015,2015-04-19,"Sardar Patel Stadium, Motera",1,12.6,Chennai Super Kings,Rajasthan Royals,MS Dhoni,DJ Bravo,PV Tambe,0,0,,,,,,,,,
829735,2015,2015-04-19,"Sardar Patel Stadium, Motera",1,13.1,Chennai Super Kings,Rajasthan Royals,DJ Bravo,MS Dhoni,DJ Hooda,1,0,,,,,,,,,
829735,2015,2015-04-19,"Sardar Patel Stadium, Motera",1,13.2,Chennai Super Kings,Rajasthan Royals,MS Dhoni,DJ Bravo,DJ Hooda,0,0,,,,,,,,,
829735,2015,2015-04-19,"Sardar Patel Stadium, Motera",1,13.3,Chennai Super Kings,Rajasthan Royals,MS Dhoni,DJ Bravo,DJ Hooda,1,0,,,,,,,,,
829735,2015,2015-04-19,"Sardar Patel Stadium, Motera",1,13.4,Chennai Super Kings,Rajasthan Royals,DJ Bravo,MS Dhoni,DJ Hooda,2,0,,,,,,,,,
829735,2015,2015-04-19,"Sardar Patel Stadium, Motera",1,13.5,Chennai Super Kings,Rajasthan Royals,DJ Bravo,MS Dhoni,DJ Hooda,0,2,2,,,,,,,,
829735,2015,2015-04-19,"Sardar Patel Stadium, Motera",1,13.6,Chennai Super Kings,Rajasthan Royals,MS Dhoni,DJ Bravo,DJ Hooda,1,0,,,,,,,,,
829735,2015,2015-04-19,"Sardar Patel Stadium, Motera",1,13.7,Chennai Super Kings,Rajasthan Royals,DJ Bravo,MS Dhoni,DJ Hooda,4,0,,,,,,,,,
829735,2015,2015-04-19,"Sardar Patel Stadium, Motera",1,14.1,Chennai Super Kings,Rajasthan Royals,MS Dhoni,DJ Bravo,JP Faulkner,1,0,,,,,,,,,
829735,2015,2015-04-19,"Sardar Patel Stadium, Motera",1,14.2,Chennai Super Kings,Rajasthan Royals,DJ Bravo,MS Dhoni,JP Faulkner,0,0,,,,,,,,,
829735,2015,2015-04-19,"Sardar Patel Stadium, Motera",1,14.3,Chennai Super Kings,Rajasthan Royals,DJ Bravo,MS Dhoni,JP Faulkner,1,0,,,,,,,,,
829735,2015,2015-04-19,"Sardar Patel Stadium, Motera",1,14.4,Chennai Super Kings,Rajasthan Royals,MS Dhoni,DJ Bravo,JP Faulkner,4,0,,,,,,,,,
829735,2015,2015-04-19,"Sardar Patel Stadium, Motera",1,14.5,Chennai Super Kings,Rajasthan Royals,MS Dhoni,DJ Bravo,JP Faulkner,0,0,,,,,,,,,
829735,2015,2015-04-19,"Sardar Patel Stadium, Motera",1,14.6,Chennai Super Kings,Rajasthan Royals,MS Dhoni,DJ Bravo,JP Faulkner,0,0,,,,,,,,,
829735,2015,2015-04-19,"Sardar Patel Stadium, Motera",1,15.1,Chennai Super Kings,Rajasthan Royals,DJ Bravo,MS Dhoni,CH Morris,1,0,,,,,,,,,
829735,2015,2015-04-19,"Sardar Patel Stadium, Motera",1,15.2,Chennai Super Kings,Rajasthan Royals,MS Dhoni,DJ Bravo,CH Morris,0,0,,,,,,,,,
829735,2015,2015-04-19,"Sardar Patel Stadium, Motera",1,15.3,Chennai Super Kings,Rajasthan Royals,MS Dhoni,DJ Bravo,CH Morris,0,0,,,,,,,,,
829735,2015,2015-04-19,"Sardar Patel Stadium, Motera",1,15.4,Chennai Super Kings,Rajasthan Royals,MS Dhoni,DJ Bravo,CH Morris,1,0,,,,,,,,,
829735,2015,2015-04-19,"Sardar Patel Stadium, Motera",1,15.5,Chennai Super Kings,Rajasthan Royals,DJ Bravo,MS Dhoni,CH Morris,1,0,,,,,,,,,
829735,2015,2015-04-19,"Sardar Patel Stadium, Motera",1,15.6,Chennai Super Kings,Rajasthan Royals,MS Dhoni,DJ Bravo,CH Morris,4,0,,,,,,,,,
829735,2015,2015-04-19,"Sardar Patel Stadium, Motera",1,16.1,Chennai Super Kings,Rajasthan Royals,DJ Bravo,MS Dhoni,SR Watson,4,0,,,,,,,,,
829735,2015,2015-04-19,"Sardar Patel Stadium, Motera",1,16.2,Chennai Super Kings,Rajasthan Royals,DJ Bravo,MS Dhoni,SR Watson,1,0,,,,,,,,,
829735,2015,2015-04-19,"Sardar Patel Stadium, Motera",1,16.3,Chennai Super Kings,Rajasthan Royals,MS Dhoni,DJ Bravo,SR Watson,0,0,,,,,,,,,
829735,2015,2015-04-19,"Sardar Patel Stadium, Motera",1,16.4,Chennai Super Kings,Rajasthan Royals,MS Dhoni,DJ Bravo,SR Watson,4,0,,,,,,,,,
829735,2015,2015-04-19,"Sardar Patel Stadium, Motera",1,16.5,Chennai Super Kings,Rajasthan Royals,MS Dhoni,DJ Bravo,SR Watson,0,0,,,,,,,,,
829735,2015,2015-04-19,"Sardar Patel Stadium, Motera",1,16.6,Chennai Super Kings,Rajasthan Royals,MS Dhoni,DJ Bravo,SR Watson,0,0,,,,,,,,,
829735,2015,2015-04-19,"Sardar Patel Stadium, Motera",1,17.1,Chennai Super Kings,Rajasthan Royals,DJ Bravo,MS Dhoni,PV Tambe,4,0,,,,,,,,,
829735,2015,2015-04-19,"Sardar Patel Stadium, Motera",1,17.2,Chennai Super Kings,Rajasthan Royals,DJ Bravo,MS Dhoni,PV Tambe,1,0,,,,,,,,,
829735,2015,2015-04-19,"Sardar Patel Stadium, Motera",1,17.3,Chennai Super Kings,Rajasthan Royals,MS Dhoni,DJ Bravo,PV Tambe,1,0,,,,,,,,,
829735,2015,2015-04-19,"Sardar Patel Stadium, Motera",1,17.4,Chennai Super Kings,Rajasthan Royals,DJ Bravo,MS Dhoni,PV Tambe,4,0,,,,,,,,,
829735,2015,2015-04-19,"Sardar Patel Stadium, Motera",1,17.5,Chennai Super Kings,Rajasthan Royals,DJ Bravo,MS Dhoni,PV Tambe,6,0,,,,,,,,,
829735,2015,2015-04-19,"Sardar Patel Stadium, Motera",1,17.6,Chennai Super Kings,Rajasthan Royals,DJ Bravo,MS Dhoni,PV Tambe,1,0,,,,,,,,,
829735,2015,2015-04-19,"Sardar Patel Stadium, Motera",1,18.1,Chennai Super Kings,Rajasthan Royals,DJ Bravo,MS Dhoni,JP Faulkner,2,0,,,,,,,,,
829735,2015,2015-04-19,"Sardar Patel Stadium, Motera",1,18.2,Chennai Super Kings,Rajasthan Royals,DJ Bravo,MS Dhoni,JP Faulkner,2,0,,,,,,,,,
829735,2015,2015-04-19,"Sardar Patel Stadium, Motera",1,18.3,Chennai Super Kings,Rajasthan Royals,DJ Bravo,MS Dhoni,JP Faulkner,0,1,,,,1,,,,,
829735,2015,2015-04-19,"Sardar Patel Stadium, Motera",1,18.4,Chennai Super Kings,Rajasthan Royals,MS Dhoni,DJ Bravo,JP Faulkner,0,1,1,,,,,,,,
829735,2015,2015-04-19,"Sardar Patel Stadium, Motera",1,18.5,Chennai Super Kings,Rajasthan Royals,MS Dhoni,DJ Bravo,JP Faulkner,1,0,,,,,,,,,
829735,2015,2015-04-19,"Sardar Patel Stadium, Motera",1,18.6,Chennai Super Kings,Rajasthan Royals,DJ Bravo,MS Dhoni,JP Faulkner,3,0,,,,,,,,,
829735,2015,2015-04-19,"Sardar Patel Stadium, Motera",1,18.7,Chennai Super Kings,Rajasthan Royals,MS Dhoni,DJ Bravo,JP Faulkner,0,0,,,,,,,,,
829735,2015,2015-04-19,"Sardar Patel Stadium, Motera",1,19.1,Chennai Super Kings,Rajasthan Royals,DJ Bravo,MS Dhoni,CH Morris,4,0,,,,,,,,,
829735,2015,2015-04-19,"Sardar Patel Stadium, Motera",1,19.2,Chennai Super Kings,Rajasthan Royals,DJ Bravo,MS Dhoni,CH Morris,0,0,,,,,,,,,
829735,2015,2015-04-19,"Sardar Patel Stadium, Motera",1,19.3,Chennai Super Kings,Rajasthan Royals,DJ Bravo,MS Dhoni,CH Morris,1,0,,,,,,,,,
829735,2015,2015-04-19,"Sardar Patel Stadium, Motera",1,19.4,Chennai Super Kings,Rajasthan Royals,MS Dhoni,DJ Bravo,CH Morris,0,0,,,,,,,,,
829735,2015,2015-04-19,"Sardar Patel Stadium, Motera",1,19.5,Chennai Super Kings,Rajasthan Royals,MS Dhoni,DJ Bravo,CH Morris,2,0,,,,,,,,,
829735,2015,2015-04-19,"Sardar Patel Stadium, Motera",1,19.6,Chennai Super Kings,Rajasthan Royals,MS Dhoni,DJ Bravo,CH Morris,0,0,,,,,,,,,
829735,2015,2015-04-19,"Sardar Patel Stadium, Motera",2,0.1,Rajasthan Royals,Chennai Super Kings,AM Rahane,SR Watson,IC Pandey,0,0,,,,,,,,,
829735,2015,2015-04-19,"Sardar Patel Stadium, Motera",2,0.2,Rajasthan Royals,Chennai Super Kings,AM Rahane,SR Watson,IC Pandey,0,0,,,,,,,,,
829735,2015,2015-04-19,"Sardar Patel Stadium, Motera",2,0.3,Rajasthan Royals,Chennai Super Kings,AM Rahane,SR Watson,IC Pandey,0,0,,,,,,,,,
829735,2015,2015-04-19,"Sardar Patel Stadium, Motera",2,0.4,Rajasthan Royals,Chennai Super Kings,AM Rahane,SR Watson,IC Pandey,0,0,,,,,,,,,
829735,2015,2015-04-19,"Sardar Patel Stadium, Motera",2,0.5,Rajasthan Royals,Chennai Super Kings,AM Rahane,SR Watson,IC Pandey,1,0,,,,,,,,,
829735,2015,2015-04-19,"Sardar Patel Stadium, Motera",2,0.6,Rajasthan Royals,Chennai Super Kings,SR Watson,AM Rahane,IC Pandey,0,0,,,,,,,,,
829735,2015,2015-04-19,"Sardar Patel Stadium, Motera",2,1.1,Rajasthan Royals,Chennai Super Kings,AM Rahane,SR Watson,A Nehra,0,0,,,,,,,,,
829735,2015,2015-04-19,"Sardar Patel Stadium, Motera",2,1.2,Rajasthan Royals,Chennai Super Kings,AM Rahane,SR Watson,A Nehra,4,0,,,,,,,,,
829735,2015,2015-04-19,"Sardar Patel Stadium, Motera",2,1.3,Rajasthan Royals,Chennai Super Kings,AM Rahane,SR Watson,A Nehra,1,0,,,,,,,,,
829735,2015,2015-04-19,"Sardar Patel Stadium, Motera",2,1.4,Rajasthan Royals,Chennai Super Kings,SR Watson,AM Rahane,A Nehra,1,0,,,,,,,,,
829735,2015,2015-04-19,"Sardar Patel Stadium, Motera",2,1.5,Rajasthan Royals,Chennai Super Kings,AM Rahane,SR Watson,A Nehra,1,0,,,,,,,,,
829735,2015,2015-04-19,"Sardar Patel Stadium, Motera",2,1.6,Rajasthan Royals,Chennai Super Kings,SR Watson,AM Rahane,A Nehra,0,0,,,,,,,,,
829735,2015,2015-04-19,"Sardar Patel Stadium, Motera",2,2.1,Rajasthan Royals,Chennai Super Kings,AM Rahane,SR Watson,IC Pandey,4,0,,,,,,,,,
829735,2015,2015-04-19,"Sardar Patel Stadium, Motera",2,2.2,Rajasthan Royals,Chennai Super Kings,AM Rahane,SR Watson,IC Pandey,1,0,,,,,,,,,
829735,2015,2015-04-19,"Sardar Patel Stadium, Motera",2,2.3,Rajasthan Royals,Chennai Super Kings,SR Watson,AM Rahane,IC Pandey,4,0,,,,,,,,,
829735,2015,2015-04-19,"Sardar Patel Stadium, Motera",2,2.4,Rajasthan Royals,Chennai Super Kings,SR Watson,AM Rahane,IC Pandey,1,0,,,,,,,,,
829735,2015,2015-04-19,"Sardar Patel Stadium, Motera",2,2.5,Rajasthan Royals,Chennai Super Kings,AM Rahane,SR Watson,IC Pandey,1,0,,,,,,,,,
829735,2015,2015-04-19,"Sardar Patel Stadium, Motera",2,2.6,Rajasthan Royals,Chennai Super Kings,SR Watson,AM Rahane,IC Pandey,0,0,,,,,,,,,
829735,2015,2015-04-19,"Sardar Patel Stadium, Motera",2,3.1,Rajasthan Royals,Chennai Super Kings,AM Rahane,SR Watson,MM Sharma,0,0,,,,,,,,,
829735,2015,2015-04-19,"Sardar Patel Stadium, Motera",2,3.2,Rajasthan Royals,Chennai Super Kings,AM Rahane,SR Watson,MM Sharma,6,0,,,,,,,,,
829735,2015,2015-04-19,"Sardar Patel Stadium, Motera",2,3.3,Rajasthan Royals,Chennai Super Kings,AM Rahane,SR Watson,MM Sharma,0,0,,,,,,,,,
829735,2015,2015-04-19,"Sardar Patel Stadium, Motera",2,3.4,Rajasthan Royals,Chennai Super Kings,AM Rahane,SR Watson,MM Sharma,1,0,,,,,,,,,
829735,2015,2015-04-19,"Sardar Patel Stadium, Motera",2,3.5,Rajasthan Royals,Chennai Super Kings,SR Watson,AM Rahane,MM Sharma,4,0,,,,,,,,,
829735,2015,2015-04-19,"Sardar Patel Stadium, Motera",2,3.6,Rajasthan Royals,Chennai Super Kings,SR Watson,AM Rahane,MM Sharma,2,0,,,,,,,,,
829735,2015,2015-04-19,"Sardar Patel Stadium, Motera",2,4.1,Rajasthan Royals,Chennai Super Kings,AM Rahane,SR Watson,A Nehra,4,0,,,,,,,,,
829735,2015,2015-04-19,"Sardar Patel Stadium, Motera",2,4.2,Rajasthan Royals,Chennai Super Kings,AM Rahane,SR Watson,A Nehra,1,0,,,,,,,,,
829735,2015,2015-04-19,"Sardar Patel Stadium, Motera",2,4.3,Rajasthan Royals,Chennai Super Kings,SR Watson,AM Rahane,A Nehra,0,0,,,,,,,,,
829735,2015,2015-04-19,"Sardar Patel Stadium, Motera",2,4.4,Rajasthan Royals,Chennai Super Kings,SR Watson,AM Rahane,A Nehra,0,0,,,,,,,,,
829735,2015,2015-04-19,"Sardar Patel Stadium, Motera",2,4.5,Rajasthan Royals,Chennai Super Kings,SR Watson,AM Rahane,A Nehra,1,0,,,,,,,,,
829735,2015,2015-04-19,"Sardar Patel Stadium, Motera",2,4.6,Rajasthan Royals,Chennai Super Kings,AM Rahane,SR Watson,A Nehra,4,0,,,,,,,,,
829735,2015,2015-04-19,"Sardar Patel Stadium, Motera",2,5.1,Rajasthan Royals,Chennai Super Kings,SR Watson,AM Rahane,MM Sharma,0,0,,,,,,,,,
829735,2015,2015-04-19,"Sardar Patel Stadium, Motera",2,5.2,Rajasthan Royals,Chennai Super Kings,SR Watson,AM Rahane,MM Sharma,0,0,,,,,,,,,
829735,2015,2015-04-19,"Sardar Patel Stadium, Motera",2,5.3,Rajasthan Royals,Chennai Super Kings,SR Watson,AM Rahane,MM Sharma,0,0,,,,,,,,,
829735,2015,2015-04-19,"Sardar Patel Stadium, Motera",2,5.4,Rajasthan Royals,Chennai Super Kings,SR Watson,AM Rahane,MM Sharma,0,0,,,,,,,,,
829735,2015,2015-04-19,"Sardar Patel Stadium, Motera",2,5.5,Rajasthan Royals,Chennai Super Kings,SR Watson,AM Rahane,MM Sharma,4,0,,,,,,,,,
829735,2015,2015-04-19,"Sardar Patel Stadium, Motera",2,5.6,Rajasthan Royals,Chennai Super Kings,SR Watson,AM Rahane,MM Sharma,1,0,,,,,,,,,
829735,2015,2015-04-19,"Sardar Patel Stadium, Motera",2,6.1,Rajasthan Royals,Chennai Super Kings,SR Watson,AM Rahane,RA Jadeja,0,0,,,,,,,,,
829735,2015,2015-04-19,"Sardar Patel Stadium, Motera",2,6.2,Rajasthan Royals,Chennai Super Kings,SR Watson,AM Rahane,RA Jadeja,0,0,,,,,,,,,
829735,2015,2015-04-19,"Sardar Patel Stadium, Motera",2,6.3,Rajasthan Royals,Chennai Super Kings,SR Watson,AM Rahane,RA Jadeja,1,0,,,,,,,,,
829735,2015,2015-04-19,"Sardar Patel Stadium, Motera",2,6.4,Rajasthan Royals,Chennai Super Kings,AM Rahane,SR Watson,RA Jadeja,2,0,,,,,,,,,
829735,2015,2015-04-19,"Sardar Patel Stadium, Motera",2,6.5,Rajasthan Royals,Chennai Super Kings,AM Rahane,SR Watson,RA Jadeja,0,0,,,,,,,,,
829735,2015,2015-04-19,"Sardar Patel Stadium, Motera",2,6.6,Rajasthan Royals,Chennai Super Kings,AM Rahane,SR Watson,RA Jadeja,1,0,,,,,,,,,
829735,2015,2015-04-19,"Sardar Patel Stadium, Motera",2,7.1,Rajasthan Royals,Chennai Super Kings,AM Rahane,SR Watson,R Ashwin,1,0,,,,,,,,,
829735,2015,2015-04-19,"Sardar Patel Stadium, Motera",2,7.2,Rajasthan Royals,Chennai Super Kings,SR Watson,AM Rahane,R Ashwin,1,0,,,,,,,,,
829735,2015,2015-04-19,"Sardar Patel Stadium, Motera",2,7.3,Rajasthan Royals,Chennai Super Kings,AM Rahane,SR Watson,R Ashwin,1,0,,,,,,,,,
829735,2015,2015-04-19,"Sardar Patel Stadium, Motera",2,7.4,Rajasthan Royals,Chennai Super Kings,SR Watson,AM Rahane,R Ashwin,1,0,,,,,,,,,
829735,2015,2015-04-19,"Sardar Patel Stadium, Motera",2,7.5,Rajasthan Royals,Chennai Super Kings,AM Rahane,SR Watson,R Ashwin,1,0,,,,,,,,,
829735,2015,2015-04-19,"Sardar Patel Stadium, Motera",2,7.6,Rajasthan Royals,Chennai Super Kings,SR Watson,AM Rahane,R Ashwin,1,0,,,,,,,,,
829735,2015,2015-04-19,"Sardar Patel Stadium, Motera",2,8.1,Rajasthan Royals,Chennai Super Kings,SR Watson,AM Rahane,RA Jadeja,6,0,,,,,,,,,
829735,2015,2015-04-19,"Sardar Patel Stadium, Motera",2,8.2,Rajasthan Royals,Chennai Super Kings,SR Watson,AM Rahane,RA Jadeja,6,0,,,,,,,,,
829735,2015,2015-04-19,"Sardar Patel Stadium, Motera",2,8.3,Rajasthan Royals,Chennai Super Kings,SR Watson,AM Rahane,RA Jadeja,0,0,,,,,,,,,
829735,2015,2015-04-19,"Sardar Patel Stadium, Motera",2,8.4,Rajasthan Royals,Chennai Super Kings,SR Watson,AM Rahane,RA Jadeja,1,0,,,,,,,,,
829735,2015,2015-04-19,"Sardar Patel Stadium, Motera",2,8.5,Rajasthan Royals,Chennai Super Kings,AM Rahane,SR Watson,RA Jadeja,1,0,,,,,,,,,
829735,2015,2015-04-19,"Sardar Patel Stadium, Motera",2,8.6,Rajasthan Royals,Chennai Super Kings,SR Watson,AM Rahane,RA Jadeja,2,0,,,,,,,,,
829735,2015,2015-04-19,"Sardar Patel Stadium, Motera",2,9.1,Rajasthan Royals,Chennai Super Kings,AM Rahane,SR Watson,R Ashwin,4,0,,,,,,,,,
829735,2015,2015-04-19,"Sardar Patel Stadium, Motera",2,9.2,Rajasthan Royals,Chennai Super Kings,AM Rahane,SR Watson,R Ashwin,1,0,,,,,,,,,
829735,2015,2015-04-19,"Sardar Patel Stadium, Motera",2,9.3,Rajasthan Royals,Chennai Super Kings,SR Watson,AM Rahane,R Ashwin,6,0,,,,,,,,,
829735,2015,2015-04-19,"Sardar Patel Stadium, Motera",2,9.4,Rajasthan Royals,Chennai Super Kings,SR Watson,AM Rahane,R Ashwin,1,0,,,,,,,,,
829735,2015,2015-04-19,"Sardar Patel Stadium, Motera",2,9.5,Rajasthan Royals,Chennai Super Kings,AM Rahane,SR Watson,R Ashwin,2,0,,,,,,,,,
829735,2015,2015-04-19,"Sardar Patel Stadium, Motera",2,9.6,Rajasthan Royals,Chennai Super Kings,AM Rahane,SR Watson,R Ashwin,1,0,,,,,,,,,
829735,2015,2015-04-19,"Sardar Patel Stadium, Motera",2,10.1,Rajasthan Royals,Chennai Super Kings,AM Rahane,SR Watson,RA Jadeja,1,0,,,,,,,,,
829735,2015,2015-04-19,"Sardar Patel Stadium, Motera",2,10.2,Rajasthan Royals,Chennai Super Kings,SR Watson,AM Rahane,RA Jadeja,1,0,,,,,,,,,
829735,2015,2015-04-19,"Sardar Patel Stadium, Motera",2,10.3,Rajasthan Royals,Chennai Super Kings,AM Rahane,SR Watson,RA Jadeja,1,0,,,,,,,,,
829735,2015,2015-04-19,"Sardar Patel Stadium, Motera",2,10.4,Rajasthan Royals,Chennai Super Kings,SR Watson,AM Rahane,RA Jadeja,1,0,,,,,,,,,
829735,2015,2015-04-19,"Sardar Patel Stadium, Motera",2,10.5,Rajasthan Royals,Chennai Super Kings,AM Rahane,SR Watson,RA Jadeja,1,0,,,,,,,,,
829735,2015,2015-04-19,"Sardar Patel Stadium, Motera",2,10.6,Rajasthan Royals,Chennai Super Kings,SR Watson,AM Rahane,RA Jadeja,1,0,,,,,,,,,
829735,2015,2015-04-19,"Sardar Patel Stadium, Motera",2,11.1,Rajasthan Royals,Chennai Super Kings,SR Watson,AM Rahane,DJ Bravo,1,0,,,,,,,,,
829735,2015,2015-04-19,"Sardar Patel Stadium, Motera",2,11.2,Rajasthan Royals,Chennai Super Kings,AM Rahane,SR Watson,DJ Bravo,1,0,,,,,,,,,
829735,2015,2015-04-19,"Sardar Patel Stadium, Motera",2,11.3,Rajasthan Royals,Chennai Super Kings,SR Watson,AM Rahane,DJ Bravo,6,0,,,,,,,,,
829735,2015,2015-04-19,"Sardar Patel Stadium, Motera",2,11.4,Rajasthan Royals,Chennai Super Kings,SR Watson,AM Rahane,DJ Bravo,4,0,,,,,,,,,
829735,2015,2015-04-19,"Sardar Patel Stadium, Motera",2,11.5,Rajasthan Royals,Chennai Super Kings,SR Watson,AM Rahane,DJ Bravo,0,0,,,,,,,,,
829735,2015,2015-04-19,"Sardar Patel Stadium, Motera",2,11.6,Rajasthan Royals,Chennai Super Kings,SR Watson,AM Rahane,DJ Bravo,4,0,,,,,,,,,
829735,2015,2015-04-19,"Sardar Patel Stadium, Motera",2,12.1,Rajasthan Royals,Chennai Super Kings,AM Rahane,SR Watson,A Nehra,2,0,,,,,,,,,
829735,2015,2015-04-19,"Sardar Patel Stadium, Motera",2,12.2,Rajasthan Royals,Chennai Super Kings,AM Rahane,SR Watson,A Nehra,0,0,,,,,,,,,
829735,2015,2015-04-19,"Sardar Patel Stadium, Motera",2,12.3,Rajasthan Royals,Chennai Super Kings,AM Rahane,SR Watson,A Nehra,1,0,,,,,,,,,
829735,2015,2015-04-19,"Sardar Patel Stadium, Motera",2,12.4,Rajasthan Royals,Chennai Super Kings,SR Watson,AM Rahane,A Nehra,1,0,,,,,,,,,
829735,2015,2015-04-19,"Sardar Patel Stadium, Motera",2,12.5,Rajasthan Royals,Chennai Super Kings,AM Rahane,SR Watson,A Nehra,1,0,,,,,,,,,
829735,2015,2015-04-19,"Sardar Patel Stadium, Motera",2,12.6,Rajasthan Royals,Chennai Super Kings,SR Watson,AM Rahane,A Nehra,0,0,,,,,,,,,
829735,2015,2015-04-19,"Sardar Patel Stadium, Motera",2,13.1,Rajasthan Royals,Chennai Super Kings,AM Rahane,SR Watson,DJ Bravo,6,0,,,,,,,,,
829735,2015,2015-04-19,"Sardar Patel Stadium, Motera",2,13.2,Rajasthan Royals,Chennai Super Kings,AM Rahane,SR Watson,DJ Bravo,4,0,,,,,,,,,
829735,2015,2015-04-19,"Sardar Patel Stadium, Motera",2,13.3,Rajasthan Royals,Chennai Super Kings,AM Rahane,SR Watson,DJ Bravo,0,0,,,,,,,,,
829735,2015,2015-04-19,"Sardar Patel Stadium, Motera",2,13.4,Rajasthan Royals,Chennai Super Kings,AM Rahane,SR Watson,DJ Bravo,1,0,,,,,,,,,
829735,2015,2015-04-19,"Sardar Patel Stadium, Motera",2,13.5,Rajasthan Royals,Chennai Super Kings,SR Watson,AM Rahane,DJ Bravo,1,0,,,,,,,,,
829735,2015,2015-04-19,"Sardar Patel Stadium, Motera",2,13.6,Rajasthan Royals,Chennai Super Kings,AM Rahane,SR Watson,DJ Bravo,1,0,,,,,,,,,
829735,2015,2015-04-19,"Sardar Patel Stadium, Motera",2,14.1,Rajasthan Royals,Chennai Super Kings,AM Rahane,SR Watson,A Nehra,1,0,,,,,,,,,
829735,2015,2015-04-19,"Sardar Patel Stadium, Motera",2,14.2,Rajasthan Royals,Chennai Super Kings,SR Watson,AM Rahane,A Nehra,0,1,1,,,,,,,,
829735,2015,2015-04-19,"Sardar Patel Stadium, Motera",2,14.3,Rajasthan Royals,Chennai Super Kings,SR Watson,AM Rahane,A Nehra,4,0,,,,,,,,,
829735,2015,2015-04-19,"Sardar Patel Stadium, Motera",2,14.4,Rajasthan Royals,Chennai Super Kings,SR Watson,AM Rahane,A Nehra,1,0,,,,,,,,,
829735,2015,2015-04-19,"Sardar Patel Stadium, Motera",2,14.5,Rajasthan Royals,Chennai Super Kings,AM Rahane,SR Watson,A Nehra,0,0,,,,,,,,,
829735,2015,2015-04-19,"Sardar Patel Stadium, Motera",2,14.6,Rajasthan Royals,Chennai Super Kings,AM Rahane,SR Watson,A Nehra,1,0,,,,,,,,,
829735,2015,2015-04-19,"Sardar Patel Stadium, Motera",2,14.7,Rajasthan Royals,Chennai Super Kings,SR Watson,AM Rahane,A Nehra,2,0,,,,,,,,,
829735,2015,2015-04-19,"Sardar Patel Stadium, Motera",2,15.1,Rajasthan Royals,Chennai Super Kings,AM Rahane,SR Watson,MM Sharma,1,0,,,,,,,,,
829735,2015,2015-04-19,"Sardar Patel Stadium, Motera",2,15.2,Rajasthan Royals,Chennai Super Kings,SR Watson,AM Rahane,MM Sharma,1,0,,,,,,,,,
829735,2015,2015-04-19,"Sardar Patel Stadium, Motera",2,15.3,Rajasthan Royals,Chennai Super Kings,AM Rahane,SR Watson,MM Sharma,0,0,,,,,,,,,
829735,2015,2015-04-19,"Sardar Patel Stadium, Motera",2,15.4,Rajasthan Royals,Chennai Super Kings,AM Rahane,SR Watson,MM Sharma,2,0,,,,,,,,,
829735,2015,2015-04-19,"Sardar Patel Stadium, Motera",2,15.5,Rajasthan Royals,Chennai Super Kings,AM Rahane,SR Watson,MM Sharma,1,0,,,,,,,,,
829735,2015,2015-04-19,"Sardar Patel Stadium, Motera",2,15.6,Rajasthan Royals,Chennai Super Kings,SR Watson,AM Rahane,MM Sharma,1,0,,,,,,,,,
829735,2015,2015-04-19,"Sardar Patel Stadium, Motera",2,16.1,Rajasthan Royals,Chennai Super Kings,SR Watson,AM Rahane,RA Jadeja,0,0,,,,,,bowled,SR Watson,,
829735,2015,2015-04-19,"Sardar Patel Stadium, Motera",2,16.2,Rajasthan Royals,Chennai Super Kings,SPD Smith,AM Rahane,RA Jadeja,0,0,,,,,,,,,
829735,2015,2015-04-19,"Sardar Patel Stadium, Motera",2,16.3,Rajasthan Royals,Chennai Super Kings,SPD Smith,AM Rahane,RA Jadeja,1,0,,,,,,,,,
829735,2015,2015-04-19,"Sardar Patel Stadium, Motera",2,16.4,Rajasthan Royals,Chennai Super Kings,AM Rahane,SPD Smith,RA Jadeja,1,0,,,,,,,,,
829735,2015,2015-04-19,"Sardar Patel Stadium, Motera",2,16.5,Rajasthan Royals,Chennai Super Kings,SPD Smith,AM Rahane,RA Jadeja,1,0,,,,,,,,,
829735,2015,2015-04-19,"Sardar Patel Stadium, Motera",2,16.6,Rajasthan Royals,Chennai Super Kings,AM Rahane,SPD Smith,RA Jadeja,0,0,,,,,,,,,
829735,2015,2015-04-19,"Sardar Patel Stadium, Motera",2,17.1,Rajasthan Royals,Chennai Super Kings,SPD Smith,AM Rahane,MM Sharma,1,0,,,,,,,,,
829735,2015,2015-04-19,"Sardar Patel Stadium, Motera",2,17.2,Rajasthan Royals,Chennai Super Kings,AM Rahane,SPD Smith,MM Sharma,2,0,,,,,,,,,
829735,2015,2015-04-19,"Sardar Patel Stadium, Motera",2,17.3,Rajasthan Royals,Chennai Super Kings,AM Rahane,SPD Smith,MM Sharma,2,0,,,,,,,,,
829735,2015,2015-04-19,"Sardar Patel Stadium, Motera",2,17.4,Rajasthan Royals,Chennai Super Kings,AM Rahane,SPD Smith,MM Sharma,1,0,,,,,,,,,
829735,2015,2015-04-19,"Sardar Patel Stadium, Motera",2,17.5,Rajasthan Royals,Chennai Super Kings,SPD Smith,AM Rahane,MM Sharma,2,0,,,,,,,,,
829735,2015,2015-04-19,"Sardar Patel Stadium, Motera",2,17.6,Rajasthan Royals,Chennai Super Kings,SPD Smith,AM Rahane,MM Sharma,1,0,,,,,,,,,
829735,2015,2015-04-19,"Sardar Patel Stadium, Motera",2,18.1,Rajasthan Royals,Chennai Super Kings,SPD Smith,AM Rahane,DJ Bravo,0,0,,,,,,caught and bowled,SPD Smith,,
829735,2015,2015-04-19,"Sardar Patel Stadium, Motera",2,18.2,Rajasthan Royals,Chennai Super Kings,KK Nair,AM Rahane,DJ Bravo,1,0,,,,,,,,,
