match_id,season,start_date,venue,innings,ball,batting_team,bowling_team,striker,non_striker,bowler,runs_off_bat,extras,wides,noballs,byes,legbyes,penalty,wicket_type,player_dismissed,other_wicket_type,other_player_dismissed
829713,2015,2015-04-11,Eden Gardens,1,0.1,Kolkata Knight Riders,Royal Challengers Bangalore,RV Uthappa,G Gambhir,SA Abbott,4,0,,,,,,,,,
829713,2015,2015-04-11,Eden Gardens,1,0.2,Kolkata Knight Riders,Royal Challengers Bangalore,RV Uthappa,G Gambhir,SA Abbott,1,0,,,,,,,,,
829713,2015,2015-04-11,Eden Gardens,1,0.3,Kolkata Knight Riders,Royal Challengers Bangalore,G Gambhir,RV Uthappa,SA Abbott,4,0,,,,,,,,,
829713,2015,2015-04-11,Eden Gardens,1,0.4,Kolkata Knight Riders,Royal Challengers Bangalore,G Gambhir,RV Uthappa,SA Abbott,1,0,,,,,,,,,
829713,2015,2015-04-11,Eden Gardens,1,0.5,Kolkata Knight Riders,Royal Challengers Bangalore,RV Uthappa,G Gambhir,SA Abbott,2,0,,,,,,,,,
829713,2015,2015-04-11,Eden Gardens,1,0.6,Kolkata Knight Riders,Royal Challengers Bangalore,RV Uthappa,G Gambhir,SA Abbott,1,0,,,,,,,,,
829713,2015,2015-04-11,Eden Gardens,1,1.1,Kolkata Knight Riders,Royal Challengers Bangalore,RV Uthappa,G Gambhir,HV Patel,4,0,,,,,,,,,
829713,2015,2015-04-11,Eden Gardens,1,1.2,Kolkata Knight Riders,Royal Challengers Bangalore,RV Uthappa,G Gambhir,HV Patel,1,0,,,,,,,,,
829713,2015,2015-04-11,Eden Gardens,1,1.3,Kolkata Knight Riders,Royal Challengers Bangalore,G Gambhir,RV Uthappa,HV Patel,0,0,,,,,,,,,
829713,2015,2015-04-11,Eden Gardens,1,1.4,Kolkata Knight Riders,Royal Challengers Bangalore,G Gambhir,RV Uthappa,HV Patel,0,0,,,,,,,,,
829713,2015,2015-04-11,Eden Gardens,1,1.5,Kolkata Knight Riders,Royal Challengers Bangalore,G Gambhir,RV Uthappa,HV Patel,0,0,,,,,,,,,
829713,2015,2015-04-11,Eden Gardens,1,1.6,Kolkata Knight Riders,Royal Challengers Bangalore,G Gambhir,RV Uthappa,HV Patel,1,0,,,,,,,,,
829713,2015,2015-04-11,Eden Gardens,1,2.1,Kolkata Knight Riders,Royal Challengers Bangalore,G Gambhir,RV Uthappa,SA Abbott,6,0,,,,,,,,,
829713,2015,2015-04-11,Eden Gardens,1,2.2,Kolkata Knight Riders,Royal Challengers Bangalore,G Gambhir,RV Uthappa,SA Abbott,1,0,,,,,,,,,
829713,2015,2015-04-11,Eden Gardens,1,2.3,Kolkata Knight Riders,Royal Challengers Bangalore,RV Uthappa,G Gambhir,SA Abbott,0,0,,,,,,,,,
829713,2015,2015-04-11,Eden Gardens,1,2.4,Kolkata Knight Riders,Royal Challengers Bangalore,RV Uthappa,G Gambhir,SA Abbott,1,0,,,,,,,,,
829713,2015,2015-04-11,Eden Gardens,1,2.5,Kolkata Knight Riders,Royal Challengers Bangalore,G Gambhir,RV Uthappa,SA Abbott,0,0,,,,,,,,,
829713,2015,2015-04-11,Eden Gardens,1,2.6,Kolkata Knight Riders,Royal Challengers Bangalore,G Gambhir,RV Uthappa,SA Abbott,1,0,,,,,,,,,
829713,2015,2015-04-11,Eden Gardens,1,3.1,Kolkata Knight Riders,Royal Challengers Bangalore,G Gambhir,RV Uthappa,HV Patel,0,1,1,,,,,,,,
829713,2015,2015-04-11,Eden Gardens,1,3.2,Kolkata Knight Riders,Royal Challengers Bangalore,G Gambhir,RV Uthappa,HV Patel,1,0,,,,,,,,,
829713,2015,2015-04-11,Eden Gardens,1,3.3,Kolkata Knight Riders,Royal Challengers Bangalore,RV Uthappa,G Gambhir,HV Patel,4,0,,,,,,,,,
829713,2015,2015-04-11,Eden Gardens,1,3.4,Kolkata Knight Riders,Royal Challengers Bangalore,RV Uthappa,G Gambhir,HV Patel,1,0,,,,,,,,,
829713,2015,2015-04-11,Eden Gardens,1,3.5,Kolkata Knight Riders,Royal Challengers Bangalore,G Gambhir,RV Uthappa,HV Patel,1,0,,,,,,,,,
829713,2015,2015-04-11,Eden Gardens,1,3.6,Kolkata Knight Riders,Royal Challengers Bangalore,RV Uthappa,G Gambhir,HV Patel,0,0,,,,,,,,,
829713,2015,2015-04-11,Eden Gardens,1,3.7,Kolkata Knight Riders,Royal Challengers Bangalore,RV Uthappa,G Gambhir,HV Patel,4,0,,,,,,,,,
829713,2015,2015-04-11,Eden Gardens,1,4.1,Kolkata Knight Riders,Royal Challengers Bangalore,G Gambhir,RV Uthappa,VR Aaron,1,0,,,,,,,,,
829713,2015,2015-04-11,Eden Gardens,1,4.2,Kolkata Knight Riders,Royal Challengers Bangalore,RV Uthappa,G Gambhir,VR Aaron,1,0,,,,,,,,,
829713,2015,2015-04-11,Eden Gardens,1,4.3,Kolkata Knight Riders,Royal Challengers Bangalore,G Gambhir,RV Uthappa,VR Aaron,0,0,,,,,,,,,
829713,2015,2015-04-11,Eden Gardens,1,4.4,Kolkata Knight Riders,Royal Challengers Bangalore,G Gambhir,RV Uthappa,VR Aaron,0,0,,,,,,,,,
829713,2015,2015-04-11,Eden Gardens,1,4.5,Kolkata Knight Riders,Royal Challengers Bangalore,G Gambhir,RV Uthappa,VR Aaron,4,0,,,,,,,,,
829713,2015,2015-04-11,Eden Gardens,1,4.6,Kolkata Knight Riders,Royal Challengers Bangalore,G Gambhir,RV Uthappa,VR Aaron,0,0,,,,,,,,,
829713,2015,2015-04-11,Eden Gardens,1,5.1,Kolkata Knight Riders,Royal Challengers Bangalore,RV Uthappa,G Gambhir,AN Ahmed,1,0,,,,,,,,,
829713,2015,2015-04-11,Eden Gardens,1,5.2,Kolkata Knight Riders,Royal Challengers Bangalore,G Gambhir,RV Uthappa,AN Ahmed,4,0,,,,,,,,,
829713,2015,2015-04-11,Eden Gardens,1,5.3,Kolkata Knight Riders,Royal Challengers Bangalore,G Gambhir,RV Uthappa,AN Ahmed,0,0,,,,,,,,,
829713,2015,2015-04-11,Eden Gardens,1,5.4,Kolkata Knight Riders,Royal Challengers Bangalore,G Gambhir,RV Uthappa,AN Ahmed,0,0,,,,,,,,,
829713,2015,2015-04-11,Eden Gardens,1,5.5,Kolkata Knight Riders,Royal Challengers Bangalore,G Gambhir,RV Uthappa,AN Ahmed,1,0,,,,,,,,,
829713,2015,2015-04-11,Eden Gardens,1,5.6,Kolkata Knight Riders,Royal Challengers Bangalore,RV Uthappa,G Gambhir,AN Ahmed,1,0,,,,,,,,,
829713,2015,2015-04-11,Eden Gardens,1,6.1,Kolkata Knight Riders,Royal Challengers Bangalore,RV Uthappa,G Gambhir,VR Aaron,0,0,,,,,,,,,
829713,2015,2015-04-11,Eden Gardens,1,6.2,Kolkata Knight Riders,Royal Challengers Bangalore,RV Uthappa,G Gambhir,VR Aaron,1,0,,,,,,,,,
829713,2015,2015-04-11,Eden Gardens,1,6.3,Kolkata Knight Riders,Royal Challengers Bangalore,G Gambhir,RV Uthappa,VR Aaron,0,0,,,,,,,,,
829713,2015,2015-04-11,Eden Gardens,1,6.4,Kolkata Knight Riders,Royal Challengers Bangalore,G Gambhir,RV Uthappa,VR Aaron,0,0,,,,,,,,,
829713,2015,2015-04-11,Eden Gardens,1,6.5,Kolkata Knight Riders,Royal Challengers Bangalore,G Gambhir,RV Uthappa,VR Aaron,4,0,,,,,,,,,
829713,2015,2015-04-11,Eden Gardens,1,6.6,Kolkata Knight Riders,Royal Challengers Bangalore,G Gambhir,RV Uthappa,VR Aaron,0,0,,,,,,,,,
829713,2015,2015-04-11,Eden Gardens,1,7.1,Kolkata Knight Riders,Royal Challengers Bangalore,RV Uthappa,G Gambhir,AN Ahmed,1,0,,,,,,,,,
829713,2015,2015-04-11,Eden Gardens,1,7.2,Kolkata Knight Riders,Royal Challengers Bangalore,G Gambhir,RV Uthappa,AN Ahmed,1,0,,,,,,,,,
829713,2015,2015-04-11,Eden Gardens,1,7.3,Kolkata Knight Riders,Royal Challengers Bangalore,RV Uthappa,G Gambhir,AN Ahmed,0,0,,,,,,,,,
829713,2015,2015-04-11,Eden Gardens,1,7.4,Kolkata Knight Riders,Royal Challengers Bangalore,RV Uthappa,G Gambhir,AN Ahmed,0,0,,,,,,,,,
829713,2015,2015-04-11,Eden Gardens,1,7.5,Kolkata Knight Riders,Royal Challengers Bangalore,RV Uthappa,G Gambhir,AN Ahmed,1,0,,,,,,,,,
829713,2015,2015-04-11,Eden Gardens,1,7.6,Kolkata Knight Riders,Royal Challengers Bangalore,G Gambhir,RV Uthappa,AN Ahmed,1,0,,,,,,,,,
829713,2015,2015-04-11,Eden Gardens,1,8.1,Kolkata Knight Riders,Royal Challengers Bangalore,G Gambhir,RV Uthappa,DJG Sammy,1,0,,,,,,,,,
829713,2015,2015-04-11,Eden Gardens,1,8.2,Kolkata Knight Riders,Royal Challengers Bangalore,RV Uthappa,G Gambhir,DJG Sammy,1,0,,,,,,,,,
829713,2015,2015-04-11,Eden Gardens,1,8.3,Kolkata Knight Riders,Royal Challengers Bangalore,G Gambhir,RV Uthappa,DJG Sammy,1,0,,,,,,,,,
829713,2015,2015-04-11,Eden Gardens,1,8.4,Kolkata Knight Riders,Royal Challengers Bangalore,RV Uthappa,G Gambhir,DJG Sammy,0,1,,,,1,,,,,
829713,2015,2015-04-11,Eden Gardens,1,8.5,Kolkata Knight Riders,Royal Challengers Bangalore,G Gambhir,RV Uthappa,DJG Sammy,0,0,,,,,,,,,
829713,2015,2015-04-11,Eden Gardens,1,8.6,Kolkata Knight Riders,Royal Challengers Bangalore,G Gambhir,RV Uthappa,DJG Sammy,4,0,,,,,,,,,
829713,2015,2015-04-11,Eden Gardens,1,9.1,Kolkata Knight Riders,Royal Challengers Bangalore,RV Uthappa,G Gambhir,YS Chahal,1,0,,,,,,,,,
829713,2015,2015-04-11,Eden Gardens,1,9.2,Kolkata Knight Riders,Royal Challengers Bangalore,G Gambhir,RV Uthappa,YS Chahal,0,0,,,,,,,,,
829713,2015,2015-04-11,Eden Gardens,1,9.3,Kolkata Knight Riders,Royal Challengers Bangalore,G Gambhir,RV Uthappa,YS Chahal,1,0,,,,,,,,,
829713,2015,2015-04-11,Eden Gardens,1,9.4,Kolkata Knight Riders,Royal Challengers Bangalore,RV Uthappa,G Gambhir,YS Chahal,1,0,,,,,,,,,
829713,2015,2015-04-11,Eden Gardens,1,9.5,Kolkata Knight Riders,Royal Challengers Bangalore,G Gambhir,RV Uthappa,YS Chahal,0,0,,,,,,,,,
829713,2015,2015-04-11,Eden Gardens,1,9.6,Kolkata Knight Riders,Royal Challengers Bangalore,G Gambhir,RV Uthappa,YS Chahal,4,0,,,,,,,,,
829713,2015,2015-04-11,Eden Gardens,1,10.1,Kolkata Knight Riders,Royal Challengers Bangalore,RV Uthappa,G Gambhir,AN Ahmed,1,0,,,,,,,,,
829713,2015,2015-04-11,Eden Gardens,1,10.2,Kolkata Knight Riders,Royal Challengers Bangalore,G Gambhir,RV Uthappa,AN Ahmed,1,0,,,,,,,,,
829713,2015,2015-04-11,Eden Gardens,1,10.3,Kolkata Knight Riders,Royal Challengers Bangalore,RV Uthappa,G Gambhir,AN Ahmed,2,0,,,,,,,,,
829713,2015,2015-04-11,Eden Gardens,1,10.4,Kolkata Knight Riders,Royal Challengers Bangalore,RV Uthappa,G Gambhir,AN Ahmed,0,0,,,,,,caught,RV Uthappa,,
829713,2015,2015-04-11,Eden Gardens,1,10.5,Kolkata Knight Riders,Royal Challengers Bangalore,G Gambhir,MK Pandey,AN Ahmed,1,0,,,,,,,,,
829713,2015,2015-04-11,Eden Gardens,1,10.6,Kolkata Knight Riders,Royal Challengers Bangalore,MK Pandey,G Gambhir,AN Ahmed,0,0,,,,,,,,,
829713,2015,2015-04-11,Eden Gardens,1,11.1,Kolkata Knight Riders,Royal Challengers Bangalore,G Gambhir,MK Pandey,YS Chahal,2,0,,,,,,,,,
829713,2015,2015-04-11,Eden Gardens,1,11.2,Kolkata Knight Riders,Royal Challengers Bangalore,G Gambhir,MK Pandey,YS Chahal,1,0,,,,,,,,,
829713,2015,2015-04-11,Eden Gardens,1,11.3,Kolkata Knight Riders,Royal Challengers Bangalore,MK Pandey,G Gambhir,YS Chahal,1,0,,,,,,,,,
829713,2015,2015-04-11,Eden Gardens,1,11.4,Kolkata Knight Riders,Royal Challengers Bangalore,G Gambhir,MK Pandey,YS Chahal,1,0,,,,,,,,,
829713,2015,2015-04-11,Eden Gardens,1,11.5,Kolkata Knight Riders,Royal Challengers Bangalore,MK Pandey,G Gambhir,YS Chahal,0,0,,,,,,,,,
829713,2015,2015-04-11,Eden Gardens,1,11.6,Kolkata Knight Riders,Royal Challengers Bangalore,MK Pandey,G Gambhir,YS Chahal,0,0,,,,,,,,,
829713,2015,2015-04-11,Eden Gardens,1,12.1,Kolkata Knight Riders,Royal Challengers Bangalore,G Gambhir,MK Pandey,VR Aaron,1,0,,,,,,,,,
829713,2015,2015-04-11,Eden Gardens,1,12.2,Kolkata Knight Riders,Royal Challengers Bangalore,MK Pandey,G Gambhir,VR Aaron,4,0,,,,,,,,,
829713,2015,2015-04-11,Eden Gardens,1,12.3,Kolkata Knight Riders,Royal Challengers Bangalore,MK Pandey,G Gambhir,VR Aaron,1,0,,,,,,,,,
829713,2015,2015-04-11,Eden Gardens,1,12.4,Kolkata Knight Riders,Royal Challengers Bangalore,G Gambhir,MK Pandey,VR Aaron,4,0,,,,,,,,,
829713,2015,2015-04-11,Eden Gardens,1,12.5,Kolkata Knight Riders,Royal Challengers Bangalore,G Gambhir,MK Pandey,VR Aaron,0,1,1,,,,,,,,
829713,2015,2015-04-11,Eden Gardens,1,12.6,Kolkata Knight Riders,Royal Challengers Bangalore,G Gambhir,MK Pandey,VR Aaron,2,0,,,,,,,,,
829713,2015,2015-04-11,Eden Gardens,1,12.7,Kolkata Knight Riders,Royal Challengers Bangalore,G Gambhir,MK Pandey,VR Aaron,0,1,,,,1,,,,,
829713,2015,2015-04-11,Eden Gardens,1,13.1,Kolkata Knight Riders,Royal Challengers Bangalore,G Gambhir,MK Pandey,YS Chahal,2,0,,,,,,,,,
829713,2015,2015-04-11,Eden Gardens,1,13.2,Kolkata Knight Riders,Royal Challengers Bangalore,G Gambhir,MK Pandey,YS Chahal,0,0,,,,,,caught,G Gambhir,,
829713,2015,2015-04-11,Eden Gardens,1,13.3,Kolkata Knight Riders,Royal Challengers Bangalore,MK Pandey,SA Yadav,YS Chahal,0,0,,,,,,,,,
829713,2015,2015-04-11,Eden Gardens,1,13.4,Kolkata Knight Riders,Royal Challengers Bangalore,MK Pandey,SA Yadav,YS Chahal,4,0,,,,,,,,,
829713,2015,2015-04-11,Eden Gardens,1,13.5,Kolkata Knight Riders,Royal Challengers Bangalore,MK Pandey,SA Yadav,YS Chahal,1,0,,,,,,,,,
829713,2015,2015-04-11,Eden Gardens,1,13.6,Kolkata Knight Riders,Royal Challengers Bangalore,SA Yadav,MK Pandey,YS Chahal,0,0,,,,,,,,,
829713,2015,2015-04-11,Eden Gardens,1,14.1,Kolkata Knight Riders,Royal Challengers Bangalore,MK Pandey,SA Yadav,SA Abbott,1,0,,,,,,,,,
829713,2015,2015-04-11,Eden Gardens,1,14.2,Kolkata Knight Riders,Royal Challengers Bangalore,SA Yadav,MK Pandey,SA Abbott,0,0,,,,,,,,,
829713,2015,2015-04-11,Eden Gardens,1,14.3,Kolkata Knight Riders,Royal Challengers Bangalore,SA Yadav,MK Pandey,SA Abbott,4,0,,,,,,,,,
829713,2015,2015-04-11,Eden Gardens,1,14.4,Kolkata Knight Riders,Royal Challengers Bangalore,SA Yadav,MK Pandey,SA Abbott,1,0,,,,,,,,,
829713,2015,2015-04-11,Eden Gardens,1,14.5,Kolkata Knight Riders,Royal Challengers Bangalore,MK Pandey,SA Yadav,SA Abbott,4,0,,,,,,,,,
829713,2015,2015-04-11,Eden Gardens,1,14.6,Kolkata Knight Riders,Royal Challengers Bangalore,MK Pandey,SA Yadav,SA Abbott,4,0,,,,,,,,,
829713,2015,2015-04-11,Eden Gardens,1,15.1,Kolkata Knight Riders,Royal Challengers Bangalore,SA Yadav,MK Pandey,YS Chahal,1,0,,,,,,,,,
829713,2015,2015-04-11,Eden Gardens,1,15.2,Kolkata Knight Riders,Royal Challengers Bangalore,MK Pandey,SA Yadav,YS Chahal,1,0,,,,,,,,,
829713,2015,2015-04-11,Eden Gardens,1,15.3,Kolkata Knight Riders,Royal Challengers Bangalore,SA Yadav,MK Pandey,YS Chahal,0,0,,,,,,,,,
829713,2015,2015-04-11,Eden Gardens,1,15.4,Kolkata Knight Riders,Royal Challengers Bangalore,SA Yadav,MK Pandey,YS Chahal,4,0,,,,,,,,,
829713,2015,2015-04-11,Eden Gardens,1,15.5,Kolkata Knight Riders,Royal Challengers Bangalore,SA Yadav,MK Pandey,YS Chahal,1,0,,,,,,,,,
829713,2015,2015-04-11,Eden Gardens,1,15.6,Kolkata Knight Riders,Royal Challengers Bangalore,MK Pandey,SA Yadav,YS Chahal,2,0,,,,,,,,,
829713,2015,2015-04-11,Eden Gardens,1,16.1,Kolkata Knight Riders,Royal Challengers Bangalore,SA Yadav,MK Pandey,HV Patel,0,0,,,,,,caught,SA Yadav,,
829713,2015,2015-04-11,Eden Gardens,1,16.2,Kolkata Knight Riders,Royal Challengers Bangalore,MK Pandey,YK Pathan,HV Patel,0,0,,,,,,run out,MK Pandey,,
829713,2015,2015-04-11,Eden Gardens,1,16.3,Kolkata Knight Riders,Royal Challengers Bangalore,AD Russell,YK Pathan,HV Patel,0,0,,,,,,,,,
829713,2015,2015-04-11,Eden Gardens,1,16.4,Kolkata Knight Riders,Royal Challengers Bangalore,AD Russell,YK Pathan,HV Patel,4,0,,,,,,,,,
829713,2015,2015-04-11,Eden Gardens,1,16.5,Kolkata Knight Riders,Royal Challengers Bangalore,AD Russell,YK Pathan,HV Patel,1,0,,,,,,,,,
829713,2015,2015-04-11,Eden Gardens,1,16.6,Kolkata Knight Riders,Royal Challengers Bangalore,YK Pathan,AD Russell,HV Patel,1,0,,,,,,,,,
829713,2015,2015-04-11,Eden Gardens,1,17.1,Kolkata Knight Riders,Royal Challengers Bangalore,YK Pathan,AD Russell,AN Ahmed,1,0,,,,,,,,,
829713,2015,2015-04-11,Eden Gardens,1,17.2,Kolkata Knight Riders,Royal Challengers Bangalore,AD Russell,YK Pathan,AN Ahmed,0,0,,,,,,,,,
829713,2015,2015-04-11,Eden Gardens,1,17.3,Kolkata Knight Riders,Royal Challengers Bangalore,AD Russell,YK Pathan,AN Ahmed,4,0,,,,,,,,,
829713,2015,2015-04-11,Eden Gardens,1,17.4,Kolkata Knight Riders,Royal Challengers Bangalore,AD Russell,YK Pathan,AN Ahmed,0,0,,,,,,,,,
829713,2015,2015-04-11,Eden Gardens,1,17.5,Kolkata Knight Riders,Royal Challengers Bangalore,AD Russell,YK Pathan,AN Ahmed,6,0,,,,,,,,,
829713,2015,2015-04-11,Eden Gardens,1,17.6,Kolkata Knight Riders,Royal Challengers Bangalore,AD Russell,YK Pathan,AN Ahmed,1,0,,,,,,,,,
829713,2015,2015-04-11,Eden Gardens,1,18.1,Kolkata Knight Riders,Royal Challengers Bangalore,AD Russell,YK Pathan,HV Patel,6,0,,,,,,,,,
829713,2015,2015-04-11,Eden Gardens,1,18.2,Kolkata Knight Riders,Royal Challengers Bangalore,AD Russell,YK Pathan,HV Patel,2,0,,,,,,,,,
829713,2015,2015-04-11,Eden Gardens,1,18.3,Kolkata Knight Riders,Royal Challengers Bangalore,AD Russell,YK Pathan,HV Patel,0,1,,,1,,,,,,
829713,2015,2015-04-11,Eden Gardens,1,18.4,Kolkata Knight Riders,Royal Challengers Bangalore,YK Pathan,AD Russell,HV Patel,1,0,,,,,,,,,
829713,2015,2015-04-11,Eden Gardens,1,18.5,Kolkata Knight Riders,Royal Challengers Bangalore,AD Russell,YK Pathan,HV Patel,0,0,,,,,,,,,
829713,2015,2015-04-11,Eden Gardens,1,18.6,Kolkata Knight Riders,Royal Challengers Bangalore,AD Russell,YK Pathan,HV Patel,4,0,,,,,,,,,
829713,2015,2015-04-11,Eden Gardens,1,19.1,Kolkata Knight Riders,Royal Challengers Bangalore,YK Pathan,AD Russell,VR Aaron,0,0,,,,,,caught,YK Pathan,,
829713,2015,2015-04-11,Eden Gardens,1,19.2,Kolkata Knight Riders,Royal Challengers Bangalore,AD Russell,Shakib Al Hasan,VR Aaron,4,0,,,,,,,,,
829713,2015,2015-04-11,Eden Gardens,1,19.3,Kolkata Knight Riders,Royal Challengers Bangalore,AD Russell,Shakib Al Hasan,VR Aaron,4,0,,,,,,,,,
829713,2015,2015-04-11,Eden Gardens,1,19.4,Kolkata Knight Riders,Royal Challengers Bangalore,AD Russell,Shakib Al Hasan,VR Aaron,1,0,,,,,,,,,
829713,2015,2015-04-11,Eden Gardens,1,19.5,Kolkata Knight Riders,Royal Challengers Bangalore,Shakib Al Hasan,AD Russell,VR Aaron,0,0,,,,,,,,,
829713,2015,2015-04-11,Eden Gardens,1,19.6,Kolkata Knight Riders,Royal Challengers Bangalore,Shakib Al Hasan,AD Russell,VR Aaron,0,1,1,,,,,run out,Shakib Al Hasan,,
829713,2015,2015-04-11,Eden Gardens,1,19.7,Kolkata Knight Riders,Royal Challengers Bangalore,AD Russell,PP Chawla,VR Aaron,4,0,,,,,,,,,
829713,2015,2015-04-11,Eden Gardens,2,0.1,Royal Challengers Bangalore,Kolkata Knight Riders,CH Gayle,V Kohli,M Morkel,0,0,,,,,,,,,
829713,2015,2015-04-11,Eden Gardens,2,0.2,Royal Challengers Bangalore,Kolkata Knight Riders,CH Gayle,V Kohli,M Morkel,1,0,,,,,,,,,
829713,2015,2015-04-11,Eden Gardens,2,0.3,Royal Challengers Bangalore,Kolkata Knight Riders,V Kohli,CH Gayle,M Morkel,0,0,,,,,,,,,
829713,2015,2015-04-11,Eden Gardens,2,0.4,Royal Challengers Bangalore,Kolkata Knight Riders,V Kohli,CH Gayle,M Morkel,0,0,,,,,,,,,
829713,2015,2015-04-11,Eden Gardens,2,0.5,Royal Challengers Bangalore,Kolkata Knight Riders,V Kohli,CH Gayle,M Morkel,0,0,,,,,,,,,
829713,2015,2015-04-11,Eden Gardens,2,0.6,Royal Challengers Bangalore,Kolkata Knight Riders,V Kohli,CH Gayle,M Morkel,0,0,,,,,,,,,
829713,2015,2015-04-11,Eden Gardens,2,1.1,Royal Challengers Bangalore,Kolkata Knight Riders,CH Gayle,V Kohli,SP Narine,0,0,,,,,,,,,
829713,2015,2015-04-11,Eden Gardens,2,1.2,Royal Challengers Bangalore,Kolkata Knight Riders,CH Gayle,V Kohli,SP Narine,1,0,,,,,,,,,
829713,2015,2015-04-11,Eden Gardens,2,1.3,Royal Challengers Bangalore,Kolkata Knight Riders,V Kohli,CH Gayle,SP Narine,1,0,,,,,,,,,
829713,2015,2015-04-11,Eden Gardens,2,1.4,Royal Challengers Bangalore,Kolkata Knight Riders,CH Gayle,V Kohli,SP Narine,1,0,,,,,,,,,
829713,2015,2015-04-11,Eden Gardens,2,1.5,Royal Challengers Bangalore,Kolkata Knight Riders,V Kohli,CH Gayle,SP Narine,0,0,,,,,,,,,
829713,2015,2015-04-11,Eden Gardens,2,1.6,Royal Challengers Bangalore,Kolkata Knight Riders,V Kohli,CH Gayle,SP Narine,1,0,,,,,,,,,
829713,2015,2015-04-11,Eden Gardens,2,2.1,Royal Challengers Bangalore,Kolkata Knight Riders,V Kohli,CH Gayle,M Morkel,0,0,,,,,,,,,
829713,2015,2015-04-11,Eden Gardens,2,2.2,Royal Challengers Bangalore,Kolkata Knight Riders,V Kohli,CH Gayle,M Morkel,6,0,,,,,,,,,
829713,2015,2015-04-11,Eden Gardens,2,2.3,Royal Challengers Bangalore,Kolkata Knight Riders,V Kohli,CH Gayle,M Morkel,0,0,,,,,,,,,
829713,2015,2015-04-11,Eden Gardens,2,2.4,Royal Challengers Bangalore,Kolkata Knight Riders,V Kohli,CH Gayle,M Morkel,3,0,,,,,,,,,
829713,2015,2015-04-11,Eden Gardens,2,2.5,Royal Challengers Bangalore,Kolkata Knight Riders,CH Gayle,V Kohli,M Morkel,0,0,,,,,,,,,
829713,2015,2015-04-11,Eden Gardens,2,2.6,Royal Challengers Bangalore,Kolkata Knight Riders,CH Gayle,V Kohli,M Morkel,4,0,,,,,,,,,
829713,2015,2015-04-11,Eden Gardens,2,3.1,Royal Challengers Bangalore,Kolkata Knight Riders,V Kohli,CH Gayle,SP Narine,1,0,,,,,,,,,
829713,2015,2015-04-11,Eden Gardens,2,3.2,Royal Challengers Bangalore,Kolkata Knight Riders,CH Gayle,V Kohli,SP Narine,0,0,,,,,,,,,
829713,2015,2015-04-11,Eden Gardens,2,3.3,Royal Challengers Bangalore,Kolkata Knight Riders,CH Gayle,V Kohli,SP Narine,0,4,,,,4,,,,,
829713,2015,2015-04-11,Eden Gardens,2,3.4,Royal Challengers Bangalore,Kolkata Knight Riders,CH Gayle,V Kohli,SP Narine,0,0,,,,,,,,,
829713,2015,2015-04-11,Eden Gardens,2,3.5,Royal Challengers Bangalore,Kolkata Knight Riders,CH Gayle,V Kohli,SP Narine,0,0,,,,,,,,,
829713,2015,2015-04-11,Eden Gardens,2,3.6,Royal Challengers Bangalore,Kolkata Knight Riders,CH Gayle,V Kohli,SP Narine,0,0,,,,,,,,,
829713,2015,2015-04-11,Eden Gardens,2,4.1,Royal Challengers Bangalore,Kolkata Knight Riders,V Kohli,CH Gayle,M Morkel,1,0,,,,,,,,,
829713,2015,2015-04-11,Eden Gardens,2,4.2,Royal Challengers Bangalore,Kolkata Knight Riders,CH Gayle,V Kohli,M Morkel,4,0,,,,,,,,,
829713,2015,2015-04-11,Eden Gardens,2,4.3,Royal Challengers Bangalore,Kolkata Knight Riders,CH Gayle,V Kohli,M Morkel,1,0,,,,,,,,,
829713,2015,2015-04-11,Eden Gardens,2,4.4,Royal Challengers Bangalore,Kolkata Knight Riders,V Kohli,CH Gayle,M Morkel,0,0,,,,,,,,,
829713,2015,2015-04-11,Eden Gardens,2,4.5,Royal Challengers Bangalore,Kolkata Knight Riders,V Kohli,CH Gayle,M Morkel,0,0,,,,,,caught,V Kohli,,
829713,2015,2015-04-11,Eden Gardens,2,4.6,Royal Challengers Bangalore,Kolkata Knight Riders,KD Karthik,CH Gayle,M Morkel,0,0,,,,,,,,,
829713,2015,2015-04-11,Eden Gardens,2,5.1,Royal Challengers Bangalore,Kolkata Knight Riders,CH Gayle,KD Karthik,KC Cariappa,0,0,,,,,,,,,
829713,2015,2015-04-11,Eden Gardens,2,5.2,Royal Challengers Bangalore,Kolkata Knight Riders,CH Gayle,KD Karthik,KC Cariappa,6,0,,,,,,,,,
829713,2015,2015-04-11,Eden Gardens,2,5.3,Royal Challengers Bangalore,Kolkata Knight Riders,CH Gayle,KD Karthik,KC Cariappa,0,0,,,,,,,,,
829713,2015,2015-04-11,Eden Gardens,2,5.4,Royal Challengers Bangalore,Kolkata Knight Riders,CH Gayle,KD Karthik,KC Cariappa,4,0,,,,,,,,,
829713,2015,2015-04-11,Eden Gardens,2,5.5,Royal Challengers Bangalore,Kolkata Knight Riders,CH Gayle,KD Karthik,KC Cariappa,1,0,,,,,,,,,
829713,2015,2015-04-11,Eden Gardens,2,5.6,Royal Challengers Bangalore,Kolkata Knight Riders,KD Karthik,CH Gayle,KC Cariappa,1,0,,,,,,,,,
829713,2015,2015-04-11,Eden Gardens,2,6.1,Royal Challengers Bangalore,Kolkata Knight Riders,KD Karthik,CH Gayle,AD Russell,0,0,,,,,,,,,
829713,2015,2015-04-11,Eden Gardens,2,6.2,Royal Challengers Bangalore,Kolkata Knight Riders,KD Karthik,CH Gayle,AD Russell,0,0,,,,,,,,,
829713,2015,2015-04-11,Eden Gardens,2,6.3,Royal Challengers Bangalore,Kolkata Knight Riders,KD Karthik,CH Gayle,AD Russell,4,0,,,,,,,,,
829713,2015,2015-04-11,Eden Gardens,2,6.4,Royal Challengers Bangalore,Kolkata Knight Riders,KD Karthik,CH Gayle,AD Russell,0,0,,,,,,,,,
829713,2015,2015-04-11,Eden Gardens,2,6.5,Royal Challengers Bangalore,Kolkata Knight Riders,KD Karthik,CH Gayle,AD Russell,1,0,,,,,,,,,
829713,2015,2015-04-11,Eden Gardens,2,6.6,Royal Challengers Bangalore,Kolkata Knight Riders,CH Gayle,KD Karthik,AD Russell,1,0,,,,,,,,,
829713,2015,2015-04-11,Eden Gardens,2,7.1,Royal Challengers Bangalore,Kolkata Knight Riders,CH Gayle,KD Karthik,YK Pathan,0,2,,,,2,,,,,
829713,2015,2015-04-11,Eden Gardens,2,7.2,Royal Challengers Bangalore,Kolkata Knight Riders,CH Gayle,KD Karthik,YK Pathan,1,0,,,,,,,,,
829713,2015,2015-04-11,Eden Gardens,2,7.3,Royal Challengers Bangalore,Kolkata Knight Riders,KD Karthik,CH Gayle,YK Pathan,0,0,,,,,,bowled,KD Karthik,,
829713,2015,2015-04-11,Eden Gardens,2,7.4,Royal Challengers Bangalore,Kolkata Knight Riders,Mandeep Singh,CH Gayle,YK Pathan,0,0,,,,,,,,,
829713,2015,2015-04-11,Eden Gardens,2,7.5,Royal Challengers Bangalore,Kolkata Knight Riders,Mandeep Singh,CH Gayle,YK Pathan,6,0,,,,,,,,,
829713,2015,2015-04-11,Eden Gardens,2,7.6,Royal Challengers Bangalore,Kolkata Knight Riders,Mandeep Singh,CH Gayle,YK Pathan,0,0,,,,,,bowled,Mandeep Singh,,
829713,2015,2015-04-11,Eden Gardens,2,8.1,Royal Challengers Bangalore,Kolkata Knight Riders,CH Gayle,AB de Villiers,AD Russell,4,0,,,,,,,,,
829713,2015,2015-04-11,Eden Gardens,2,8.2,Royal Challengers Bangalore,Kolkata Knight Riders,CH Gayle,AB de Villiers,AD Russell,1,0,,,,,,,,,
829713,2015,2015-04-11,Eden Gardens,2,8.3,Royal Challengers Bangalore,Kolkata Knight Riders,AB de Villiers,CH Gayle,AD Russell,0,0,,,,,,,,,
829713,2015,2015-04-11,Eden Gardens,2,8.4,Royal Challengers Bangalore,Kolkata Knight Riders,AB de Villiers,CH Gayle,AD Russell,4,0,,,,,,,,,
829713,2015,2015-04-11,Eden Gardens,2,8.5,Royal Challengers Bangalore,Kolkata Knight Riders,AB de Villiers,CH Gayle,AD Russell,0,0,,,,,,,,,
829713,2015,2015-04-11,Eden Gardens,2,8.6,Royal Challengers Bangalore,Kolkata Knight Riders,AB de Villiers,CH Gayle,AD Russell,1,0,,,,,,,,,
829713,2015,2015-04-11,Eden Gardens,2,9.1,Royal Challengers Bangalore,Kolkata Knight Riders,AB de Villiers,CH Gayle,YK Pathan,1,0,,,,,,,,,
829713,2015,2015-04-11,Eden Gardens,2,9.2,Royal Challengers Bangalore,Kolkata Knight Riders,CH Gayle,AB de Villiers,YK Pathan,1,0,,,,,,,,,
829713,2015,2015-04-11,Eden Gardens,2,9.3,Royal Challengers Bangalore,Kolkata Knight Riders,AB de Villiers,CH Gayle,YK Pathan,0,1,,,,1,,,,,
829713,2015,2015-04-11,Eden Gardens,2,9.4,Royal Challengers Bangalore,Kolkata Knight Riders,CH Gayle,AB de Villiers,YK Pathan,1,0,,,,,,,,,
829713,2015,2015-04-11,Eden Gardens,2,9.5,Royal Challengers Bangalore,Kolkata Knight Riders,AB de Villiers,CH Gayle,YK Pathan,6,0,,,,,,,,,
829713,2015,2015-04-11,Eden Gardens,2,9.6,Royal Challengers Bangalore,Kolkata Knight Riders,AB de Villiers,CH Gayle,YK Pathan,1,0,,,,,,,,,
829713,2015,2015-04-11,Eden Gardens,2,10.1,Royal Challengers Bangalore,Kolkata Knight Riders,AB de Villiers,CH Gayle,KC Cariappa,4,0,,,,,,,,,
829713,2015,2015-04-11,Eden Gardens,2,10.2,Royal Challengers Bangalore,Kolkata Knight Riders,AB de Villiers,CH Gayle,KC Cariappa,1,0,,,,,,,,,
829713,2015,2015-04-11,Eden Gardens,2,10.3,Royal Challengers Bangalore,Kolkata Knight Riders,CH Gayle,AB de Villiers,KC Cariappa,1,0,,,,,,,,,
829713,2015,2015-04-11,Eden Gardens,2,10.4,Royal Challengers Bangalore,Kolkata Knight Riders,AB de Villiers,CH Gayle,KC Cariappa,4,0,,,,,,,,,
829713,2015,2015-04-11,Eden Gardens,2,10.5,Royal Challengers Bangalore,Kolkata Knight Riders,AB de Villiers,CH Gayle,KC Cariappa,6,0,,,,,,,,,
829713,2015,2015-04-11,Eden Gardens,2,10.6,Royal Challengers Bangalore,Kolkata Knight Riders,AB de Villiers,CH Gayle,KC Cariappa,0,0,,,,,,stumped,AB de Villiers,,
829713,2015,2015-04-11,Eden Gardens,2,11.1,Royal Challengers Bangalore,Kolkata Knight Riders,CH Gayle,DJG Sammy,YK Pathan,1,0,,,,,,,,,
829713,2015,2015-04-11,Eden Gardens,2,11.2,Royal Challengers Bangalore,Kolkata Knight Riders,DJG Sammy,CH Gayle,YK Pathan,1,0,,,,,,,,,
829713,2015,2015-04-11,Eden Gardens,2,11.3,Royal Challengers Bangalore,Kolkata Knight Riders,CH Gayle,DJG Sammy,YK Pathan,1,0,,,,,,,,,
829713,2015,2015-04-11,Eden Gardens,2,11.4,Royal Challengers Bangalore,Kolkata Knight Riders,DJG Sammy,CH Gayle,YK Pathan,1,0,,,,,,,,,
829713,2015,2015-04-11,Eden Gardens,2,11.5,Royal Challengers Bangalore,Kolkata Knight Riders,CH Gayle,DJG Sammy,YK Pathan,0,0,,,,,,,,,
829713,2015,2015-04-11,Eden Gardens,2,11.6,Royal Challengers Bangalore,Kolkata Knight Riders,CH Gayle,DJG Sammy,YK Pathan,6,0,,,,,,,,,
829713,2015,2015-04-11,Eden Gardens,2,12.1,Royal Challengers Bangalore,Kolkata Knight Riders,DJG Sammy,CH Gayle,PP Chawla,1,0,,,,,,,,,
829713,2015,2015-04-11,Eden Gardens,2,12.2,Royal Challengers Bangalore,Kolkata Knight Riders,CH Gayle,DJG Sammy,PP Chawla,0,0,,,,,,,,,
829713,2015,2015-04-11,Eden Gardens,2,12.3,Royal Challengers Bangalore,Kolkata Knight Riders,CH Gayle,DJG Sammy,PP Chawla,6,0,,,,,,,,,
829713,2015,2015-04-11,Eden Gardens,2,12.4,Royal Challengers Bangalore,Kolkata Knight Riders,CH Gayle,DJG Sammy,PP Chawla,1,0,,,,,,,,,
829713,2015,2015-04-11,Eden Gardens,2,12.5,Royal Challengers Bangalore,Kolkata Knight Riders,DJG Sammy,CH Gayle,PP Chawla,1,0,,,,,,,,,
829713,2015,2015-04-11,Eden Gardens,2,12.6,Royal Challengers Bangalore,Kolkata Knight Riders,CH Gayle,DJG Sammy,PP Chawla,1,0,,,,,,,,,
829713,2015,2015-04-11,Eden Gardens,2,13.1,Royal Challengers Bangalore,Kolkata Knight Riders,CH Gayle,DJG Sammy,SP Narine,0,0,,,,,,,,,
829713,2015,2015-04-11,Eden Gardens,2,13.2,Royal Challengers Bangalore,Kolkata Knight Riders,CH Gayle,DJG Sammy,SP Narine,1,0,,,,,,,,,
829713,2015,2015-04-11,Eden Gardens,2,13.3,Royal Challengers Bangalore,Kolkata Knight Riders,DJG Sammy,CH Gayle,SP Narine,1,0,,,,,,,,,
829713,2015,2015-04-11,Eden Gardens,2,13.4,Royal Challengers Bangalore,Kolkata Knight Riders,CH Gayle,DJG Sammy,SP Narine,0,0,,,,,,,,,
829713,2015,2015-04-11,Eden Gardens,2,13.5,Royal Challengers Bangalore,Kolkata Knight Riders,CH Gayle,DJG Sammy,SP Narine,1,0,,,,,,,,,
829713,2015,2015-04-11,Eden Gardens,2,13.6,Royal Challengers Bangalore,Kolkata Knight Riders,DJG Sammy,CH Gayle,SP Narine,1,0,,,,,,,,,
829713,2015,2015-04-11,Eden Gardens,2,14.1,Royal Challengers Bangalore,Kolkata Knight Riders,DJG Sammy,CH Gayle,Shakib Al Hasan,0,0,,,,,,,,,
829713,2015,2015-04-11,Eden Gardens,2,14.2,Royal Challengers Bangalore,Kolkata Knight Riders,DJG Sammy,CH Gayle,Shakib Al Hasan,1,0,,,,,,,,,
829713,2015,2015-04-11,Eden Gardens,2,14.3,Royal Challengers Bangalore,Kolkata Knight Riders,CH Gayle,DJG Sammy,Shakib Al Hasan,1,0,,,,,,,,,
829713,2015,2015-04-11,Eden Gardens,2,14.4,Royal Challengers Bangalore,Kolkata Knight Riders,DJG Sammy,CH Gayle,Shakib Al Hasan,0,0,,,,,,stumped,DJG Sammy,,
829713,2015,2015-04-11,Eden Gardens,2,14.5,Royal Challengers Bangalore,Kolkata Knight Riders,SA Abbott,CH Gayle,Shakib Al Hasan,0,0,,,,,,,,,
829713,2015,2015-04-11,Eden Gardens,2,14.6,Royal Challengers Bangalore,Kolkata Knight Riders,SA Abbott,CH Gayle,Shakib Al Hasan,0,0,,,,,,,,,
829713,2015,2015-04-11,Eden Gardens,2,15.1,Royal Challengers Bangalore,Kolkata Knight Riders,CH Gayle,SA Abbott,YK Pathan,4,0,,,,,,,,,
829713,2015,2015-04-11,Eden Gardens,2,15.2,Royal Challengers Bangalore,Kolkata Knight Riders,CH Gayle,SA Abbott,YK Pathan,6,0,,,,,,,,,
829713,2015,2015-04-11,Eden Gardens,2,15.3,Royal Challengers Bangalore,Kolkata Knight Riders,CH Gayle,SA Abbott,YK Pathan,1,0,,,,,,,,,
829713,2015,2015-04-11,Eden Gardens,2,15.4,Royal Challengers Bangalore,Kolkata Knight Riders,SA Abbott,CH Gayle,YK Pathan,0,0,,,,,,,,,
829713,2015,2015-04-11,Eden Gardens,2,15.5,Royal Challengers Bangalore,Kolkata Knight Riders,SA Abbott,CH Gayle,YK Pathan,1,0,,,,,,,,,
829713,2015,2015-04-11,Eden Gardens,2,15.6,Royal Challengers Bangalore,Kolkata Knight Riders,CH Gayle,SA Abbott,YK Pathan,1,0,,,,,,,,,
829713,2015,2015-04-11,Eden Gardens,2,16.1,Royal Challengers Bangalore,Kolkata Knight Riders,CH Gayle,SA Abbott,Shakib Al Hasan,1,0,,,,,,run out,SA Abbott,,
829713,2015,2015-04-11,Eden Gardens,2,16.2,Royal Challengers Bangalore,Kolkata Knight Riders,CH Gayle,HV Patel,Shakib Al Hasan,0,1,1,,,,,,,,
829713,2015,2015-04-11,Eden Gardens,2,16.3,Royal Challengers Bangalore,Kolkata Knight Riders,CH Gayle,HV Patel,Shakib Al Hasan,0,0,,,,,,,,,
829713,2015,2015-04-11,Eden Gardens,2,16.4,Royal Challengers Bangalore,Kolkata Knight Riders,CH Gayle,HV Patel,Shakib Al Hasan,0,0,,,,,,,,,
829713,2015,2015-04-11,Eden Gardens,2,16.5,Royal Challengers Bangalore,Kolkata Knight Riders,CH Gayle,HV Patel,Shakib Al Hasan,6,0,,,,,,,,,
829713,2015,2015-04-11,Eden Gardens,2,16.6,Royal Challengers Bangalore,Kolkata Knight Riders,CH Gayle,HV Patel,Shakib Al Hasan,6,0,,,,,,,,,
829713,2015,2015-04-11,Eden Gardens,2,16.7,Royal Challengers Bangalore,Kolkata Knight Riders,CH Gayle,HV Patel,Shakib Al Hasan,1,0,,,,,,,,,
829713,2015,2015-04-11,Eden Gardens,2,17.1,Royal Challengers Bangalore,Kolkata Knight Riders,CH Gayle,HV Patel,SP Narine,4,0,,,,,,,,,
829713,2015,2015-04-11,Eden Gardens,2,17.2,Royal Challengers Bangalore,Kolkata Knight Riders,CH Gayle,HV Patel,SP Narine,4,0,,,,,,,,,
829713,2015,2015-04-11,Eden Gardens,2,17.3,Royal Challengers Bangalore,Kolkata Knight Riders,CH Gayle,HV Patel,SP Narine,2,0,,,,,,,,,
829713,2015,2015-04-11,Eden Gardens,2,17.4,Royal Challengers Bangalore,Kolkata Knight Riders,CH Gayle,HV Patel,SP Narine,1,0,,,,,,,,,
829713,2015,2015-04-11,Eden Gardens,2,17.5,Royal Challengers Bangalore,Kolkata Knight Riders,HV Patel,CH Gayle,SP Narine,0,0,,,,,,,,,
829713,2015,2015-04-11,Eden Gardens,2,17.6,Royal Challengers Bangalore,Kolkata Knight Riders,HV Patel,CH Gayle,SP Narine,6,0,,,,,,,,,
829713,2015,2015-04-11,Eden Gardens,2,18.1,Royal Challengers Bangalore,Kolkata Knight Riders,CH Gayle,HV Patel,M Morkel,6,0,,,,,,,,,
829713,2015,2015-04-11,Eden Gardens,2,18.2,Royal Challengers Bangalore,Kolkata Knight Riders,CH Gayle,HV Patel,M Morkel,1,0,,,,,,run out,CH Gayle,,
829713,2015,2015-04-11,Eden Gardens,2,18.3,Royal Challengers Bangalore,Kolkata Knight Riders,AN Ahmed,HV Patel,M Morkel,1,0,,,,,,,,,
829713,2015,2015-04-11,Eden Gardens,2,18.4,Royal Challengers Bangalore,Kolkata Knight Riders,HV Patel,AN Ahmed,M Morkel,2,0,,,,,,,,,
829713,2015,2015-04-11,Eden Gardens,2,18.5,Royal Challengers Bangalore,Kolkata Knight Riders,HV Patel,AN Ahmed,M Morkel,1,0,,,,,,,,,
829713,2015,2015-04-11,Eden Gardens,2,18.6,Royal Challengers Bangalore,Kolkata Knight Riders,AN Ahmed,HV Patel,M Morkel,4,0,,,,,,,,,
